pl_name,pl_rade,pl_eqt,pl_orbper,st_spectype
"GJ 1214 b",2.67800000,555.00,1.58039250000,
"HD 21749 c",1.00084000,966.00,7.78977260000,
"HR 8799 b",6.72540000,1200.00,,
"HR 8799 c",11.20900000,1200.00,,
"HR 8799 e",10.08810000,1300.00,,
"WASP-133 b",14.18483905,1717.16,2.17648746975,
"TOI-4010 b",3.02000000,1441.00,1.34833500000,"K V"
"TOI-2384 b",11.48920522,889.70,2.13570304000,
"K2-321 b",1.95000000,701.00,2.29800000000,
"HD 3167 b",1.55700000,1860.00,0.95962800000,
"HD 3167 c",2.85000000,500.00,29.84540000000,
"HAT-P-28 b",13.58500000,1384.00,3.25721500000,"G3"
"HD 3167 c",2.86000000,531.00,29.83832000000,
"TOI-1710 b",5.15000000,730.00,24.28338200000,"G5 V"
"TOI-2427 b",1.99844000,783.00,1.30613000000,
"KELT-23 A b",14.68800000,1348.00,2.25528450000,
"Qatar-9 b",13.36740000,1061.00,1.54077600000,
"TOI-3894 b",15.22179579,1519.00,4.33454010000,
"HR 8799 e",13.11453000,1150.00,,"A5"
"NGTS-10 b",13.50684500,1332.00,0.76689440000,"K5 V"
"HD 3167 b",1.57400000,1759.00,0.95963200000,
"HD 3167 c",2.74000000,548.00,29.84622000000,
"COCONUTS-2 b",12.44196858,434.00,402000000.00000000000,"M3 V"
"HD 3167 b",1.62700000,1777.00,0.95965428000,
"HD 3167 c",2.92300000,565.00,29.84649480000,
"HD 3167 b",1.67000000,1774.00,0.95964100000,
"Kepler-549 d",3.65000000,565.00,24.61482073000,
"Kepler-395 b",0.78000000,450.00,7.05427318000,
"Kepler-1515 b",9.33000000,390.00,214.31141640000,
"Kepler-703 b",5.40000000,1027.00,4.58351840000,
"Kepler-1471 b",1.32000000,1153.00,3.63899398000,
"Kepler-1644 b",1.80000000,607.00,21.09077580000,
"Kepler-325 d",2.62000000,498.00,38.71496170000,
"KOI-1257 b",10.54000000,511.00,86.64766100000,"G5 V"
"Kepler-82 e",2.30000000,958.00,5.90220900000,
"Kepler-1369 b",2.90000000,660.00,25.87333000000,
"Kepler-697 b",3.96000000,1056.00,3.70987064500,
"Kepler-1466 b",1.38000000,585.00,31.17504480000,
"Kepler-1889 b",2.59000000,494.00,37.30376190000,
"KOI-1257 b",7.62000000,366.00,86.64763676000,
"Kepler-1668 b",4.30000000,721.00,15.43400996000,
"Kepler-1772 b",2.69000000,1779.00,3.21510633700,
"Kepler-202 b",1.53000000,802.00,4.06942563800,
"Kepler-908 b",1.07000000,1692.00,1.34059746800,
"Kepler-60 d",1.76000000,1013.00,11.89849320000,
"Kepler-188 b",1.84000000,1571.00,2.06187000000,
"Kepler-1077 b",2.64000000,576.00,34.35118740000,
"Kepler-1005 b",1.52000000,1027.00,6.49801525000,
"Kepler-1890 b",0.84000000,1350.00,4.82052932000,
"Kepler-1892 b",1.48000000,821.00,6.33127840000,
"Kepler-1586 b",1.95000000,1109.00,15.60492120000,
"Kepler-183 b",2.19000000,1004.00,5.68798310000,
"Kepler-132 b",1.22000000,1033.00,6.17816500000,
"Kepler-1722 b",2.20000000,755.00,9.17847500000,
"Kepler-280 c",1.84000000,1004.00,4.80709958800,
"Kepler-301 c",1.38000000,989.00,5.41908491000,
"Kepler-107 e",3.07000000,875.00,14.74913518000,
"Kepler-1509 b",1.91000000,653.00,25.43381970000,
"Kepler-568 b",2.11000000,418.00,11.02347475000,
"TOI-1248 b",6.80848590,952.09,4.36015610000,
"HD 260655 c",1.89602000,593.00,5.70608680000,
"TOI-4773 b",15.22179579,2255.00,1.74528510000,
"Kepler-1272 b",2.41000000,542.00,51.13097040000,
"Kepler-675 b",2.38000000,1054.00,2.33743801000,
"K2-240 b",2.00000000,586.00,6.03400000000,"M0.5 V"
"Kepler-1536 b",2.98000000,166.00,364.75803100000,
"Kepler-1248 b",1.04000000,1035.00,7.46718958000,
"Kepler-392 b",1.20000000,1364.00,5.34178800000,
"Kepler-132 b",1.22000000,1082.00,6.17817366000,
"Kepler-1807 b",2.14000000,1108.00,10.86060638000,
"Kepler-524 c",1.03000000,1717.00,1.88897906000,
"Kepler-1146 b",1.35000000,1027.00,2.35226579700,
"Kepler-79 b",2.73000000,850.00,13.48458665000,
"Kepler-1218 b",1.36000000,684.00,22.92212660000,
"Kepler-1630 b",2.62000000,182.00,509.99740200000,
"Kepler-1828 b",1.74000000,774.00,10.27377201000,
"Kepler-1347 b",0.99000000,617.00,14.00947528000,
"Kepler-1748 b",3.30000000,923.00,5.82344500000,
"Kepler-745 b",1.92000000,824.00,9.93143556000,
"Kepler-149 c",1.66000000,429.00,55.32858130000,
"Kepler-60 d",1.76000000,1013.00,11.89849320000,
"Kepler-248 c",4.14000000,598.00,16.23947096000,
"Kepler-1438 b",0.88000000,1230.00,2.31942600000,
"Kepler-105 c",1.91000000,1182.00,7.12596700000,
"Kepler-716 c",1.78000000,992.00,3.96996298000,
"Kepler-259 c",2.71000000,530.00,36.92495310000,
"Kepler-415 b",1.61000000,758.00,4.17634525000,
"Kepler-1470 b",1.15000000,574.00,16.29512590000,
"Kepler-109 c",2.65000000,859.00,21.22265000000,
"Kepler-1825 b",1.35000000,1468.00,1.02585770300,
"Kepler-431 c",0.72000000,945.00,8.70312154000,
"Kepler-534 c",1.06000000,932.00,7.37862283000,
"Kepler-147 b",1.33000000,953.00,12.61196850000,
"Kepler-562 b",5.12000000,658.00,18.00931443600,
"Kepler-351 b",2.74000000,497.00,37.05485690000,
"Kepler-1728 b",2.50000000,886.00,4.78300269800,
"Kepler-877 b",2.30000000,615.00,18.45847097000,
"EPIC 220674823 b",1.87000000,2115.00,0.57128200000,
"Kepler-58 b",3.10000000,920.00,10.21866016000,
"Kepler-1491 b",1.39000000,695.00,16.58617620000,
"Kepler-400 b",1.76000000,965.00,9.02439100000,
"Kepler-271 d",0.71000000,978.00,5.24972541000,
"Kepler-1335 b",1.61000000,809.00,6.26406846000,
"TOI-5688 A b",9.41494000,639.00,2.94796890000,
"TOI-4734 b",10.91754720,1468.00,6.23563300000,
"Kepler-460 c",6.10000000,389.00,220.13033570000,
"Kepler-705 b",2.76000000,265.00,56.05623000000,
"TOI-2095 c",1.44752461,300.66,28.17225006579,
"TOI-1386 b",6.21638650,615.03,25.84010000000,
"Kepler-257 c",4.56000000,881.00,6.58147713600,
"Kepler-1569 b",1.25000000,1124.00,5.79180156000,
"Kepler-787 b",1.47000000,1405.00,0.92831049800,
"Kepler-1136 b",1.37000000,883.00,2.36171800000,
"Kepler-1030 b",2.52000000,534.00,19.32952416000,
"Kepler-1609 b",2.05000000,428.00,114.34219000000,
"Kepler-1254 b",1.54000000,679.00,9.99113313000,
"Kepler-1771 b",2.51000000,391.00,88.64400150000,
"Kepler-1820 b",2.70000000,561.00,31.03269900000,
"Kepler-1397 b",1.61000000,551.00,47.44971340000,
"Kepler-161 b",2.14000000,868.00,4.92136390000,
"Kepler-1389 b",1.77000000,318.00,99.25309510000,
"Kepler-1563 b",0.75000000,1134.00,3.43273710000,
"Kepler-377 b",1.16000000,835.00,12.50948000000,
"HATS-71 b",10.32616195,525.94,3.79551778381,
"Kepler-487 c",2.62000000,504.00,38.65199760000,
"Kepler-1032 b",1.49000000,802.00,3.29011407600,
"Kepler-323 c",1.93000000,1493.00,3.55382967100,
"Kepler-1352 b",0.84000000,1757.00,1.87787200000,
"Kepler-515 b",1.75000000,671.00,19.96371318000,
"Kepler-1178 b",0.73000000,378.00,31.80634000000,
"Kepler-325 c",3.33000000,783.00,12.76224947000,
"Kepler-1202 b",2.40000000,546.00,28.68513240000,
"Kepler-84 e",2.30000000,636.00,27.43458830000,
"Kepler-1407 b",2.16000000,736.00,20.07115040000,
"Kepler-1489 b",1.67000000,408.00,82.29475100000,
"Kepler-265 b",1.67000000,1022.00,6.84619236000,
"Kepler-370 c",1.91000000,649.00,19.02315200000,
"Kepler-343 b",1.79000000,946.00,8.96848108000,
"Kepler-281 c",4.90000000,499.00,36.33767000000,
"Kepler-393 b",1.51000000,1228.00,9.18247194000,
"Kepler-394 d",1.50000000,1197.00,5.61357629000,
"Kepler-237 b",1.50000000,824.00,4.71510365000,
"Kepler-1608 b",1.63000000,612.00,16.47347400000,
"HIP 41378 b",2.59500000,959.00,15.57208000000,
"Kepler-204 c",1.78000000,683.00,25.66138160000,
"Kepler-1164 b",1.22000000,982.00,3.97599768000,
"Kepler-666 b",2.21000000,1133.00,4.49876092000,
"KOI-351 g",6.86000000,341.00,210.60311050000,
"Kepler-79 e",3.00000000,477.00,81.06320000000,
"Kepler-173 b",1.28000000,1179.00,4.26374378000,
"CoRoT-5 b",18.38267405,1350.57,4.03790124331,
"Kepler-117 b",6.04000000,808.00,18.79590048000,
"Kepler-256 b",1.37000000,1545.00,1.62046783600,
"Kepler-1882 b",1.55000000,894.00,13.78726270000,
"Kepler-1256 b",1.50000000,933.00,12.41285180000,
"Kepler-438 b",0.97000000,288.00,35.23306940000,
"Kepler-330 c",2.21000000,570.00,15.95545002000,
"Kepler-668 b",2.52000000,790.00,8.35389523000,
"Kepler-903 c",2.75000000,462.00,62.92249360000,
"Kepler-143 c",2.36000000,644.00,27.08247084000,
"Kepler-212 c",2.06000000,615.00,31.80474045000,
"Kepler-989 b",2.56000000,805.00,7.96431535200,
"Kepler-296 e",1.08000000,244.00,34.14189000000,
"Kepler-378 c",1.80000000,668.00,28.90596870000,
"Kepler-871 b",3.14000000,640.00,22.04590180000,
"Kepler-1424 b",1.10000000,571.00,29.60913000000,
"Kepler-107 b",1.55000000,1460.00,3.18002463500,
"Kepler-148 c",3.55000000,962.00,4.18004955200,
"Kepler-988 b",1.93000000,368.00,17.76076524000,
"CoRoT-23 b",11.77000000,1660.00,3.63130000000,"G0 V"
"Kepler-1540 b",2.30000000,238.00,125.41311770000,
"Kepler-191 c",2.11000000,578.00,17.73852054000,
"Kepler-474 b",3.80000000,1190.00,5.66067293500,
"Kepler-226 d",1.30000000,800.00,8.10904807000,
"Kepler-947 b",2.40000000,573.00,26.96443170000,
"Kepler-1035 b",1.00000000,1228.00,2.71407755500,
"Kepler-1091 b",1.09000000,1426.00,1.43474156400,
"K2-104 b",1.79000000,798.00,1.97419540000,
"Kepler-387 c",1.00000000,826.00,11.83769330000,
"Kepler-215 d",2.45000000,600.00,30.86437869000,
"Kepler-1556 b",2.06000000,900.00,8.82713457000,
"Kepler-1192 b",2.57000000,600.00,25.20347870000,
"Kepler-795 b",1.76000000,579.00,29.61934210000,
"Kepler-74 b",14.80000000,1250.00,7.34071800000,"F8 V"
"Kepler-1461 b",1.96000000,452.00,29.34947750000,
"Kepler-1641 b",3.92000000,908.00,19.67226600000,
"Kepler-1502 b",2.11000000,613.00,41.70836290000,
"Kepler-202 c",1.88000000,505.00,16.28247625000,
"Kepler-391 b",2.50000000,930.00,7.41750000000,"K2 III-IV"
"Kepler-1001 c",1.90000000,802.00,9.18186000000,
"Kepler-205 c",1.58000000,389.00,20.30652862000,
"Kepler-248 c",4.22000000,591.00,16.23946714000,
"Kepler-1924 b",1.20000000,716.00,15.33170180000,
"Kepler-270 c",1.59000000,760.00,25.26290000000,
"Kepler-1154 b",1.67000000,1118.00,5.18561420000,
"Kepler-913 b",2.62000000,707.00,10.29672521000,
"Kepler-1154 c",1.67000000,950.00,8.45808312000,
"Kepler-122 b",1.92000000,1048.00,5.76614800000,
"Kepler-1294 b",3.02000000,375.00,115.68622580000,
"Kepler-1137 b",2.90000000,990.00,23.92113000000,
"Kepler-153 b",2.87000000,621.00,18.87021566000,
"Kepler-222 d",3.75000000,522.00,28.08194365000,
"Kepler-443 b",2.32000000,233.00,177.66866300000,
"Kepler-361 c",2.55000000,568.00,55.18815000000,
"Kepler-188 b",1.63000000,1463.00,2.06190864000,
"Kepler-1437 b",1.32000000,773.00,10.92954610000,
"Kepler-379 c",2.22000000,517.00,62.78470000000,
"Kepler-342 e",1.18000000,1897.00,1.64422103200,
"Kepler-618 b",2.31000000,1244.00,3.59573600000,
"Kepler-832 b",2.25000000,935.00,7.13968000000,
"Kepler-730 b",10.30000000,1073.00,6.49168425900,
"Kepler-355 c",2.82000000,634.00,25.76313000000,
"Kepler-1179 b",1.34000000,1137.00,2.68505749200,
"Kepler-363 c",2.35000000,1295.00,7.54233911000,
"Kepler-256 c",2.11000000,1315.00,3.38801224400,
"Kepler-1736 b",2.44000000,566.00,37.81011740000,
"Kepler-822 b",1.52000000,1240.00,3.22296927300,
"Kepler-1093 c",2.08000000,508.00,89.72229200000,
"Kepler-1387 b",0.87000000,1123.00,2.27952336400,
"Kepler-1155 b",2.60000000,615.00,33.47025000000,
"Kepler-624 b",2.45000000,852.00,14.58649856000,
"Kepler-838 b",2.77000000,777.00,15.74958583000,
"Kepler-227 b",2.50000000,867.00,9.48810200000,
"Kepler-147 b",1.29000000,899.00,12.61097080000,
"Kepler-776 b",1.38000000,904.00,4.89718784000,
"Kepler-1057 b",2.75000000,724.00,14.08827448000,
"Kepler-297 c",7.54000000,466.00,74.92771752000,
"Kepler-342 b",2.06000000,849.00,15.17018900000,
"Kepler-1724 b",2.45000000,999.00,6.45443377000,
"Kepler-175 c",3.22000000,583.00,34.03505590000,
"Kepler-1508 b",0.98000000,655.00,20.70565040000,
"Kepler-1338 b",0.92000000,2021.00,0.93511805700,
"Kepler-267 d",2.31000000,337.00,28.46381000000,
"Kepler-633 c",2.45000000,853.00,23.78324700000,
"Kepler-545 b",2.47000000,767.00,13.24934059000,
"Kepler-1682 b",2.54000000,694.00,14.83340944000,
"Kepler-813 b",4.23000000,817.00,19.12947603000,
"Kepler-1800 b",1.59000000,1301.00,4.56214300000,
"Kepler-1166 b",1.94000000,563.00,33.24068820000,
"Kepler-1760 b",1.83000000,473.00,38.32621800000,
"Kepler-397 c",6.01000000,295.00,135.49782560000,
"Kepler-353 c",1.80000000,472.00,8.41100305000,
"Kepler-377 c",1.58000000,626.00,27.01417830000,
"Kepler-975 b",3.97000000,1599.00,1.97034020300,
"Kepler-610 c",2.63000000,318.00,151.86392000000,
"Kepler-1213 b",1.29000000,1156.00,5.34979100000,
"Kepler-1069 b",2.02000000,693.00,23.89902960000,
"Kepler-501 b",4.59000000,1125.00,5.64067697500,
"Kepler-1793 b",2.91000000,714.00,8.77995434000,
"KOI-3503 c",1.21000000,686.00,31.82800000000,
"Kepler-1578 b",1.24000000,1699.00,1.45088690700,
"Kepler-1669 d",1.14000000,654.00,4.72934400000,
"Kepler-1352 b",0.81000000,1714.00,1.87788274800,
"KOI-1599.02",1.90000000,739.00,13.61410000000,
"Kepler-1303 b",1.25000000,891.00,7.56127224000,
"Kepler-919 b",1.93000000,869.00,11.04603384000,
"Kepler-636 b",3.58000000,518.00,16.08067200000,
"Kepler-296 c",1.38000000,446.00,5.84163661500,
"Kepler-1150 b",2.41000000,1432.00,2.78786838600,
"Kepler-1747 b",4.11000000,875.00,6.23033032300,
"Kepler-656 b",3.69000000,1570.00,1.26025909400,
"Kepler-1161 b",1.93000000,468.00,10.71252541000,
"Kepler-1301 b",1.35000000,734.00,9.08233411000,
"Kepler-585 b",2.54000000,1178.00,2.75235968900,
"Kepler-1987 e",1.58000000,608.00,8.74306000000,
"Kepler-901 b",1.21000000,645.00,3.51749439400,
"Kepler-263 c",2.18000000,386.00,47.33292990000,
"Kepler-1197 b",1.15000000,975.00,2.03231845000,
"Kepler-1312 b",1.80000000,923.00,5.44832528600,
"Kepler-1965 b",1.06000000,494.00,41.86736720000,
"Kepler-1152 b",1.07000000,879.00,1.64681900000,
"Kepler-368 c",1.42000000,376.00,72.38130100000,
"Kepler-1381 b",2.41000000,649.00,25.38426860000,
"Kepler-369 b",1.60000000,737.00,2.73278600000,
"Kepler-357 d",2.20000000,383.00,49.50081000000,
"Kepler-1229 b",1.66000000,228.00,86.82990000000,
"Kepler-463 b",4.95000000,1060.00,8.98101683300,
"Kepler-149 d",4.28000000,306.00,160.01915980000,
"Kepler-759 b",2.40000000,530.00,41.81287000000,
"Kepler-415 c",2.62000000,593.00,8.70797904000,
"Kepler-634 b",2.06000000,1309.00,5.16949729000,
"Kepler-149 c",2.66000000,567.00,55.32850000000,
"Kepler-944 b",2.42000000,459.00,43.31674270000,
"Kepler-1316 b",3.39000000,446.00,87.97242270000,
"Kepler-1747 b",3.70000000,875.00,6.23033500000,
"Kepler-1050 b",1.51000000,786.00,15.37875460000,
"Kepler-1669 c",1.81000000,897.00,1.60932168000,
"KOI-3503 c",0.80000000,589.00,31.82453040000,
"Kepler-1455 b",1.93000000,298.00,49.27668000000,
"Kepler-1448 b",1.73000000,811.00,12.27065865000,
"Kepler-186 c",1.14000000,464.00,7.26731094000,
"Kepler-80 e",1.60000000,628.00,4.64535284000,"M0 V"
"Kepler-935 b",1.55000000,879.00,4.88084456000,
"Kepler-431 c",0.92000000,1231.00,8.70337044000,
"Kepler-1356 b",1.45000000,1718.00,0.63400293700,
"Kepler-326 b",1.25000000,1127.00,2.24828821300,
"NGTS-34 b",3.65000000,624.00,43.12655000000,"F8 V"
"Kepler-213 b",1.33000000,1326.00,2.46234425300,
"Kepler-778 b",1.58000000,977.00,3.75574267000,
"Kepler-1559 b",0.70000000,1581.00,0.97191542800,
"Kepler-341 d",2.04000000,622.00,27.66663750000,
"Kepler-249 d",1.21000000,336.00,15.36843606000,
"Kepler-107 d",1.07000000,1075.00,7.95830216000,
"Kepler-31 c",4.99000000,615.00,42.63416177000,
"Kepler-681 b",3.16000000,491.00,26.39435646000,
"Kepler-357 c",2.51000000,576.00,16.85825609000,
"HATS-48 A b",9.49951912,890.56,3.13167354484,
"XO-1 b",13.51805400,1196.00,3.94153400000,
"XO-2 N b",11.01844700,1319.00,2.61585700000,
"WASP-1 b",16.97042600,1811.00,2.51996100000,
"Kepler-267 b",2.00000000,689.00,3.35370700000,
"TrES-2 b",13.71981600,1498.00,2.47063000000,
"HAT-P-2 b",11.24262700,1398.00,5.63332000000,
"GJ 436 b",4.22240000,649.00,2.64385000000,
"HAT-P-1 b",13.92157800,1306.00,4.46543000000,
"TrES-1 b",11.96000000,1140.00,3.03006500000,
"TrES-3 b",14.70620800,1623.00,1.30619000000,
"TrES-4 b",19.62695900,1785.00,3.55394500000,
"HAT-P-3 b",10.07689100,1127.00,2.89970300000,
"HAT-P-4 b",14.28000000,1686.00,3.05653600000,
"HAT-P-5 b",14.05608600,1539.00,2.78849100000,
"HAT-P-6 b",14.90797000,1675.00,3.85298500000,
"HD 149026 b",7.33068600,1634.00,2.87598000000,
"HD 189733 b",12.75600000,1201.00,2.21857300000,
"HD 209458 b",15.23300000,1449.00,3.52474600000,
"WASP-2 b",12.00500000,1304.00,2.15222600000,
"WASP-2 b",12.52000000,1300.00,2.15226000000,
"HAT-P-30 b",15.02000000,1630.00,2.81059500000,
"HAT-P-13 b",14.35900000,1653.00,2.91626000000,"G4"
"HAT-P-32 b",20.05300000,1786.00,2.15000800000,
"HAT-P-33 b",18.89800000,1782.00,3.47447400000,
"KOI-13 b",20.50000000,3257.00,1.76358920000,
"Kepler-17 b",14.68000000,1570.00,1.48571080000,
"Qatar-2 b",12.82300000,1292.00,1.33711820000,
"HAT-P-34 b",13.41700000,1520.00,5.45265400000,
"KOI-13 b",22.77000000,3320.00,1.76358770000,
"WASP-78 b",19.05500000,2350.00,2.17517632000,
"WASP-79 b",23.43000000,1900.00,3.66238660000,
"HAT-P-38 b",9.24700000,1082.00,4.64038200000,
"WASP-7 b",14.90797000,1487.00,4.95464160000,
"HAT-P-40 b",19.39200000,1770.00,4.45724300000,
"HAT-P-41 b",18.88700000,1941.00,2.69404700000,
"WASP-19 b",15.53600000,2050.00,0.78884000000,
"Kepler-1165 c",2.00000000,647.00,29.96860520000,
"Kepler-452 b",1.13000000,220.00,384.84302200000,
"Kepler-278 b",4.23000000,829.00,30.15986300000,
"Kepler-1978 b",3.17000000,676.00,10.84965239000,
"Kepler-142 c",2.78000000,1210.00,4.76170525900,
"Kepler-612 b",2.33000000,1046.00,3.72215889500,
"Kepler-1566 b",0.68000000,1727.00,0.53991523800,
"Kepler-633 c",2.45000000,853.00,23.78324700000,
"Kepler-851 b",1.69000000,895.00,8.50691000000,
"Kepler-896 b",2.60000000,304.00,144.54739600000,
"Kepler-36 b",1.45000000,977.00,13.84984567000,
"K2-35 c",2.20000000,766.00,5.60840000000,
"Kepler-215 d",2.45000000,600.00,30.86437869000,
"Kepler-1355 b",1.38000000,1428.00,1.28958860000,
"Kepler-647 b",1.15000000,770.00,16.22546490000,
"Kepler-913 b",2.62000000,707.00,10.29672521000,
"Kepler-100 d",1.50000000,674.00,35.33308660000,
"Kepler-1866 b",2.08000000,834.00,11.66016670000,
"Kepler-1859 c",1.66000000,1327.00,3.59645081000,
"Kepler-1915 b",3.15000000,809.00,13.83541420000,
"Kepler-613 b",2.30000000,710.00,15.77955000000,
"Kepler-261 c",2.10000000,509.00,24.57081569000,
"TOI-778 b",15.24530000,1450.00,4.63361550000,
"TOI-2285 b",1.77000000,358.00,13.63510900000,
"TOI-4184 b",2.43000000,412.00,4.90198040000,"M5.5+/-0.5"
"TOI-1268 b",9.31888000,860.00,8.15772100000,
"KELT-2 A b",15.03680000,2080.00,4.11378620000,
"HAT-P-38 b",10.24074428,1007.02,4.64012692204,
"KELT-20 b",21.29120000,2084.33,3.47410120000,
"WASP-16 b",11.85712400,1194.99,3.11853600000,
"WASP-15 b",14.93713100,1512.78,3.75206200000,
"WASP-131 b",17.10380871,1432.57,5.32205050955,
"WASP-46 b",13.18745031,1525.90,1.43036994965,
"WASP-62 b",15.47060000,1408.00,4.41193780000,
"WASP-95 b",13.70285267,1549.44,2.18466694872,
"WASP-100 b",16.38690000,1864.00,2.84938250000,
"WASP-94 A b",20.53570000,1570.00,3.95020080000,
"WASP-8 b",12.73930000,1059.00,8.15872610000,
"WASP-97 b",14.29540000,1708.00,2.07275980000,
"WASP-6 b",12.74000711,1036.74,3.36100125301,
"WASP-96 b",14.37529211,1233.15,3.42525631341,
"WASP-5 b",12.96216425,1602.75,1.62842883310,
"WASP-50 b",13.14068336,1307.33,1.95509315621,
"WASP-77 A b",13.09118126,1544.01,1.36002827982,
"HD 189733 b",13.30103550,1101.70,2.21857480391,
"Ross 176 b",2.22447000,731.00,5.00662200000,
"WASP-11 b",11.46948561,940.60,3.72246259498,
"WASP-28 b",14.26320000,1430.00,3.40883300000,
"WASP-32 b",12.45430000,1388.00,2.71862560000,
"WASP-75 b",13.34130000,1232.00,2.48419750000,
"XO-4 b",15.34790000,1608.00,4.12504290000,
"WASP-12 b",22.61545551,2428.54,1.09143044696,
"HAT-P-4 b",15.16330000,1715.00,3.05652590000,
"HAT-P-2 b",13.25830000,1372.00,5.63347700000,
"TrES-3 b",16.75888299,1443.29,1.30618801690,
"WASP-76 b",21.95555489,2159.43,1.80988107710,
"HAT-P-19 b",11.54442620,914.36,4.00882450354,
"TrES-1 b",12.75298917,1077.41,3.03007145827,
"TOI-1238 c",2.52485590,700.60,3.29476891974,
"TOI-1238 b",1.24072258,1140.08,0.76458065849,
"HAT-P-34 b",14.55020000,1271.00,5.45264790000,
"HAT-P-7 b",17.97810000,2634.00,2.20474520000,
"KELT-16 b",17.13312582,2332.23,0.96899271754,
"HAT-P-6 b",15.40140000,1604.00,3.85299980000,
"HAT-P-1 b",14.53310000,1118.00,4.46529860000,
"HAT-P-3 b",10.04330000,1015.00,2.89974050000,
"HAT-P-16 b",15.40180000,1761.00,2.77596780000,
"Qatar-1 b",12.52420000,1231.00,1.42002480000,
"KELT-1 b",12.94380000,2361.00,1.21749360000,
"WASP-17 b",21.23150000,1670.00,3.73548380000,
"TrES-4 b",21.20280763,1761.68,3.55392834409,
"HAT-P-18 b",10.72997950,768.05,5.50806821746,
"WASP-3 b",16.40120000,1825.00,1.84683450000,
"HAT-P-5 b",13.94326447,1377.40,2.78847226599,
"TrES-2 b",13.77034053,1363.80,2.47061141800,
"Kepler-12 b",20.35653367,1414.04,4.43797265828,
"Kepler-5 b",15.21650157,1678.30,3.54844807426,
"WASP-7 b",13.08890000,1386.00,4.95464800000,
"WASP-26 b",13.80446613,1509.04,2.75673948743,
"WASP-33 b",18.21793114,2510.79,1.21983821253,
"WASP-48 b",18.05375882,1949.02,2.14363640031,
"XO-3 b",16.40910000,1626.00,3.19152570000,
"KELT-7 b",17.80500000,1808.00,2.73476510000,
"HAT-P-33 b",19.61310000,1789.00,3.47447630000,
"TOI-1743 b",3.30511000,506.00,4.26605530000,
"KELT-3 b",16.72000000,1790.00,2.70339420000,
"WASP-13 b",16.25090000,1388.00,4.35323390000,
"HAT-P-22 b",13.03560000,1183.00,3.21223020000,
"GJ 436 b",3.81211403,594.05,2.64388561055,
"KELT-6 b",14.28660000,1442.00,7.84560750000,
"HAT-P-12 b",11.09750000,918.00,3.21305780000,
"Kepler-6 b",13.31600225,1374.57,3.23469439654,
"HAT-P-20 b",11.13310000,846.00,2.87531830000,
"WASP-104 b",12.62298499,1384.26,1.75542853530,
"WASP-65 b",13.18791073,1418.56,2.31142033564,
"XO-1 b",13.83520000,1179.00,3.94150410000,
"HD 149026 b",8.33267000,1602.00,2.87588310000,
"HAT-P-13 b",16.77836104,1701.00,2.91640044952,
"TOI-5422 b",10.56541961,1277.23,5.37679969837,
"WASP-14 b",14.28920000,1690.00,2.24384710000,
"WASP-37 b",13.50735058,1232.50,3.57718908979,
"WASP-39 b",15.85336760,1075.56,4.05528321079,
"WASP-24 b",15.49920000,1540.00,2.34099090000,
"WASP-18 b",15.34200000,2251.00,0.94145250000,
"WASP-29 b",7.23153000,1091.00,3.92271220000,
"WASP-72 b",18.25080000,1864.00,2.21674000000,
"WASP-140 b",13.43674430,1200.78,2.23598645524,
"WASP-35 b",14.86195464,1338.29,3.16156970081,
"WASP-101 b",15.85259012,1465.19,3.58570760707,
"WASP-64 b",14.72475239,1603.81,1.57328484098,
"KELT-9 b",20.34024214,3446.02,1.48109028542,
"HAT-P-41 b",18.25137548,1800.75,2.69403477519,
"Kepler-17 b",14.85854478,1595.35,1.48571479660,
"CoRoT-2 b",16.92270968,1409.55,1.74301433466,
"WASP-2 b",11.99944272,1189.67,2.15216301909,
"HAT-P-23 b",14.10495771,1854.66,1.21291385425,
"TOI-5799 b",1.98813928,487.30,4.16454481954,
"WASP-80 b",11.79968678,744.08,3.06781598971,
"K2-121 b",7.50399000,935.00,5.18576800000,
"Kepler-76 b",13.43000000,1997.00,1.54492889200,
"WASP-74 b",15.73743600,1926.00,2.13774450000,
"HD 202772 A b",17.31790500,2132.00,3.30895800000,
"TrES-2 b",13.77586100,1466.00,2.47061437000,
"CoRoT-2 b",15.84952600,1535.00,1.74299750000,
"HAT-P-12 b",10.63734100,975.00,3.21305790000,
"WASP-12 b",20.38917100,2601.00,1.09141990000,
"WASP-52 b",13.70860700,1309.00,1.74978280000,
"HAT-P-32 b",22.19382000,1835.70,2.15000820000,
"WASP-121 b",20.17620000,2720.00,1.27492550000,
"WASP-12 b",21.71183300,2592.60,1.09142000000,
"WASP-50 b",13.06969400,1394.84,1.95510000000,
"WASP-33 b",17.85593700,2781.70,1.21987000000,
"TOI-1798.02",1.37400198,1943.17,0.43780833646,
"TOI-1266 c",1.91122823,325.83,18.80161110998,
"WASP-46 b",13.15936600,1636.00,1.43036763000,"G6 V"
"HAT-P-18 b",10.61492300,841.00,5.50797800000,
"HAT-P-32 b",20.13136400,1779.00,2.15000850000,
"WASP-80 b",11.05207400,825.00,,
"CoRoT-1 b",16.70000000,1898.00,1.50895570000,"G0 V"
"WASP-14 b",13.89916000,1872.00,2.24376550000,
"WASP-11 b",11.09691000,992.00,3.72247967000,"K3 V"
"WASP-29 b",8.69818400,970.00,3.92271860000,
"Kepler-5 b",15.98403400,1750.00,3.54846570000,
"HAT-P-7 b",15.90557100,2200.00,2.20473540000,
"Kepler-6 b",14.61653600,1460.00,3.23469960000,
"KOI-13 b",16.94800800,2550.00,1.76358800000,
"TrES-2 b",13.97762300,1470.00,2.47061317000,
"WASP-19 b",15.63655500,2067.00,0.78883942000,
"WASP-19 b",15.42358400,2058.00,0.78883900000,
"GJ 1132 b",1.16000000,409.00,1.62893000000,"M4.5 V"
"WASP-6 b",13.67498000,1150.00,3.36000000000,
"HAT-P-12 b",10.76064000,960.00,3.21000000000,
"HAT-P-1 b",14.79588000,1320.00,4.46000000000,
"HD 189733 b",12.77826000,1200.00,2.22000000000,
"HD 209458 b",15.24424000,1450.00,3.52000000000,
"WASP-12 b",19.39157000,2510.00,1.09000000000,
"WASP-17 b",21.18501000,1740.00,3.73000000000,
"WASP-19 b",15.80469000,2050.00,0.79000000000,
"WASP-39 b",14.23543000,1120.00,4.06000000000,
"Kepler-17 b",14.68379000,1712.00,1.48571080000,
"Kepler-12 b",19.12255400,1485.00,4.43796370000,
"CoRoT-2 b",16.36514000,1521.00,1.74299350000,
"TrES-4 b",19.44761500,1805.00,3.55392680000,
"HAT-P-3 b",10.61492300,1189.00,2.89973600000,
"HAT-P-6 b",15.63655500,1704.00,3.85300300000,
"WASP-12 b",20.45642500,2523.00,1.09142220000,
"WASP-13 b",17.12735200,1531.00,4.35301100000,
"WASP-14 b",18.30429700,2090.00,2.24376610000,
"WASP-18 b",13.03606700,2413.00,0.94145181000,
"WASP-4 b",15.28907600,1673.00,1.33823144000,
"WASP-5 b",13.17057500,1753.00,1.62842460000,
"WASP-7 b",15.40116600,1530.00,4.95464160000,
"XO-2 N b",11.02965600,1328.00,2.61586400000,
"WASP-1 b",16.73503700,1830.00,2.51994640000,
"WASP-21 b",14.15696700,1340.00,4.32250600000,
"WASP-2 b",11.91516700,1286.00,2.15222144000,
"WASP-2 b",11.69098700,1281.00,2.15222144000,
"HAT-P-7 b",22.30000000,2303.00,2.20473537000,
"Kepler-17 b",14.82000000,1621.00,1.48571127000,
"KOI-13 b",25.80000000,3560.00,1.76358756900,
"KOI-13 b",23.00000000,3370.00,1.76358770000,
"Kepler-6 b",11.07000000,1260.00,3.23469955000,
"Kepler-5 b",17.40000000,1733.00,3.54846566000,
"Kepler-12 b",17.60000000,1314.00,4.43796291000,
"HD 189733 b",12.54287100,1209.00,2.21857700000,
"WASP-2 b",12.11692900,1311.00,2.15217500000,
"HAT-P-12 b",10.30107100,955.00,3.21305992000,
"HAT-P-22 b",11.88154000,1293.00,3.21223328000,"G5 V"
"HAT-P-3 b",10.21139900,1170.00,2.89973838000,
"WASP-39 b",14.33631100,1166.00,4.05529410000,
"TrES-2 b",14.40000000,1394.00,2.47061317000,
"Kepler-6 b",13.41000000,1355.00,3.23469931200,
"Kepler-5 b",15.28000000,1640.00,3.54846540500,
"Kepler-12 b",18.22000000,1338.00,4.43796303000,
"TrES-2 b",12.85000000,1344.00,2.47061338500,
"HAT-P-7 b",16.39000000,2025.00,2.20473536500,
"Kepler-17 b",14.80000000,1561.00,1.48571095200,
"TrES-2 b",12.85000000,1344.00,2.47061338500,
"HAT-P-7 b",16.39000000,2025.00,2.20473536500,
"KOI-13 b",25.80000000,3560.00,1.76358756900,
"Kepler-12 b",18.22000000,1338.00,4.43796303000,
"Kepler-6 b",13.41000000,1355.00,3.23469931200,
"Kepler-5 b",15.28000000,1640.00,3.54846540500,
"Kepler-17 b",14.80000000,1561.00,1.48571095200,
"TrES-2 b",13.04000000,1339.00,2.47061337700,
"HAT-P-7 b",16.10000000,2048.00,2.20473541700,
"KOI-13 b",21.42000000,3559.00,1.76358753500,
"Kepler-6 b",13.06000000,1356.00,3.23469928200,
"Kepler-5 b",14.92000000,1640.00,3.54846544600,
"Kepler-12 b",18.05000000,1338.00,4.43796293400,
"Kepler-17 b",14.48000000,1562.00,1.48571099400,
"TrES-2 b",12.85000000,1344.00,2.47061338500,
"HAT-P-7 b",16.39000000,2025.00,2.20473536500,
"KOI-13 b",25.80000000,3560.00,1.76358756900,
"Kepler-6 b",13.41000000,1355.00,3.23469931200,
"Kepler-5 b",15.28000000,1640.00,3.54846540500,
"Kepler-12 b",18.22000000,1338.00,4.43796303000,
"Kepler-17 b",14.80000000,1561.00,1.48571095200,
"WASP-4 b",14.85426020,1497.55,1.33823135801,
"KELT-11 b",13.57525892,1186.43,4.73592318961,
"WASP-107 b",12.84330000,687.00,5.72226000000,
"HD 202772 A b",24.98620000,3184.00,3.30889220000,
"HAT-P-20 b",11.48922500,964.00,2.87531693800,
"WASP-43 b",11.27625400,1426.70,0.81347397800,
"WASP-78 b",23.09054000,2469.70,2.17517300000,
"K2-113 b",10.42437000,1178.00,5.81760800000,"G"
"WASP-139 b",8.96720000,910.00,5.92426200000,"K0"
"Kepler-77 b",10.43000000,1144.00,3.57878055100,
"TOI-1246 e",3.51418750,463.98,37.92548000000,
"Kepler-77 b",10.43000000,1145.00,3.57878056600,
"TOI-6894 b",9.58367850,417.90,3.37077196000,
"WASP-88 b",18.45046895,1584.47,4.95496310899,
"K2-3 b",2.07800000,501.30,10.05465350000,"M V"
"TOI-5799 b",1.62500000,518.01,4.16475300000,
"WASP-76 b",20.68056939,2231.00,1.80988158000,
"WASP-76 b",20.78145022,2228.00,1.80988198000,"F7"
"WASP-74 b",15.75320000,1337.00,2.13766820000,
"GJ 1132 b",1.19151465,583.80,1.62892911000,
"WASP-52 b",15.55890793,1265.31,1.74977464574,
"GJ 436 b",4.19104510,686.00,2.64389788000,
"HAT-P-13 b",16.66778300,1740.00,2.91623820000,
"HAT-P-16 b",13.33871000,1571.00,2.77597024400,
"KELT-14 b",17.03768000,1904.00,1.71005880000,
"WASP-48 b",18.71903000,2035.00,2.14363592000,
"WASP-77 A b",13.56289000,1674.00,1.36003060000,
"TrES-2 b",13.95520500,1472.00,2.47061320000,
"CoRoT-1 b",15.91678000,1834.00,1.50897655200,
"HAT-P-1 b",14.78467100,1322.00,4.46529680000,
"HAT-P-22 b",12.10572000,1463.00,3.21223120000,
"TrES-4 b",19.12255400,1778.00,3.55392460000,
"WASP-12 b",20.84874000,2483.00,1.09142119000,
"WASP-1 b",16.24184100,1812.00,2.51994529000,
"WASP-33 b",18.81991100,2723.00,1.21987016000,
"WASP-36 b",14.35872900,1724.00,1.53736423000,
"WASP-36 b",14.87434300,1733.00,1.53736596000,
"WASP-67 b",12.22900000,1003.00,4.61000000000,
"WASP-104 b",12.74500000,1516.00,1.75541370000,"G8"
"WASP-94 A b",19.28000000,1604.00,3.95019070000,"F8"
"WASP-69 b",9.11300000,963.00,3.86813820000,"K5"
"WASP-28 b",15.17700000,1473.00,3.40884000000,"F8"
"Qatar-2 b",14.05600000,1344.00,1.33711647000,
"Kepler-5 b",13.56289000,1692.00,3.54846900000,
"HAT-P-7 b",16.42118500,2194.00,2.20473040000,
"Kepler-6 b",13.10332100,1451.00,3.23470200000,
"TrES-2 b",13.37233700,1466.00,2.47061323000,
"CoRoT-1 b",17.38515900,1915.00,1.50896860000,
"CoRoT-2 b",16.47723000,1548.00,1.74299350000,
"TrES-3 b",14.68379000,1638.00,1.30618700000,
"HAT-P-4 b",14.98643300,1691.00,3.05651950000,
"HD 80606 b",11.24262700,405.00,111.43670000000,
"WASP-7 b",15.27786700,1502.00,4.95464160000,
"WASP-3 b",15.87194400,2020.00,1.84683730000,
"XO-4 b",14.42598300,1630.00,4.12508280000,
"TOI-421 b",1.92573459,910.74,5.19768583561,
"Kepler-670 b",12.21000000,1219.00,2.81650490400,
"TOI-2525 c",10.36709190,399.96,49.24455987657,
"TOI-451 b",1.91000000,1491.00,1.85870300000,
"TOI-813 b",6.71000000,610.00,83.89110000000,"G0 IV"
"MASCARA-1 b",21.37050000,3907.00,2.14250950000,
"WASP-69 b",12.26589028,934.92,3.86814921753,
"HAT-P-40 b",18.03115599,1648.99,4.45714437131,
"HAT-P-8 b",14.22874853,1592.50,3.07632903681,
"WASP-21 b",15.15469429,1314.24,4.32262294186,
"WASP-10 b",12.65567082,926.35,3.09274321358,
"HD 209458 b",16.37760000,1371.00,3.52475460000,
"HD 206893 b",14.01122587,1429.20,9350.00000000000,"F5 V"
"HD 206893 c",16.36511182,1181.90,2090.00000000000,"F5 V"
"WASP-1 b",17.70019319,1730.94,2.51991455670,
"MASCARA-1 b",17.90074218,2594.30,2.14877381000,
"HAT-P-32 b",20.63649443,1676.16,2.14999072037,
"HAT-P-15 b",9.57313647,762.19,10.86149106925,
"TOI-6223 b",4.94518000,708.00,3.85533420000,
"WASP-79 b",17.14974047,1716.20,3.66239200000,"F5"
"HAT-P-19 b",11.29865255,981.20,4.00878322000,
"HIP 9618 c",3.34300000,486.90,52.56349100000,
"WASP-20 b",16.38800000,1379.00,4.89962840000,"F9"
"KELT-10 b",14.53656291,1225.66,4.16612652830,
"Kepler-762 b",11.10000000,1202.00,3.77055650000,
"HATS-59 b",13.37520000,1087.00,5.41611290000,
"K2-199 b",1.73000000,913.00,3.22539930000,
"HIP 41378 c",2.29980485,696.50,31.71802083162,
"Ross 176 b",1.84000000,682.00,5.00663380000,"K7 V"
"WASP-69 b",11.21000000,971.00,3.86813881000,"K"
"WASP-4 b",15.12091496,1653.00,1.33823099400,
"WASP-107 b",10.55000000,672.50,5.72147420000,
"KELT-11 b",15.13212395,1712.00,4.73620865000,
"WASP-96 b",14.00337959,1545.00,3.42525650000,
"TOI-1238 b",1.21000000,1133.00,0.76459700000,"K7/M0"
"TOI-1238 c",2.11000000,695.00,3.29473600000,"K7/M0"
"WASP-67 b",14.10377302,944.54,4.61444783554,
"TOI-1743 b",1.83000000,485.00,4.26604600000,"M4 V"
"TOI-5799 b",1.73300000,505.00,4.16450700000,"M2 V"
"TOI-5799 c",1.76000000,337.00,14.01044900000,"M2 V"
"TOI-6223 b",5.07000000,714.00,3.85521900000,"M0 V"
"WASP-6 b",12.54284940,1167.00,3.36100260000,
"WASP-96 b",13.78704626,1350.00,3.42525670000,
"TOI-7510 b",11.65856551,1783.69,11.53172727214,
"TOI-7510 c",9.25092411,863.55,22.57099907595,
"TOI-7510 d",6.31985446,593.78,48.86217278727,
"WASP-74 b",14.70618268,1865.00,2.13775138000,"F9"
"WASP-121 b",19.52604438,2409.00,1.27492504000,
"WASP-76 b",19.39153661,2153.60,1.80988600000,
"TOI-7510 b",7.31000000,878.00,11.53086900000,"G3"
"TOI-7510 c",10.81000000,702.00,22.56874230000,"G3"
"TOI-7510 d",10.52000000,542.40,48.86446800000,"G3"
"WASP-140 b",14.23540549,1270.00,,"K0"
"HAT-P-16 b",14.68376472,1566.00,,"F8"
"WASP-76 b",20.51243468,2182.00,,"F7"
"HAT-P-13 b",16.66775430,1725.00,2.91623830000,
"HAT-P-5 b",14.03364384,1517.00,2.78847360000,
"HAT-P-8 b",14.80706350,1713.00,3.07634580000,
"HAT-P-16 b",13.33868703,1567.00,2.77597120000,
"WASP-21 b",13.02483557,1333.00,4.32251860000,
"WASP-19 b",15.80466279,2077.00,0.78883960000,
"WASP-103 b",17.41875601,2495.00,0.92554560000,
"WASP-52 b",14.04485282,1315.00,1.74978119000,
"KELT-16 b",15.50202031,2417.00,0.96899306000,
"TOI-7510 b",7.34188236,872.00,11.50750000000,
"TOI-7510 c",10.90633822,696.00,22.56440000000,
"TOI-7510 d",10.34588919,538.00,48.92440000000,
"TOI-5422 b",9.10169233,1369.00,5.37721900000,
"Kepler-1419 b",2.60000000,506.00,42.52146000000,
"Kepler-1892 b",1.41000000,819.00,6.33127000000,
"HAT-P-16 b",14.44800000,1626.00,2.77596000000,"F8"
"HAT-P-15 b",12.01600000,904.00,10.86350200000,"G5"
"WASP-79 b",17.14977000,1716.20,3.66239200000,
"WASP-62 b",15.02006000,1475.30,4.41194000000,
"WASP-69 b",11.84791300,963.00,3.86813820000,
"HAT-P-8 b",16.81000000,1700.00,3.07637760000,
"Kepler-5 b",16.04000000,1868.00,3.54846000000,
"Kepler-6 b",14.83000000,1500.00,3.23472300000,
"HAT-P-18 b",11.15300000,852.00,5.50802300000,"K2"
"HAT-P-19 b",12.68900000,1010.00,4.00877800000,"K1"
"HAT-P-20 b",9.71800000,970.00,2.87531700000,"K3"
"HAT-P-22 b",12.10600000,1283.00,3.21222000000,"G5"
"HAT-P-23 b",15.33400000,2056.00,1.21288400000,"G0"
"WASP-34 b",13.67500000,1250.00,4.31767820000,
"WASP-10 b",12.10600000,1370.00,3.09276160000,
"Kepler-12 b",19.66058600,1480.00,4.43796290000,
"WASP-76 b",20.51247000,2160.00,1.80988600000,"F7"
"XO-2 N b",13.12040000,1267.00,2.61585970000,
"WASP-26 b",14.79585452,1660.00,2.75660000000,"G0"
"TOI-2076 d",3.23200000,530.40,35.12537000000,
"K2-19 b",7.00000000,779.00,7.92220000000,
"TOI-1117 b",2.56778000,1434.00,2.22816250000,
"LTT 1445 A b",1.44541541,403.74,5.35877595248,
"TOI-1246 d",3.43139739,587.77,18.65487400000,
"KELT-7 b",17.18339700,2048.00,2.73477490000,"F"
"HATS-11 b",16.92559000,1637.00,3.61916130000,"G0"
"WASP-43 b",10.42000000,1350.00,0.80000000000,"K7 V"
"WASP-8 b",11.20000000,950.00,8.20000000000,"G8 V"
"WASP-77 A b",13.50000000,1650.00,1.40000000000,"G8 V"
"WASP-80 b",10.65000000,800.00,3.10000000000,"K7-M0 V"
"GJ 436 b",4.26000000,650.00,2.60000000000,"M2.5 V"
"HAT-P-20 b",9.75000000,950.00,2.90000000000,"K3 V"
"HAT-P-2 b",12.30000000,1700.00,5.60000000000,"F8 V"
"HD 189733 b",12.30000000,1200.00,2.20000000000,"K0-2 V"
"HD 209458 b",15.70000000,1450.00,3.50000000000,"G0 V"
"WASP-10 b",12.30000000,950.00,3.10000000000,"K5 V"
"WASP-18 b",14.60000000,2400.00,0.90000000000,"F6 IV-V"
"WASP-38 b",12.30000000,1250.00,6.90000000000,"F8 V"
"WASP-28 b",13.59700000,1468.00,3.40883000000,"F8"
"HAT-P-23 b",13.72000000,1951.00,1.21288287000,
"WASP-48 b",15.65000000,1956.00,2.14363544000,
"WASP-6 b",13.78707000,1184.00,3.36100208000,
"WASP-80 b",11.19779100,825.00,3.06785234000,
"Qatar-1 b",12.80067800,1388.00,1.42002586000,
"TrES-4 b",20.60214200,1795.00,3.55392771000,
"KELT-14 b",19.53728700,1970.00,1.71005660000,"G4"
"WASP-121 b",20.90478500,2358.00,1.27492550000,"F6 V"
"WASP-140 b",16.14096000,1320.00,2.23598350000,"K0"
"Qatar-1 b",13.22662000,1389.00,1.42002504000,
"WASP-127 b",15.35633000,1400.00,4.17806200000,
"WASP-3 b",14.68379000,1960.00,1.84683400000,
"KELT-16 b",15.86073500,2453.00,0.96899510000,"F7 V"
"GJ 1132 b",1.43000000,644.00,1.62892870000,
"KELT-11 b",15.35633000,1712.00,4.73652900000,
"KELT-9 b",21.19621900,4050.00,1.48112350000,"B9.5-A0"
"WASP-107 b",10.53646000,770.00,5.72149000000,"K6"
"WASP-107 b",10.35711600,736.00,5.72149242000,
"WASP-49 b",13.42838200,1400.00,2.78173620000,"G6 V"
"TOI-3593 b",11.68694909,1087.65,3.82129767523,
"Kepler-68 b",2.35700000,1275.00,5.39875259000,
"TOI-2031 A b",13.60156514,1207.92,5.71560747458,
"PDS 70 b",14.57170000,1200.00,43500.00000000000,"K7"
"Kepler-975 b",1.50000000,1042.00,1.97032130000,
"Kepler-670 b",12.00000000,1241.00,2.81650521000,
"Kepler-1825 b",1.35000000,1468.00,1.02585770300,
"HD 149026 b",6.83749000,1626.00,2.87589110000,
"HD 189733 b",12.90155900,1191.00,2.21857578000,
"HD 209458 b",15.46842000,1459.00,3.52474859000,
"TrES-2 b",14.13454900,1467.00,2.47061010000,
"HAT-P-2 b",13.33871000,1516.00,5.63347290000,
"GJ 436 b",4.09128500,669.00,2.64389524000,
"HAT-P-1 b",13.64135300,1291.00,4.46529340000,
"TrES-1 b",12.31869100,1147.00,3.03007280000,
"TrES-3 b",14.62774500,1630.00,1.30618640000,
"TrES-4 b",20.28829000,1861.00,3.55394500000,
"WASP-10 b",11.96000300,972.00,3.09276160000,
"WASP-18 b",12.98002200,2392.00,0.94145181000,
"WASP-5 b",13.04727600,1732.00,1.62842460000,
"XO-1 b",13.51805400,1210.00,3.94151280000,
"XO-2 N b",11.11932800,1328.00,2.61586400000,
"XO-3 b",13.98883200,1729.00,3.19152890000,
"WASP-1 b",16.63415600,1800.00,2.51996100000,
"WASP-2 b",11.69098700,1281.00,2.15222144000,
"WASP-3 b",16.29788600,2028.00,1.84683500000,
"WASP-4 b",15.21061300,1661.00,1.33823150000,
"XO-4 b",14.45961000,1630.00,4.12502000000,
"WASP-52 b",14.24000000,1315.00,1.74977980000,"K2 V"
"WASP-64 b",14.24700000,1689.00,1.57329180000,"G7"
"WASP-72 b",14.24000000,2210.00,2.21674210000,"F7"
"KELT-3 b",15.07600000,1816.00,2.70339040000,
"HAT-P-7 b",15.04300000,2733.00,2.20473700000,
"WASP-65 b",12.46400000,1480.00,2.31142430000,"G6"
"WASP-75 b",14.23500000,1710.00,2.48419300000,"F9"
"WASP-4 b",14.90797000,1664.00,1.33823251000,
"WASP-103 b",17.12700000,2508.00,0.92554200000,"F8 V"
"KELT-6 b",13.37200000,1313.00,7.84570000000,"F8"
"TOI-6695 b",9.52763359,599.00,80.38900000000,"F5V-G0V"
"MASCARA-1 b",16.81350000,2570.00,2.14878000000,"A8"
"KELT-20 b",19.51486900,2262.00,3.47410850000,"A2 V"
"Kepler-289 b",3.41000000,750.00,34.54384640000,
"WASP-5 b",12.21800000,1753.00,1.62842960000,"G4 V"
"WASP-103 b",18.45001400,2489.00,,
"HAT-P-7 b",16.71261900,2700.00,2.20473720000,
"WASP-19 b",15.60292800,2520.00,0.78883898900,
"WASP-7 b",10.25623500,1379.00,4.95465800000,
"WASP-17 b",21.65578800,1755.00,3.73548450000,
"WASP-17 b",22.31711900,1771.00,3.73543800000,
"XO-1 b",13.27145600,1100.00,,
"WASP-15 b",15.78227200,1676.00,3.75209748000,
"WASP-16 b",13.65256200,1389.00,3.11860680000,
"WASP-24 b",14.60532700,1772.00,2.34122170000,
"WASP-26 b",13.63014400,1650.00,2.75659720000,
"TrES-2 b",13.32750100,1455.00,2.47061337380,
"Qatar-1 b",12.81188700,1418.00,1.42002420000,
"WASP-12 b",21.29710000,2580.00,1.09142030000,
"WASP-131 b",13.67498000,1460.00,5.32202300000,"G0"
"Qatar-2 b",12.49803500,1285.00,1.33711677000,
"GJ 1132 b",1.13000000,529.00,1.62893100000,
"KELT-20 b",20.51247000,2260.00,3.47411900000,"A2"
"WASP-174 b",19.62220000,1491.00,4.23370780000,
"WASP-18 b",13.89913607,2429.00,0.94145223000,
"WASP-19 b",15.86070769,2113.00,0.78883852000,
"WASP-77 A b",13.78704626,1715.00,1.36002854000,
"WASP-28 b",13.66374747,1456.00,3.40883495000,
"WASP-79 b",17.28055672,1624.53,3.66239178108,
"WASP-78 b",18.78740193,2124.30,2.17517287670,
"WASP-49 b",12.68410234,1270.34,2.78173786419,
"WASP-63 b",15.17673459,1469.91,4.37808065212,
"HAT-P-30 b",15.99522635,1578.69,2.81060132493,
"WASP-121 b",22.03280000,2473.00,1.27492460000,
"KELT-14 b",17.21910000,1493.00,1.71001220000,
"CoRoT-1 b",20.59440000,2036.00,1.50896350000,
"WASP-36 b",13.30845019,1566.36,1.53736434898,
"WASP-19 b",16.41310543,1913.90,0.78883892649,
"WASP-43 b",13.11183627,1302.84,0.81347327108,
"GJ 1132 b",1.21456642,545.71,1.62893219977,
"WASP-127 b",14.69526062,1313.74,4.17806371388,
"WASP-34 b",13.39260000,1084.00,4.31768590000,
"WASP-87 b",14.86959617,2049.54,1.68279170176,
"K2-26 b",2.67000000,430.00,14.56650000000,"M1.0 V"
"TOI-178 c",1.66900000,873.00,3.23845000000,"K"
"HAT-P-44 b",15.36840000,1027.00,4.30119750000,
"TOI-2459 b",2.93653367,435.73,19.10470191584,
"TOI-5349 b",9.42671000,650.00,3.31766750000,
"WASP-95 b",13.56000000,1570.00,2.18467300000,"G2"
"WASP-96 b",13.45000000,1285.00,3.42526020000,"G8"
"WASP-97 b",12.67000000,1555.00,2.07276000000,"G5"
"WASP-100 b",18.94000000,2190.00,2.84937500000,"F2"
"WASP-101 b",15.80000000,1560.00,3.58572200000,"F6"
"HAT-P-12 b",10.74900000,963.00,3.21305980000,"K4"
"HAT-P-2 b",12.96900000,1540.00,5.63347290000,
"WASP-5 b",13.12573900,1732.00,1.62842460000,
"WASP-4 b",15.36753900,1662.00,1.33823150000,
"WASP-5 b",12.18400000,1706.00,1.62842790000,
"WASP-74 b",17.48604000,1910.00,2.13775000000,"F9"
"HAT-P-1 b",14.78467100,1322.00,4.46529976000,
"TOI-1806.01",3.40953670,337.47,15.14546930000,
"HATS-36 b",13.84311500,1356.00,4.17523870000,"G0 V"
"Kepler-1514 b",22.02000000,497.00,217.83176260000,
"Kepler-1656 b",4.47000000,563.00,31.57865933800,
"Kepler-25 b",2.64000000,1193.00,6.23853477100,
"WASP-11 b",10.20019000,960.00,3.72246500000,
"Kepler-168 c",2.79000000,870.00,13.19320920000,
"TOI-4791 b",13.01130000,1279.00,4.28097670000,
"TOI-1468 b",1.28000000,682.20,1.88051360000,"M3.0 V"
"WASP-71 b",14.91382302,1945.35,2.90368155697,
"HD 42813 b",3.36000000,755.00,13.63083000000,
"WASP-153 b",15.63990824,1590.67,3.33261886913,
"TOI-2068 b",1.82100000,520.62,7.76891500000,
"Kepler-1987 b",1.27000000,1003.00,2.34585857800,
"Kepler-210 b",2.26000000,737.00,2.45323613900,
"TOI-4342 c",2.41500000,508.90,10.68871600000,"M0 V"
"TOI-904 b",2.42600000,429.43,10.87720000000,
"WASP-25 b",13.80946422,1217.00,3.76483370000,
"TOI-1518 b",21.01683881,2492.00,1.90260300000,"F0"
"TOI-1203 b",1.52000000,1361.20,4.15728880000,"G3 V"
"TOI-1798.02",1.40822000,2122.09,0.43781090000,
"HATS-11 b",16.64598630,1443.92,3.61887686846,
"TOI-2019 b",5.33275337,917.46,15.34440000000,
"TOI-1451 b",2.51948000,751.00,16.53798640000,
"TOI-1410.01",3.10083009,1236.70,1.21687000000,
"HD 110067 g",2.60700000,440.00,54.76992000000,"K0.0 V"
"WASP-118 b",15.62534600,1753.00,4.04604070000,
"TOI-283 b",2.34000000,661.00,17.61745000000,"K"
"WASP-175 b",13.54047200,1571.00,3.06529070000,"F7"
"WASP-164 b",12.64375200,1610.00,1.77712550000,"G2 V"
"TOI-1739 b",1.69500000,755.55,8.30334200000,
"HD 207496 b",2.25000000,743.00,6.44100800000,"K2.5 V"
"TOI-5261 b",10.88040000,990.00,4.15097560000,
"WASP-25 b",13.95182000,1108.64,3.76487300000,
"WASP-54 b",17.00865915,1622.82,3.69359967417,
"K2-271 b",6.92239107,867.44,8.56232889439,
"Kepler-275 b",2.20000000,1015.00,10.30067919000,
"HD 110067 e",1.94000000,533.00,30.79309100000,"K0.0 V"
"TOI-1807 b",1.49681583,1694.10,0.54937097000,
"TOI-2977 b",12.98230000,1434.00,2.35056980000,
"GJ 9827 b",1.44000000,1035.01,1.20897400000,"K7 V"
"TOI-1801 b",1.96061882,431.03,10.64398500000,
"WASP-182 b",9.52765000,1479.00,3.37698480000,"G5"
"TOI-2443 b",2.68688927,487.00,15.66923220990,
"TOI-4201 b",12.66614819,750.00,3.58191340000,
"NGTS-6 b",14.86313400,1283.90,0.88205900000,
"Kepler-471 b",10.53000000,1284.00,5.01423457500,
"TOI-2076 b",2.77062554,687.68,10.35509600000,
"CoRoT-32 b",6.38913000,938.00,6.71837000000,"G0 VI"
"HD 332231 b",9.71820300,876.00,18.71204000000,"F8"
"LHS 1140 c",1.56599372,394.38,3.77794175247,
"TOI-125 c",2.75900000,827.80,9.15059000000,"K0 V"
"Kepler-686 b",11.77000000,1540.00,1.59474546300,
"Kepler-412 b",12.53000000,1681.00,1.72086132400,
"TOI-4342 b",2.26600000,633.60,5.53824980000,"M0 V"
"Qatar-8 b",15.23080000,1432.00,3.71464780000,
"HATS-11 b",18.03000000,1596.00,3.61918800000,
"HAT-P-65 b",21.18501000,1930.00,2.60545520000,"G2"
"WASP-171 b",11.37490000,1639.00,3.81862760000,
"KOI-12 b",14.63000000,942.00,17.85521969800,
"HATS-36 b",12.92000000,1203.00,4.17518600000,
"HATS-6 b",11.18658200,712.80,3.32527250000,"M1 V"
"TOI-3353.01",2.66675550,1264.36,4.66579650000,
"HD 108236 e",3.12000000,636.00,19.59170000000,"G3 V"
"TOI-837 b",9.71000000,1022.00,8.32491020000,
"Kepler-276 b",2.64000000,793.00,14.12846178000,
"Kepler-79 e",3.01000000,511.00,81.06378950000,
"Kepler-103 c",5.42000000,385.00,179.60766020000,
"Kepler-279 c",3.57000000,660.00,35.73557190000,
"Kepler-152 c",2.56000000,335.00,88.25535440000,
"Kepler-7 b",17.29000000,1499.00,4.88548895300,
"L 98-59 b",0.82663500,567.30,2.25310616175,
"Kepler-1514 b",22.02000000,497.00,217.83176260000,
"K2-199 c",2.85000000,694.00,7.37448970000,
"K2-155 b",1.80000000,708.00,6.34200000000,
"WASP-84 b",10.55900000,797.00,8.52348650000,"K0"
"TOI-1130 b",3.65000000,810.00,4.06649900000,"K7"
"HATS-5 b",10.22300000,1025.00,4.76338700000,"G"
"TOI-4562 b",13.20815058,341.15,225.10378854971,
"WASP-139 b",9.34404416,845.38,5.92426613248,
"Kepler-986 b",2.09000000,444.00,56.43499380000,
"TOI-2768 b",2.63000000,855.00,1.50801000000,"M"
"Kepler-1177 b",2.01000000,377.00,106.24788200000,
"TOI-4127 b",12.28504285,605.10,56.39879000000,"F V"
"Kepler-44 b",12.71000000,1460.00,3.24673265100,
"TOI-1710 b",5.21152000,654.00,24.28337820000,
"Kepler-18 b",2.11000000,1165.00,3.50468755400,
"WASP-177 b",12.00549486,1043.09,3.07171816382,
"Kepler-102 c",0.63000000,719.00,7.07136119000,
"DS Tuc A b",6.17576816,836.71,8.13822217724,
"EPIC 211945201 b",5.50000000,809.00,19.49100000000,
"Kepler-734 b",4.03000000,849.00,6.10485285600,
"Kepler-477 b",1.84000000,636.00,11.11990653000,
"TOI-5110 b",11.98240037,976.00,30.15857700000,
"Wendelstein-1 b",11.56096260,2198.00,2.66341600000,"K7 V"
"Kepler-493 b",11.42000000,1433.00,3.00387658100,
"HAT-P-61 b",11.37324393,1419.31,1.90250318292,
"HAT-P-14 b",13.45080000,1612.00,4.62764900000,"F5 V"
"TOI-771 b",1.42200000,527.19,2.32602100000,
"HD 110082 b",3.05380568,957.20,10.18269827350,
"Kepler-774 b",2.20000000,1084.00,11.08942000000,
"Kepler-262 c",1.75000000,618.00,21.85362905000,
"KOI-12 b",14.63000000,942.00,17.85521969800,
"CoRoT-18 b",14.02245900,1490.00,1.90006930000,
"HAT-P-42 b",14.34800000,1428.00,4.64187800000,
"TOI-2364 b",8.60849718,1091.00,4.01975170000,
"Kepler-614 b",2.35000000,641.00,14.03491514000,
"Kepler-113 b",1.90000000,770.00,4.75400115000,
"Kepler-396 c",5.15743026,209.17,88.49568296583,
"HATS-26 b",19.61575000,1918.00,3.30238810000,"F"
"WASP-126 b",10.51358773,1338.84,3.28878982693,
"TOI-1782.01",2.47030768,697.84,4.98770562378,
"TOI-4137 b",13.63710000,1418.00,3.80162170000,
"TOI-1696 b",3.09000000,489.00,2.50031100000,"M5V"
"TOI-1260 c",2.77336735,607.60,7.49316133324,
"Kepler-1965 b",1.06000000,494.00,41.86736720000,
"TOI-1899 b",12.89035000,362.00,29.02000000000,"M0"
"KOI-12 b",14.63000000,942.00,17.85521969800,
"HD 109833 b",2.16591000,786.00,9.18850600000,
"Kepler-428 b",9.77000000,881.00,3.52563247000,
"Kepler-731 b",13.75000000,1211.00,3.85560355100,
"HAT-P-9 b",15.69000000,1530.00,3.92289000000,
"CoRoT-18 b",15.04962078,1366.35,1.90008624739,
"HD 28109 c",4.23000000,585.20,56.00819000000,"F8/G0 V"
"TOI-3235 b",11.01370000,537.00,2.59261990000,
"Kepler-314 c",2.85000000,890.00,5.96040001100,
"WASP-82 b",18.49040000,2151.00,2.70582000000,
"TOI-1184 b",2.35215000,820.00,5.74844390000,
"TOI-2876 b",9.36407000,709.00,6.29963070000,
"TOI-1478 b",11.88154000,918.00,10.18024900000,
"WASP-185 b",14.47922158,1293.86,9.39113260201,
"K2-182 b",2.93924000,1166.00,4.73696690000,
"TOI-5736 b",1.69217745,1202.09,0.64898680327,
"K2-3 b",2.18000000,463.00,10.05449000000,"M0 V"
"TOI-2076 c",3.49700000,629.50,21.01538000000,
"Kepler-10 b",1.47000000,2188.00,0.83749070000,
"Kepler-855 b",9.23000000,995.00,7.88663110400,
"HD 235088 b",2.04500000,805.00,7.43413930000,"K2 V"
"HATS-49 b",8.62854045,786.72,4.14703592335,
"TOI-561 b",1.48867000,2262.00,0.44657130000,
"Kepler-314 c",2.96467298,899.00,5.96055423169,
"GJ 9827 b",1.52900000,1055.00,1.20897650000,
"Kepler-411 d",3.46000000,354.00,58.01985830000,
"K2-77 b",2.79975419,704.46,8.20008746059,
"WASP-194 b",15.47960235,1693.00,3.18338700000,
"TOI-1117 b",2.46000000,1538.00,2.22816000000,"G5 V"
"HATS-42 b",15.69260000,1856.00,2.29210200000,
"TOI-1742 b",2.36507598,694.09,21.26908400000,
"Kepler-68 c",0.92000000,946.00,9.60503867000,
"K2-216 b",1.75000000,1103.00,2.17480000000,"K5 V"
"K2-25 b",4.20831932,447.81,3.48455432425,
"TOI-4214 b",10.68215861,1642.00,3.49138850000,
"Kepler-68 b",2.29000000,1146.00,5.39875392700,
"TOI-1422 b",3.84804999,786.68,13.00178900960,
"Kepler-77 b",10.93000000,1189.00,3.57878272000,
"Kepler-94 b",2.61631054,986.17,2.50808154880,
"TOI-771 b",1.39608687,501.06,2.32600773508,
"TOI-1135 b",9.06883000,1106.00,8.02773260000,
"TOI-1694 b",5.34222660,943.19,3.77010700000,
"HATS-10 b",12.54305864,1371.77,3.31281604058,
"LTT 1445 A c",1.14700000,508.00,3.12390350000,
"KELT-24 b",15.24421375,1473.00,5.55149000000,"F7"
"TOI-1685 b",1.45900000,1052.00,0.66914160000,
"NGTS-6 b",8.38889408,1428.25,0.88206242583,
"TOI-1691 b",3.56505068,703.49,16.73690000000,
"HATS-40 b",17.71022000,2101.00,3.26427360000,
"Kepler-318 c",4.59000000,973.00,11.81500130000,
"TOI-2567 b",10.70165915,1278.94,5.98394510000,
"HD 15337 b",1.64000000,1001.00,4.75615000000,"K1 V"
"TOI-2285 b",1.57811359,287.08,27.26720158460,
"TOI-1798.01",2.38506569,734.31,8.02154000000,
"Kepler-45 b",10.60000000,730.00,2.45524062600,
"TOI-733 b",1.99200000,1055.80,4.88476500000,"G"
"Kepler-506 b",2.63000000,1080.00,6.88341278000,
"Kepler-450 b",7.18436827,795.89,28.54105573165,
"Qatar-6 b",11.90395800,1006.00,3.50619500000,"K2 V"
"Kepler-858 b",4.78000000,399.00,76.13622222000,
"WASP-132 c",1.84100000,1329.00,1.01153624000,"K4 V"
"HIP 8152 b",2.35818269,787.39,10.75101065786,
"WASP-55 b",14.72860064,1342.00,4.46563100000,
"K2-285 c",3.60516000,787.00,7.13856720000,
"TOI-260 b",1.47291596,438.59,13.47581500000,
"TOI-2529 b",11.54525012,636.00,64.59490000000,
"K2-419 A b",10.55000000,377.00,20.35847252000,
"TOI-260 b",1.71000000,493.00,13.47585300000,"K8 V"
"K2-237 b",16.06246934,1759.00,2.18053332000,
"TOI-5795 b",5.62000000,1136.78,6.14063250000,"G3 V"
"K2-55 b",4.43000000,900.00,2.84927100000,
"WASP-47 e",1.79000000,1992.00,0.78957000000,
"WASP-47 b",12.25100000,1146.00,4.15915200000,
"WASP-47 d",3.58000000,885.00,9.03101000000,
"TOI-5789 c",2.86000000,718.00,12.92774800000,"K1 V"
"TOI-5789 c",2.53704000,478.00,12.92560510000,
"NGTS-21 b",13.03211608,1214.57,1.54350574108,
"WASP-57 b",11.76945000,1338.00,2.83891856000,
"HD 136352 c",2.91600000,677.00,27.59221000000,
"K2-105 b",3.37000000,814.00,8.26770400000,
"TOI-880 c",5.04450000,817.00,6.38725240000,
"Kepler-411 b",2.20000000,949.00,3.00515691100,
"HD 152843 c",4.18440826,253.08,,
"K2-98 b",4.93000000,1093.00,10.13693000000,
"TOI-169 b",12.17297400,1715.00,2.25544770000,"G1 V"
"HD 28109 b",2.69000000,867.00,22.89105400000,"F8"
"TOI-5388.01",1.89426000,601.35,2.59467500000,
"TOI-2498 b",4.77412302,1352.36,3.73823810638,
"K2-348 b",3.36071000,946.00,4.68863420000,
"Kepler-855 b",9.23000000,995.00,7.88663110400,
"Kepler-15 b",10.77000000,1008.00,4.94278339900,
"KOI-94 e",6.73000000,609.00,54.31993000000,
"Kepler-289 c",18.17000000,487.00,125.86543389000,
"TOI-163 b",14.62607111,1584.35,4.23111726216,
"TOI-1246 c",2.45109846,862.49,5.90413700000,
"TOI-1442 b",1.18337788,967.44,0.40906805811,
"HATS-13 b",13.58530800,1244.00,3.04404990000,
"WASP-55 b",14.96401500,1300.00,4.46562910000,
"K2-28 b",2.32000000,568.00,2.26045500000,"M4"
"K2-60 b",7.65574700,1400.00,3.00265000000,"G4 V"
"K2-237 b",18.49485000,1884.00,2.18056000000,"F6 V"
"LHS 3844 b",1.30300000,805.00,0.46292913000,"M5"
"K2-237 b",18.40517800,1838.00,2.18055770000,"F9 V"
"K2-28 b",2.45000000,590.00,2.26043800000,"M4"
"K2-28 b",2.56000000,420.00,2.26044550000,
"LHS 3844 b",1.35602306,723.37,0.46293036735,
"TOI-237 b",1.71754093,352.07,5.43616672905,
"TOI-237 b",1.44000000,388.00,5.43609800000,"M4.5 V"
"K2-237 b",16.19697711,1828.00,2.18053539000,
"Kepler-471 b",10.63000000,1308.00,5.01423473300,
"K2-321 b",2.05124347,830.00,2.29797490000,
"HATS-15 b",12.38594500,1505.00,1.74748753000,"G9 V"
"XO-5 b",12.20660100,1203.00,4.18775700000,
"TOI-244 b",1.52000000,458.00,7.39722500000,"M2.5 V"
"HATS-4 b",12.90831479,1240.05,2.51672571567,
"TOI-1244 b",2.27303010,699.05,6.40028074824,
"TOI-969 b",2.76500000,941.00,1.82373050000,"K V"
"WASP-93 b",17.90077300,1942.00,2.73253210000,"F4"
"Kepler-485 b",13.63000000,1299.00,3.24325979600,
"TOI-6054.01",2.52777256,1221.83,7.49032706173,
"TOI-1075 b",1.86255873,1222.60,0.60473924068,
"K2-131 b",1.70000000,2062.00,0.36931000000,
"HAT-P-55 b",13.24903800,1313.00,3.58524670000,
"Kepler-4 b",4.14000000,1507.00,3.21366862800,
"TOI-2096 b",1.24300000,445.00,3.11906330000,"M4"
"TOI-4600 b",6.80000000,347.00,82.68690000000,"K V"
"WASP-55 b",14.59267171,1188.54,4.46563061556,
"HATS-13 b",12.38038042,1075.32,3.04404945557,
"TOI-181 b",7.43984344,850.92,4.53205017292,
"TOI-260 b",1.98408816,455.61,13.47584784180,
"TOI-4379 b",16.52332447,1869.38,3.25352993759,
"K2-28 b",2.67947389,547.92,2.26043458212,
"K2-55 b",4.68022834,874.04,2.84928022554,
"WASP-47 b",12.29768438,1155.70,4.15915124589,
"K2-60 b",9.46238398,1822.19,3.00264948360,
"K2-237 b",16.69946235,1654.40,2.18053327144,
"K2-419 A b",10.50799334,350.82,20.35507390682,
"TOI-2529 b",10.97180000,808.00,64.59470000000,
"TOI-5795 b",5.29225960,1004.56,6.14062070339,
"NGTS-21 b",14.90794433,1357.00,1.54338970000,"K3 V"
"TOI-181 b",6.95590000,895.10,4.53200000000,"K"
"TOI-198 b",1.40009506,420.93,10.21520251255,
"TOI-198 b",1.44000000,368.00,10.21520000000,"M0 V"
"GJ 9827 c",1.24100000,813.00,3.64809600000,
"TOI-5319 b",2.83000000,695.00,4.07853000000,"M"
"HD 22946 d",2.60700000,546.00,47.42489000000,
"TOI-521 b",1.96530324,709.89,1.54284863302,
"TOI-892 b",12.03350000,1361.00,10.62658370000,
"L 98-59 d",1.57000000,409.00,7.45120000000,"M3 V"
"K2-108 b",5.28000000,1446.00,4.73401000000,
"Kepler-424 b",9.13000000,1158.00,3.31186449900,
"HIP 65 A b",22.75427000,1411.00,0.98097340000,"K4 V"
"TOI-1472 b",4.15964583,811.14,6.36381000000,
"TOI-2128 b",2.08874836,780.53,16.34136000000,
"K2-253 b",12.96278785,1115.41,4.00357732994,
"TOI-561 c",2.86500000,802.00,10.77883800000,
"TOI-150.01",13.88927615,1335.11,5.85740753760,
"TOI-2449 b",11.24000000,400.00,106.14468000000,"G"
"WASP-138 b",12.21781000,1590.00,3.63443300000,
"K2-18 b",2.46100000,281.00,32.94112000000,
"Kepler-495 b",6.62000000,1200.00,3.41303635300,
"TOI-1742 b",1.87711000,770.00,21.26904220000,
"K2-266 c",0.70500000,664.50,7.81400000000,
"Kepler-444 b",0.50000000,938.00,3.60011712000,
"Kepler-293 c",3.81000000,466.00,54.15610780000,
"TOI-3856 b",13.59649359,1544.00,2.04360352000,
"TOI-837 b",9.16894621,995.30,8.32491130000,"F9/G0"
"K2-295 b",11.67860000,876.00,4.02487350000,
"TOI-4010 d",6.54717871,612.69,14.70916624006,
"K2-174 b",2.60000000,455.00,19.56230700000,
"Kepler-762 b",13.01000000,1321.00,3.77055209800,
"Kepler-10 c",2.26000000,524.00,45.29422297000,
"TOI-5720 b",1.09000000,708.00,1.43445550000,"M3.5 +/- 1.0"
"LHS 475 b",0.97500000,587.00,2.02910100000,
"HATS-1 b",14.59400000,1359.00,3.44645900000,
"Kepler-41 b",10.24000000,1436.00,1.85555754000,
"TOI-2537 b",14.58908814,421.29,94.09979541079,
"Kepler-345 b",0.79000000,610.00,7.41557859000,
"Kepler-1656 b",4.87433891,581.43,31.57868471121,
"TOI-2295 b",16.47720163,747.00,30.03330200000,
"TOI-2031 A b",14.20177855,1358.00,5.71548654000,
"WASP-113 b",16.47720163,1460.00,,"G1"
"HAT-P-37 b",13.20400000,1271.00,2.79743600000,
"Kepler-8 b",14.83000000,1521.00,3.52249857300,
"GJ 9827 c",1.26900000,811.00,3.64808300000,"K5 V"
"Kepler-1388 d",2.43000000,357.00,20.95681580000,
"Kepler-552 b",3.50000000,1087.00,5.26340760000,
"Kepler-1906 b",1.86000000,901.00,7.36272124000,
"Kepler-1137 b",2.23000000,980.00,23.92107910000,
"Kepler-1562 b",4.72000000,570.00,64.27377520000,
"HIP 97166 b",2.63881000,483.00,10.28888600000,
"Kepler-43 b",13.45000000,1637.00,3.02409500000,"G0 IV-V"
"TOI-1751 b",2.56325000,1037.00,37.46850420000,
"Gliese 12 b",0.97057627,299.51,12.76147058433,
"K2-285 e",1.95000000,500.90,14.76289000000,"K2 V"
"K2-27 b",4.74000000,836.00,6.77134700000,
"TOI-2986 b",9.29224500,1622.00,3.27836620000,
"TOI-756 b",2.81000000,934.00,1.23924950000,"M1 V"
"TOI-1601 b",13.88795100,1619.00,5.33175100000,
"Kepler-134 b",2.58000000,1306.00,5.31743541600,
"TOI-904 b",2.30961300,433.12,10.87727481986,
"Kepler-487 b",11.31000000,686.00,15.35876840300,
"TOI-5817 b",3.02725841,855.96,15.61460575154,
"K2-138 f",2.73000000,653.00,12.75758000000,"G8 V"
"HD 110113 b",2.05000000,1371.00,2.54100000000,"G"
"TOI-3493 b",3.37094443,1000.52,8.15948702679,
"Kepler-102 f",1.08000000,457.00,27.45362000000,
"Kepler-45 b",11.03000000,730.00,2.45524062000,
"TOI-1273 b",11.09689089,1211.00,4.63129600000,
"TOI-1266 b",2.52000000,415.00,10.89450000000,"M2"
"WASP-181 b",14.30491762,1127.88,4.51950894862,
"XO-7 b",15.52760000,1373.00,2.86413880000,
"TOI-559 b",12.23980000,1249.00,6.98390720000,
"Kepler-909 b",1.66000000,852.00,13.93291548000,
"TOI-1799 b",1.62771471,911.96,7.09385304708,
"TOI-132 b",3.42000000,1395.00,2.10970190000,"G8 V"
"Kepler-1651 b",1.76000000,353.00,9.88515530000,
"GJ 9827 d",1.89000000,599.68,6.20181200000,"K7 V"
"Kepler-953 c",1.16000000,846.00,9.10967112000,
"TOI-2207 b",11.15293580,1259.00,8.00196800000,
"K2-3 c",1.85000000,344.00,24.64354000000,"M0 V"
"TRAPPIST-1 b",1.08600000,400.10,1.51087081000,
"TOI-178 g",3.75100400,535.94,20.70850400000,
"Kepler-450 c",2.49000000,941.00,15.41308581000,
"Kepler-164 c",2.69000000,950.00,10.94577222000,
"TOI-1201 b",2.41500000,703.00,2.49198630000,"M2.0 V"
"TOI-3474 b",14.67255574,1451.00,3.87951050000,
"HD 21520 b",2.69700000,637.00,25.12920000000,
"Kepler-68 b",2.29000000,1146.00,5.39875392700,
"HATS-68 b",16.47476108,1658.39,3.58629619986,
"HD 63433 b",2.16351593,886.44,7.10793840000,
"TOI-2154 b",16.05470238,1436.34,3.82408264319,
"Kepler-1019 b",1.36000000,1049.00,1.41122984700,
"Kepler-578 b",2.54000000,1536.00,1.61688369600,
"NGTS-18 b",13.56286665,1381.00,3.05125000000,"G5 V"
"K2-180 b",2.24179614,729.00,8.86650000000,"K2 V"
"TOI-561 d",2.61500000,600.00,25.71268000000,
"TOI-1246 d",4.38698775,585.81,18.65488288102,
"TOI-5110 b",11.21280000,549.00,30.15848570000,
"KELT-24 b",14.25784800,1459.00,5.55149260000,
"Kepler-425 b",8.30000000,914.00,3.79701711000,
"TOI-6894 b",9.38303360,409.09,3.37063026728,
"Kepler-313 b",1.91000000,785.00,14.97020810000,
"HD 260655 b",1.27326000,602.00,2.76949360000,
"Kepler-94 b",2.49000000,828.00,2.50805735200,
"TOI-3331 A b",12.16800000,1330.00,2.01801960000,
"Kepler-426 b",11.68000000,1200.00,3.21751859300,
"Kepler-10 b",1.47000000,2169.00,0.83749070000,
"Kepler-495 c",0.80000000,822.00,5.89661090000,
"HIP 29442 c",1.58000000,1217.00,3.53796000000,
"NGTS-27 b",13.69380000,1723.00,3.37043130000,
"WASP-195 b",10.31226224,1522.00,5.05192800000,
"L 168-9 b",1.63000000,998.00,1.40152604000,"M0.5 V"
"HR 858 d",2.07546646,971.29,11.23046047708,
"Kepler-543 b",2.43000000,521.00,13.89961966000,
"K2-114 b",10.88000000,722.00,11.39093440000,
"TOI-564 b",11.43318000,1714.00,1.65114400000,
"K2-79 b",3.99000000,925.00,10.99497000000,
"Kepler-412 b",15.03126900,1850.00,1.72086040000,
"WASP-56 b",12.46810000,1281.00,4.61705190000,
"Kepler-468 b",14.14000000,499.00,38.47874300000,
"Kepler-411 c",3.76000000,713.00,7.83445080000,
"TOI-1347 c",1.67761121,950.08,4.84196800000,
"TOI-2345 c",2.45100000,544.00,21.06430200000,"K"
"Kepler-1894 b",1.26000000,1232.00,2.76263462000,
"Kepler-210 b",2.23000000,736.00,2.45323589900,
"TOI-178 g",2.87000000,470.00,20.70950000000,"K"
"Kepler-134 c",1.63000000,1054.00,10.10575303000,
"HD 63433 c",2.57342831,621.93,20.54381533218,
"Kepler-1322 c",1.64000000,881.00,6.46008273000,
"Kepler-242 c",2.82000000,613.00,14.49643531000,
"Kepler-169 f",3.12000000,366.00,87.09059940000,
"TOI-1173 b",9.39131000,890.00,7.06439780000,
"HAT-P-57 b",15.83831700,2200.00,2.46529500000,"A8 V"
"WASP-89 b",11.96638868,1042.23,3.35660524663,
"K2-415 b",1.10176240,374.41,4.01798053813,
"TOI-411 c",2.74000000,1033.00,9.57309600000,"F7/F8V"
"TOI-1130 c",13.32000000,497.70,8.35023100000,"K6-K7"
"TOI-2886 b",18.64053490,1978.00,1.60200105000,
"Kepler-68 c",0.91000000,941.00,9.60505976000,
"WASP-59 b",11.52852644,633.37,7.91926045275,
"Kepler-755 c",1.36000000,1016.00,2.85313399700,
"Kepler-254 b",4.00000000,994.00,5.82665900000,
"Kepler-148 d",8.10000000,403.00,51.84691300000,
"Kepler-325 d",3.01000000,541.00,38.71468330000,
"Kepler-45 b",10.76000000,1000.00,2.45523900000,"M"
"TOI-1443 b",2.11441000,564.00,23.54074670000,
"Kepler-15 b",15.32049607,1187.11,4.94279853350,
"TOI-1136 e",2.15976695,672.98,18.79554696537,
"Kepler-314 b",0.84000000,1247.00,2.46109800000,
"Kepler-471 b",13.49117281,1511.36,5.01419910866,
"L 98-59 b",0.80000000,610.00,2.25310000000,"M3 V"
"TOI-715 b",1.71453082,235.04,19.28795790989,
"HD 106315 b",2.44000000,1153.00,9.55237000000,"F5 V"
"HD 106315 c",4.35000000,886.00,21.05704000000,"F5 V"
"HD 106315 b",2.40000000,1146.00,9.55385000000,
"AU Mic b",4.07000000,593.00,8.46300000000,
"AU Mic c",3.24000000,454.00,18.85901900000,
"HD 97658 b",2.12000000,751.00,9.48971160000,"K1 V"
"HD 97658 b",2.43040000,708.00,9.48932310000,
"WASP-189 b",18.14733975,3353.00,2.72403300000,
"HAT-P-51 b",14.49323700,1192.00,4.21802780000,
"HATS-29 b",13.46198582,1230.00,4.60588270000,
"TOI-1130 b",3.56000000,632.17,4.07445000000,"K6-K7"
"HATS-1 b",12.53990524,1199.93,3.44645291291,
"Kepler-91 b",15.39000000,1917.00,6.24668005000,
"Kepler-378 b",2.38000000,812.00,16.09231474000,
"K2-3 d",1.45800000,305.20,44.55603000000,"M V"
"Kepler-10 b",1.45000000,1968.00,0.83749133100,
"TOI-5716 b",1.01767433,346.57,6.76627285241,
"Kepler-94 b",2.49000000,828.00,2.50805735200,
"Kepler-406 b",1.32000000,1306.00,2.42630083900,
"Kepler-1987 b",1.23000000,997.00,2.34586300200,
"Kepler-991 b",2.73000000,268.00,82.53186000000,
"HD 108236 c",2.05674802,910.15,6.20362188553,
"TOI-700 e",0.94918578,272.90,27.80968975735,
"Kepler-670 b",12.82000000,1253.00,2.81650485200,
"K2-136 b",0.99000000,553.00,7.97529200000,"K5.5"
"TOI-199 b",10.22300000,358.00,104.87296350000,
"Kepler-1263 b",1.03000000,909.00,4.55143300000,
"K2-167 b",2.36509493,1220.00,9.97854100000,
"TOI-1246 c",2.51000000,860.00,5.90414400000,"K V"
"K2-348 b",3.26000000,908.00,4.68841800000,
"TOI-5301 b",13.52923970,1682.00,5.85885700000,
"LTT 9779 b",12.96740000,1571.00,0.79206460000,
"Kepler-37 d",1.90000000,458.00,39.79220077000,
"TOI-1279 b",3.22647351,749.90,9.61416356822,
"HD 106315 b",2.40000000,1040.00,9.55288000000,
"Kepler-41 b",9.55006800,1554.00,1.85555880000,
"HD 106315 c",4.37900000,799.00,21.05652000000,
"HD 106315 b",2.39124388,1025.57,9.58028883839,
"HD 106315 c",4.11610330,203.78,1221.27097726164,
"K2-266 d",2.93000000,538.30,14.69700000000,
"WASP-98 b",12.82309600,1171.00,2.96264036000,
"HAT-P-9 b",15.46842000,1540.00,3.92281400000,
"Kepler-370 c",1.91000000,649.00,19.02315200000,
"K2-261 b",9.26982704,1036.00,11.63346810000,
"KOI-217 b",12.78000000,1046.00,3.90508168500,
"Kepler-15 b",11.97000000,1097.00,4.94278327000,
"TOI-782 b",2.59266525,388.62,8.02398114684,
"TOI-270 c",2.42000000,424.00,5.66017200000,"M3.0 V"
"TOI-3714 b",11.14172682,764.00,2.15484802000,
"TOI-1855 b",18.49481816,1701.00,1.36414864000,
"K2-188 c",2.83000000,1026.00,7.81025300000,
"NGTS-8 b",11.42420450,1226.02,2.50013612806,
"TOI-5882 b",11.83668362,1537.00,7.14897300000,
"HD 93963 A c",2.99324000,1143.00,3.64515490000,
"Kepler-226 b",1.59000000,1017.00,3.94104632000,
"WASP-141 b",13.56289000,1540.00,3.31065100000,"F9"
"TOI-5398 b",10.30000000,947.00,10.59054700000,"G V"
"TOI-871 b",1.66400000,621.00,14.36256500000,
"TOI-4153 b",16.11851425,1669.00,4.61741410000,
"GJ 806 b",1.67823000,1162.00,0.92632370000,
"HD 97658 b",2.24700000,757.00,9.49030000000,"K1"
"HD 106315 c",4.40000000,874.00,21.05800000000,
"HD 106315 b",2.32000000,1046.00,9.55804000000,
"HD 106315 c",4.31000000,804.00,21.05788000000,
"AU Mic b",4.02692583,754.62,8.45367765822,
"AU Mic b",3.95677019,600.00,8.46308000000,
"AU Mic c",2.52202066,459.00,18.85969000000,
"K2-275 c",2.34000000,660.00,8.43875600000,
"HD 118203 b",12.55405838,1371.00,6.13498900000,"K0 IV"
"TOI-2458 b",2.37973235,1396.05,3.73696893919,
"Kepler-14 b",12.21000000,1445.00,6.79012159900,
"Kepler-43 b",12.49803500,1603.00,3.02409330000,
"TOI-2328 b",10.10670000,589.00,17.10196220000,
"WASP-197 b",14.31944190,1589.40,5.16655485276,
"Kepler-858 b",5.26000000,410.00,76.13354000000,
"Kepler-77 b",10.43000000,1144.00,3.57878055100,
"HATS-31 b",18.38276000,1823.00,3.37796000000,
"Kepler-10 c",2.35000000,584.00,45.29430100000,
"HD 101581 c",1.02145994,664.08,6.20316078755,
"TOI-1136 g",2.53000000,574.00,39.53870000000,
"TOI-1634 b",1.83038541,848.01,0.98933001101,
"WASP-44 b",12.32990000,1337.00,2.42380400000,"G8 V"
"TOI-1062 b",2.26500000,1077.00,4.11296000000,"G9 V"
"Kepler-10 c",2.35500000,578.00,45.29430100000,
"TOI-6038 A b",6.41000000,1439.00,5.82673110000,
"Kepler-102 b",0.54000000,792.00,5.28697800000,
"TOI-1347 b",1.81434694,1698.50,0.84742431000,
"K2-39 b",5.71000000,1670.00,4.60497000000,
"TOI-220 b",3.03000000,805.00,10.69526400000,"K0 V"
"TOI-1736 b",2.44000000,1076.00,7.07308800000,
"TOI-6651 b",5.09264000,1227.00,5.05697080000,
"TOI-5344 b",9.66312000,536.00,3.79275720000,
"HD 89345 b",6.97249322,1039.22,11.81417261526,
"KOI-217 b",13.14000000,1046.00,3.90508198500,
"Kepler-94 b",3.36000000,996.00,2.50805850000,
"TOI-5076 b",3.48935569,550.00,23.44316200000,
"TOI-5489 b",1.46245738,570.95,3.15221310421,
"Kepler-490 b",12.13000000,1422.00,3.26869515400,
"TOI-4377 b",14.36327424,1162.08,4.37801940873,
"K2-188 b",1.35000000,1692.00,1.74216900000,
"WASP-160 B b",12.54710000,1061.00,3.76849810000,
"Kepler-396 b",3.32000000,496.00,42.99232840000,
"TOI-6628 b",9.90639000,589.00,18.18418900000,
"WASP-116 b",13.67495645,1414.00,6.61320000000,
"K2-277 b",2.18575124,1049.00,6.32676800000,
"Kepler-265 c",2.41000000,760.00,17.02902105000,
"Kepler-883 b",1.53000000,834.00,12.98495573000,
"Kepler-544 b",1.97000000,711.00,21.41664000000,
"TOI-1136 c",2.51593000,1087.00,6.25860650000,
"K2-140 b",12.25000000,957.00,6.56918000000,
"HATS-41 b",11.54257023,1531.55,4.19334220897,
"TOI-6330 b",10.46760000,392.00,6.84985330000,
"Kepler-37 b",0.27000000,656.00,13.36693090000,
"TOI-833 b",1.27000000,1118.00,1.04187770000,
"TOI-640 b",19.27944680,1816.00,5.00377700000,
"HD 101581 c",0.99000000,747.00,6.20401000000,
"Kepler-193 b",3.04000000,979.00,11.38840217000,
"TOI-1272 b",4.13204907,975.00,3.31599000000,
"HATS-62 b",11.82549500,1237.00,3.27688370000,
"Kepler-411 b",1.94000000,985.00,3.00515570400,
"Kepler-670 b",14.48941740,1229.13,2.81649787731,
"Kepler-548 b",13.80172180,997.23,4.45417003141,
"GJ 3470 b",4.13050781,595.19,3.33665106329,
"TOI-4794 b",13.73850000,1610.00,3.56580430000,
"Kepler-314 b",0.81000000,1218.00,2.46106655000,
"Kepler-74 b",10.76000000,1078.00,7.34071100000,"F8 V"
"TOI-5728 b",1.12696070,349.15,11.49745590357,
"HATS-68 b",13.80948800,1741.00,3.58622020000,
"Kepler-2000 b",2.59000000,523.00,6.38316346200,
"Kepler-42 d",0.57000000,450.00,1.86516900000,"M"
"HAT-P-45 b",16.90823315,1452.61,3.12904756215,
"Kepler-424 b",10.96253267,1198.25,3.31190262735,
"WASP-57 b",10.26700000,1251.00,2.83897100000,"G6"
"TOI-1516 b",17.27670000,1839.00,2.05601530000,
"WASP-20 b",15.46839337,1362.00,,
"Kepler-426 b",12.22000000,1300.00,3.21751883000,"G1 V"
"TOI-1749 d",2.52000000,533.00,9.04970000000,"M0 V"
"WASP-144 b",14.77319991,1346.07,2.27857495182,
"Kepler-152 c",2.96000000,326.00,88.25537290000,
"Kepler-1922 b",1.47000000,740.00,13.22262080000,
"GJ 238 b",0.57637819,896.00,1.74470021864,
"TOI-640 b",19.85113900,1749.00,5.00377750000,
"TOI-2346 b",16.11851425,1689.00,3.33120290000,
"LP 890-9 b",1.35136063,362.19,2.72990488544,
"TOI-277 b",4.25566447,587.92,3.99344182705,
"Kepler-1651 b",1.60000000,393.00,9.87864610000,
"HAT-P-62 b",12.02723629,1512.00,2.64532350000,
"K2-260 b",18.79690000,1973.00,2.62669830000,
"K2-114 b",10.67000000,661.00,11.39101300000,
"K2-329 b",8.77232540,670.39,12.45636917022,
"TOI-1298 b",9.65807033,1278.00,4.53714300000,
"TOI-1685 b",1.46800000,1062.00,0.66913924000,"M2.65 V"
"TOI-5736 b",1.56000000,1311.00,0.64899000000,
"HD 73583 c",1.99787000,502.00,18.87928710000,
"TOI-1836 b",8.28055741,889.51,20.38084500000,
"HAT-P-26 b",7.09629938,940.71,4.23421531199,
"TOI-283 b",2.01411000,610.00,17.61746520000,
"CoRoT-12 b",16.14000000,1442.00,2.82804200000,
"K2-277 b",2.23000000,953.00,6.32677000000,
"Kepler-426 b",11.70000000,1215.00,3.21752044000,
"Kepler-487 d",2.79000000,1270.00,2.41840544500,
"TOI-715 b",1.55000000,234.00,19.28800400000,"M4"
"NGTS-1 b",10.61344808,738.04,2.64730512494,
"TOI-836 c",2.64032000,704.00,8.59547920000,
"LHS 1678 b",0.97187949,830.44,0.86024057895,
"K2-232 b",12.77000000,1171.00,11.16840370000,
"HATS-5 b",10.21968330,938.37,4.76339524216,
"TOI-2969 b",12.33260000,944.00,1.82371480000,
"TOI-663 c",2.26000000,553.00,4.69555070000,"M1 V"
"TOI-1801 b",2.07900000,493.70,10.64387000000,"M0.5+/-0.5 V"
"K2-30 b",11.98242100,1203.00,4.09849000000,"G"
"TOI-2545 b",2.55760211,1022.99,7.99403671774,
"TOI-406 c",1.27315538,409.25,6.61491101611,
"KOI-217 b",13.14000000,1046.00,3.90508198500,
"HATS-3 b",15.48000000,1648.00,3.54785100000,"F"
"TOI-4961 b",13.44993018,828.27,7.47933740112,
"TOI-1452 b",1.61849438,304.15,11.06199374459,
"TOI-3568 b",5.30000000,899.00,4.41796500000,
"K2-19 b",7.74000000,854.00,7.91940000000,"G9 V"
"TOI-150.01",14.06729500,1404.50,5.85748700000,"F"
"TOI-451 c",3.10000000,875.00,9.19252200000,
"TOI-2076 d",3.16000000,648.00,,"K"
"TOI-2196 b",3.50302447,1720.86,1.19539683681,
"TOI-1836 c",2.59987579,2007.60,1.77274710000,
"HATS-61 b",13.39475500,1226.10,7.81795300000,
"NGTS-31 b",11.10570000,1265.00,4.16273300000,
"TOI-1669 c",2.34370000,1198.00,2.68005360000,
"CoRoT-13 b",14.03366800,1432.00,4.03519000000,
"Kepler-25 b",3.40000000,1313.00,6.23855930000,
"HR 858 c",1.97900000,1309.00,5.97386500000,
"TOI-907.01",9.61588510,1846.60,4.58491290000,
"Kepler-63 b",5.57000000,789.00,9.43415108900,
"TOI-700 b",0.96172883,384.06,9.97727296316,
"Kepler-14 b",9.86000000,1434.00,6.79012080100,
"TOI-216.02",7.69000000,628.00,17.08900000000,
"TOI-1470 b",2.18000000,734.00,2.52709300000,"M1.5 V"
"WASP-124 b",14.98640720,1481.00,3.37265110000,
"HD 25463 b",2.62000000,1290.00,7.04914400000,
"WASP-149 b",15.24421375,1855.00,1.33281300000,
"TOI-6038 A b",4.71778000,1617.00,5.82673100000,
"TOI-1174 b",2.35888000,723.00,8.95347750000,
"K2-199 b",3.17053923,609.33,,
"HIP 116454 b",2.46900000,753.20,9.10041570000,
"HD 183579 b",3.55000000,769.00,17.47127800000,
"Kepler-210 c",3.22000000,497.00,7.97251008700,
"WASP-183 b",16.47723000,1111.00,4.11177710000,"G9"
"Kepler-4 b",4.14000000,1507.00,3.21366862800,
"TOI-5349 b",10.20000000,719.00,3.31792100000,"M1+/-0.5"
"Kepler-40 b",7.00000000,1068.00,6.87317910000,
"TOI-1776 b",1.21612741,1269.21,2.79986800000,
"TOI-2421 b",10.36830715,1534.00,4.34740320000,
"GJ 341 b",0.86788700,629.00,7.57683340000,
"HD 93963 A b",1.53671000,1926.00,1.03761090000,
"TOI-5153 b",11.35470000,739.00,20.91084060000,
"HAT-P-36 b",14.16800000,1823.00,1.32734700000,
"L 98-59 c",1.35000000,517.00,3.69040000000,"M3 V"
"CoRoT-20 b",13.00244000,1100.00,9.24285000000,
"Kepler-718 b",13.38000000,1495.00,2.05234990500,
"TOI-6054.01",2.64000000,1360.00,7.50142800000,
"WASP-190 b",12.89035000,1500.00,5.36775300000,"F6 IV-V"
"TOI-2194 b",1.70050000,541.00,15.34190950000,
"TOI-1736 b",2.69175000,1099.00,7.07310570000,
"TOI-178 c",1.51483691,801.68,3.23842531548,
"K2-261 b",9.50521563,1030.00,11.63347800000,
"Kepler-102 b",0.49000000,797.00,5.28695437000,
"Kepler-953 b",4.60975453,429.66,,
"TOI-431 d",3.28094918,588.56,12.46100863975,
"NGTS-2 b",18.54830000,1599.00,4.51112340000,
"Wolf 327 b",1.24000000,996.00,0.57347450000,"M2.5 V"
"Kepler-314 c",2.87000000,907.00,5.96040108000,
"Kepler-10 b",1.46000000,2160.00,0.83749120000,
"EPIC 211945201 b",5.76000000,817.00,19.49221000000,
"TOI-942 b",3.52025000,1120.00,4.32765000000,
"TOI-4137 b",13.57407563,1570.00,3.80161220000,
"TOI-2525 b",9.72671289,512.97,23.34185356866,
"HIP 97166 b",2.74000000,757.00,10.28891000000,"K0 V"
"Kepler-450 d",0.89000000,1196.00,7.51447040000,
"K2-100 b",3.59000000,1748.00,1.67383300000,
"TOI-1807 b",1.25800000,2100.00,0.54937200000,
"TOI-1246 b",3.01000000,955.00,4.30744000000,"K V"
"TOI-1782.02",2.12683751,974.95,1.82902939880,
"TOI-3629 b",8.29464572,690.00,3.93655100000,"M1"
"HATS-30 b",13.17057500,1414.00,3.17435160000,"G"
"Kepler-506 b",2.67000000,1086.00,6.88340550000,
"TOI-1695 b",1.79929661,618.36,3.13429456192,
"TOI-561 c",2.91000000,800.00,10.77883100000,"G9 V"
"TOI-1272 b",4.59470000,923.00,3.31597720000,
"Kepler-25 b",2.64000000,1193.00,6.23853477100,
"TOI-4562 b",12.53000000,318.00,225.11781000000,"F7 V"
"K2-136 b",1.01400000,610.00,7.97520000000,
"K2-87 b",7.60000000,979.00,9.72661800000,
"K2-275 c",3.01612551,663.34,8.43889970961,
"K2-140 b",12.33083015,212.68,6.56920797691,
"TOI-880 c",4.95000000,805.00,6.38727030000,"K"
"TOI-5800 b",2.46000000,1108.00,2.62788380000,"K3 V"
"TOI-1266 b",2.37000000,413.00,10.89484300000,"M3"
"TOI-5573 b",9.14959000,475.00,8.79603280000,
"K2-199 b",1.87000000,861.00,3.22533800000,
"TOI-5728 b",1.31000000,382.00,11.49761000000,
"TOI-1422 b",3.83000000,870.00,12.99894000000,"G2 V"
"HAT-P-60 b",18.34280000,1574.00,4.79477490000,
"WASP-181 b",13.27145600,1186.00,4.51950640000,"G2"
"Kepler-289 b",2.67000000,607.00,34.54394520000,
"Kepler-426 b",11.68000000,1200.00,3.21751859300,
"TOI-1411 b",1.36000000,1136.00,1.45203580000,
"HATS-18 b",14.98643300,2060.00,0.83784340000,"G V"
"Kepler-25 c",4.75000000,934.00,12.72037026300,
"TOI-3912 b",14.23550000,1394.00,3.49361880000,
"TOI-1736 b",3.05000000,1186.00,7.07309100000,
"WASP-165 b",14.27761841,1552.67,3.46549525168,
"WASP-58 b",13.54780189,1143.95,5.01721460231,
"Kepler-40 b",16.14096000,1744.00,6.87316970000,
"TOI-654.01",2.37126000,748.54,1.52756570000,
"WASP-133 b",13.56289000,1790.00,2.17642300000,"G4"
"TOI-3980 b",17.06770000,1655.00,3.60891930000,
"HATS-54 b",11.37711541,1429.00,2.54417650000,"G6 V"
"TOI-2803 A b",17.45230000,1882.00,1.96229200000,
"HD 219134 d",1.61000000,410.50,46.85900000000,
"WASP-84 b",10.72000000,732.00,8.52349648000,"K0"
"HAT-P-36 b",14.61653600,1788.00,1.32734683000,"G5 V"
"Kepler-1670 b",2.80000000,731.00,20.49987630000,
"Kepler-377 b",1.16000000,810.00,12.50945250000,
"HAT-P-29 b",12.40800000,1260.00,5.72318600000,"F8"
"Kepler-318 c",5.00000000,950.00,11.81501800000,
"K2-199 c",2.67000000,639.00,7.37442000000,
"CoRoT-12 b",15.06489600,1417.00,2.82805268000,
"HATS-44 b",11.92923882,1067.08,2.74390294216,
"K2-98 b",5.06645928,1185.00,10.13673490000,
"K2-19 d",1.14000000,1252.00,2.50856000000,"G9 V"
"K2-32 d",3.75000000,505.00,31.71922000000,"G9 V"
"Wolf 503 b",1.75752030,481.29,,
"WASP-150 b",11.99363000,1460.00,5.64420700000,"F8"
"Kepler-44 b",7.10000000,1118.00,3.24673200000,
"K2-79 b",4.09000000,1022.00,10.99470000000,
"TOI-1422 c",2.61000000,628.00,34.56330000000,"G2 V"
"Kepler-10 b",1.47000000,2188.00,0.83749070000,
"Kepler-65 c",2.55000000,1236.00,5.85993872200,
"TOI-3629 b",8.09927000,706.00,3.93656290000,
"CoRoT-5 b",13.24903800,1348.00,4.03789620000,
"TOI-1467 b",1.87211450,525.98,5.97113566694,
"NGTS-35 b",10.67745326,451.76,731.99665390260,
"HATS-71 b",11.47801600,586.80,3.79552020000,"M3 V"
"TOI-2076 d",3.43087751,457.68,35.12568600000,
"WASP-119 b",13.85160928,1399.99,2.49979959810,
"HD 135694 b",2.18203000,735.00,15.92348830000,
"K2-138 e",3.11000000,757.00,8.26147000000,"G8 V"
"WASP-193 b",14.78464554,1250.00,6.24634750000,
"Kepler-4 b",4.15495542,1550.14,3.21356358671,
"WASP-182 b",8.61101065,1337.48,3.37711137153,
"TOI-512 b",1.52545823,830.56,7.18873321304,
"WASP-113 b",17.38160000,1491.00,4.54215940000,
"HD 63935 b",2.67607000,864.00,9.05882090000,
"TOI-700 c",2.65000000,356.00,16.05111000000,
"HATS-48 A b",8.96720000,954.60,3.13166660000,
"K2-261 b",9.52765000,1080.00,11.63344000000,"G7 IV/V"
"TOI-5616 b",10.78000000,939.00,2.00284900000,
"K2-222 b",2.35000000,871.00,15.38857000000,
"WASP-120 b",15.58048317,1749.00,,"F5"
"Wolf 503 b",2.04300000,790.00,6.00127000000,"K3.5 V"
"TOI-712 b",2.04900000,650.00,9.53136100000,"K4.5 V"
"HAT-P-61 b",10.07687365,1505.00,1.90231289000,
"TOI-4406 b",12.12752552,703.86,30.08350298174,
"HD 191939 d",2.99500000,540.00,38.35303700000,"G9 V"
"TOI-4479 b",2.68297219,781.57,1.15890129424,
"TOI-2266 b",1.54000000,550.00,2.32631800000,"M5.0+0.5-0.5"
"OGLE2-TR-L9 b",18.09132600,2039.00,2.48553300000,
"HATS-63 b",13.52926300,1398.30,3.05665270000,
"Kepler-8 b",15.90000000,1532.00,3.52249913000,
"TOI-1130 b",3.75483332,772.38,4.06864049281,
"TOI-1266 c",1.56000000,344.00,18.80151000000,"M3"
"TOI-1518 b",19.57650396,2917.53,1.90260596148,
"KOI-94 b",1.50000000,1423.00,3.74316673300,
"HAT-P-37 b",12.01490883,1149.34,2.79747573594,
"TOI-763 c",2.63000000,800.00,12.27370000000,"G"
"WASP-59 b",8.68700000,670.00,7.91958500000,"K5 V"
"K2-98 b",4.30000000,1102.00,10.13675000000,"F8 V"
"HAT-P-69 b",18.78628400,1930.00,4.78694910000,
"Kepler-4 b",3.72000000,1386.00,3.21366410000,
"TOI-2443 b",2.36300000,519.00,15.66858000000,"K5 V"
"TOI-1346 b",2.39000000,1324.00,1.76225380000,
"Kepler-91 b",15.39000000,1917.00,6.24668005000,
"WASP-174 b",16.10730527,1528.00,4.23370050000,
"TOI-5082.01",2.54811000,1164.91,4.24012200000,
"TOI-1472 b",4.47846985,826.01,6.36341055158,
"HD 191939 c",3.19500000,600.00,28.57974300000,"G9 V"
"HATS-67 b",16.76750000,1587.00,1.60918450000,
"TOI-3837 b",10.87271128,1178.00,11.88865000000,
"Kepler-490 b",16.91000000,1597.00,3.26869504200,
"TOI-1298 b",9.81535128,1326.63,4.53713613061,
"TOI-815 c",2.18380000,483.00,734.49877020000,
"TOI-2076 b",2.51800000,797.00,10.35509000000,
"Kepler-102 d",1.34000000,634.00,10.31174786000,
"HATS-24 b",16.66778300,2067.00,1.34849540000,"F V"
"Kepler-435 b",7.47000000,1016.00,8.60015330100,
"K2-348 c",2.67000000,655.00,12.55017100000,
"Kepler-68 c",0.97900000,1052.00,9.60502700000,
"K2-136 d",1.56500000,420.00,25.57500000000,
"K2-353 b",5.07911000,668.00,15.46586910000,
"TRAPPIST-1 b",1.11300000,400.00,1.51084800000,
"Kepler-785 b",9.86000000,983.00,1.97376051000,
"TOI-2421 b",10.75300000,1475.00,4.34740000000,
"Kepler-506 b",2.87691000,852.00,6.88340270000,
"TOI-1422 b",3.96000000,867.00,12.99720000000,"G2 V"
"HATS-38 b",6.88232600,1294.00,4.37502100000,
"TOI-712 b",2.24794000,584.00,9.53136600000,
"WASP-117 b",11.44400000,1001.00,10.02165000000,"F9"
"Kepler-522 b",4.76000000,652.00,38.58422849000,
"TOI-169 b",11.05352928,1579.78,2.25544592237,
"WASP-162 b",12.31820000,925.00,9.62466650000,
"HAT-P-43 b",14.47970000,1331.00,3.33268120000,
"TOI-7041 b",9.52959263,882.37,9.69946657672,
"HIP 9618 c",3.34000000,503.00,52.56360000000,
"Kepler-318 b",3.86000000,1039.00,4.66271902000,
"HAT-P-55 b",14.84069045,1367.00,3.58523130000,
"CoRoT-18 b",14.68000000,1550.00,1.90006930000,"G9 V"
"TOI-561 b",1.45000000,2480.00,0.44657300000,
"HAT-P-43 b",13.63000000,1353.00,3.33264140000,
"TOI-132 b",3.63967252,1284.92,2.10968046060,
"MASCARA-4 b",16.98160576,2250.00,2.82409320000,
"WASP-60 b",13.73102500,1479.00,4.30500400000,
"TOI-1107 b",13.89817396,1617.83,4.07823916031,
"WASP-84 b",10.93998400,833.00,8.52349620000,
"TOI-6002 b",1.54894820,296.40,10.90483924619,
"TOI-6303 b",11.59000000,541.00,9.48523600000,
"TOI-178 f",2.61967665,225.13,15.23218427640,
"Kepler-45 b",11.03000000,730.00,2.45524062000,
"TOI-5126 b",4.40571000,1247.00,5.45898630000,
"Kepler-411 b",1.94000000,985.00,3.00515570400,
"HATS-16 b",13.74702393,1432.37,2.68650414921,
"HIP 113103 b",1.82900000,721.00,7.61030300000,
"Kepler-68 b",2.25345000,1192.00,5.39873550000,
"K2-260 b",18.41635529,2090.00,2.62669762000,
"WASP-60 b",13.83954023,1406.74,4.30482901389,
"Kepler-270 c",1.50000000,769.00,25.26302680000,
"TOI-4308 b",2.45142000,759.00,9.15127760000,
"TOI-559 b",12.22899794,1180.00,6.98390950000,"G V"
"TOI-1408 b",8.36210000,1293.00,4.42470420000,
"Qatar-7 b",17.71639788,1869.41,2.03198834489,
"WASP-138 b",14.25000000,1616.00,3.63444470000,
"TOI-1768.01",3.28070000,1566.00,7.33772360000,
"Kepler-96 b",2.27000000,682.00,16.23846776700,
"TOI-2046 b",16.25284937,1828.82,1.49714467192,
"TOI-4463 A b",13.26022417,1395.00,2.88071980000,
"TOI-2406 b",2.86000000,449.00,3.07668910000,
"Kepler-1889 b",2.59000000,494.00,37.30376190000,
"WASP-129 b",13.14269004,1099.77,5.74813229288,
"GJ 3473 b",1.21073388,704.63,1.19799956042,
"Kepler-93 b",1.59000000,1039.00,4.72673947500,
"TOI-5076 b",3.02618000,527.00,23.44289120000,
"WASP-126 b",10.76064000,1480.00,3.28880000000,"G2"
"TOI-1333 b",15.21050000,1609.00,4.72019120000,
"TOI-4515 b",12.26639677,650.43,15.26646581815,
"TOI-6034 b",11.92000000,714.00,2.57618400000,
"Kepler-324 c",3.25000000,413.00,51.80966950000,
"HATS-75 b",9.66512601,684.72,2.78865403243,
"TOI-712 c",2.45531000,357.00,51.69914210000,
"TOI-763 c",2.86350851,722.28,12.27724442374,
"Kepler-102 b",0.49000000,797.00,5.28695437000,
"TOI-1806.01",2.84117990,308.70,15.15120508799,
"Kepler-102 f",0.95000000,457.00,27.45361460000,
"TOI-1723 b",2.95921000,802.00,13.72703950000,
"TOI-2379 b",11.57792161,584.25,5.46938875417,
"Kepler-93 b",1.50000000,1000.00,4.72674820000,
"Kepler-294 c",2.80000000,957.00,6.62643626000,
"Kepler-9 d",1.48000000,1517.00,1.59295975000,
"TOI-561 b",1.39700000,2319.00,0.44656970000,
"Kepler-323 c",1.57000000,1431.00,3.55382290000,
"Kepler-396 c",4.70000000,390.00,88.51220140000,
"TOI-2567 b",10.92875618,1352.00,5.98394400000,
"TOI-1246 d",3.51000000,586.00,18.65590000000,"K V"
"Kepler-44 b",12.40000000,1459.00,3.24673204800,
"Kepler-506 b",2.67000000,1086.00,6.88340550000,
"Kepler-41 b",10.24000000,1436.00,1.85555754000,
"TOI-4201 b",13.67495645,725.00,3.58191940000,"M1.0+/-0.5"
"WASP-195 b",9.11036000,1372.00,5.05189070000,
"HD 23472 e",0.81800000,723.00,7.90754000000,"K4 V"
"TOI-2719 b",6.03548000,1514.00,3.37594460000,
"WASP-120 b",13.61374033,1665.52,3.61126205810,
"TOI-500 b",1.16600000,1617.00,0.54817700000,"K6 V"
"WASP-170 b",12.28506400,1422.00,2.34478022000,
"HD 25463 b",2.54535814,1198.46,7.04914230000,
"TOI-2145 b",12.25210000,1327.00,10.26113290000,
"TOI-762 A b",8.33948164,555.40,3.47168260000,
"WASP-20 b",14.34752000,1282.00,,
"Kepler-44 b",13.90000000,1603.00,3.24674000000,"G2 IV"
"NGTS-3 A b",13.23665630,1434.44,1.67515675726,
"Wolf 503 b",2.03000000,805.00,6.00118000000,"K3.5 V"
"IRAS 04125+2902 b",10.73820351,854.00,8.83497800000,
"Kepler-411 d",3.51000000,367.00,58.01920070000,
"K2-26 b",3.55068952,104.26,,
"Kepler-210 c",3.30000000,566.00,7.97254360000,
"HATS-9 b",13.85000000,1746.00,1.91529100000,
"K2-266 d",3.17788403,512.94,14.69808003166,
"HATS-43 b",13.89945234,949.68,4.38885164746,
"HATS-8 b",9.78545700,1324.00,3.58389300000,
"Kepler-1211 b",2.69000000,840.00,11.01816836000,
"Kepler-1958 b",1.62000000,806.00,9.32867952000,
"Kepler-817 b",8.02000000,1125.00,3.99010622900,
"Kepler-1904 b",1.37000000,567.00,4.57699384000,
"Kepler-84 c",2.94000000,819.00,12.88296485000,
"LTT 1445 A c",1.07000000,516.00,3.12389940000,
"TOI-6016 b",14.97020000,1382.00,4.02368050000,
"TOI-332 b",3.28324000,2240.00,0.77685000000,
"HATS-77 b",13.90112935,798.04,3.08762973344,
"TOI-776 c",2.02000000,415.00,15.66530000000,"M1 V"
"TOI-6000 b",0.94000000,1120.00,0.44895900000,
"HATS-2 b",13.22366376,1415.98,1.35413417418,
"TOI-4940 b",6.61000000,643.00,25.86781100000,"G8 V"
"TrES-5 b",13.38354600,1480.00,1.48224686000,
"Kepler-610 b",3.28000000,888.00,6.99692655400,
"Kepler-967 c",2.86000000,236.00,198.71125020000,
"TOI-5882 b",11.46678726,1515.00,7.14897200000,
"HAT-P-39 b",17.60900000,1752.00,3.54387000000,
"TOI-411 c",2.32800000,931.00,9.57308300000,
"K2-285 b",2.65245000,1163.00,3.47156440000,
"HAT-P-44 b",13.92200000,1108.00,4.30121900000,
"TOI-5232 b",12.77823800,1772.00,4.09666920000,
"K2-113 b",12.14000000,1098.00,5.81768500000,
"TOI-2152 A b",15.30583607,1745.89,3.37728354062,
"K2-138 b",1.49000000,1157.00,2.35321000000,"G8 V"
"K2-32 d",3.33000000,500.00,31.71690000000,
"TOI-1759 b",3.12029598,387.96,18.85018000000,
"TOI-238 b",1.61200000,1456.61,1.27311400000,
"Kepler-487 b",13.32806130,668.65,15.35735215762,
"NGTS-31 b",18.04645893,1410.00,4.16273400000,
"TOI-5592 b",13.91080000,1422.00,2.60858510000,
"WASP-180 A b",13.89916000,1540.00,3.40926400000,"F7 V"
"Kepler-532 b",2.62000000,642.00,12.92491623000,
"Kepler-1035 b",1.00000000,1228.00,2.71407755500,
"TOI-1798.02",1.39939037,1935.83,0.43781460000,
"K2-261 b",10.26400000,935.00,11.63321270000,
"TOI-1695 b",1.90000000,698.00,3.13427910000,"M1 V"
"HATS-72 b",9.49027000,697.00,7.32794500000,
"NGTS-8 b",12.21781000,1345.00,2.49970000000,"K0 V"
"Kepler-487 c",2.62000000,504.00,38.65199760000,
"K2-232 b",11.85912200,1001.00,11.16845900000,
"TOI-1266 b",2.62000000,425.00,10.89484100000,"M3 V"
"Qatar-9 b",11.30988100,1134.00,1.54073100000,"K5 V"
"K2-100 b",3.44449000,1461.00,1.67390290000,
"Kepler-522 b",4.76000000,652.00,38.58422849000,
"HIP 41378 d",3.54000000,367.00,278.36180000000,
"Kepler-65 b",1.27000000,1592.00,2.15491890000,
"TOI-5293 A b",11.90000000,675.00,2.93028900000,"M3+/-1"
"K2-133 d",2.46843000,734.00,11.02488210000,
"TOI-2005 b",12.49784019,1221.39,17.30579231771,
"Kepler-1877 b",0.48000000,1227.00,2.37752807000,
"Kepler-381 c",1.58000000,1180.00,13.39155154000,
"Kepler-945 b",2.79000000,609.00,31.00338140000,
"TOI-2141 b",2.85973000,767.00,18.26168780000,
"TOI-1439 b",4.24278610,748.40,27.64400000000,
"CoRoT-13 b",12.53306062,1233.17,4.03504443843,
"KOI-94 e",6.56000000,584.00,54.32031000000,
"TOI-3877 b",12.05740000,1115.00,4.12254770000,
"Kepler-410 A b",2.16267000,782.00,17.83358990000,
"TOI-125 c",2.79000000,821.00,9.15067000000,"K0 V"
"TOI-2328 b",9.97599282,842.00,17.10197000000,
"Kepler-44 b",12.22000000,1544.00,3.24672930000,"G2 IV"
"NGTS-9 b",11.99363000,1448.00,4.43527000000,"F8 V"
"TOI-6041 b",4.55000000,605.60,26.04945000000,"G7"
"Kepler-487 c",2.07000000,487.00,38.65207960000,
"TOI-406.01",1.96023730,344.17,13.17572940000,
"Kepler-600 b",2.76000000,528.00,23.67513153000,
"Kepler-491 b",9.16000000,1118.00,4.22538451200,
"GJ 9827 d",2.07000000,680.00,6.20146700000,"K5 V"
"TOI-5293 A b",11.89330000,662.00,2.93043710000,
"TOI-125 c",2.62011000,710.00,9.15494180000,
"TOI-2136 b",2.17058026,379.28,7.85190820405,
"Wendelstein-1 b",13.68573672,832.68,2.66341539187,
"HD 15906 b",2.24000000,668.00,10.92470900000,"K V"
"TOI-5726.01",2.43067499,1093.03,5.49113023427,
"GJ 9827 d",2.04000000,646.00,6.20142000000,"K6 V"
"TOI-3919 b",10.21300000,1026.00,7.43326420000,
"HD 89345 b",7.26343200,1068.00,11.81430000000,
"HATS-42 b",13.24971416,1622.35,2.29203483325,
"Kepler-102 f",0.79000000,460.00,27.45372940000,
"TOI-3894 b",15.15454191,1504.00,4.33454010000,
"Kepler-1170 b",2.60000000,704.00,9.98969327000,
"KOI-142 b",3.78000000,791.00,10.91638600000,
"Kepler-107 c",1.59700000,1379.00,4.90145200000,
"Kepler-1614 b",1.56000000,981.00,3.94661410000,
"Kepler-423 b",12.43000000,1291.00,2.68432848500,
"TOI-1777.01",1.81908000,580.00,14.65039350000,
"HD 191939 c",3.18237760,554.51,28.57988900000,
"NGTS-4 b",3.18000000,1650.00,1.33735080000,
"HD 260655 c",1.53300000,557.00,5.70588000000,"M0 V"
"TOI-905 b",13.12573900,1192.00,3.73949400000,
"L 98-59 d",3.04528000,329.00,7.45073050000,
"HAT-P-43 b",14.35900000,1361.00,3.33268700000,
"Kepler-542 b",1.80000000,767.00,13.14497566000,
"Kepler-1848 b",2.43000000,1142.00,5.60401852000,
"TOI-1272 b",4.14000000,961.00,3.31599000000,
"Kepler-723 b",10.85000000,1019.00,4.08227506800,
"KOI-94 b",1.55000000,1391.00,3.74317555600,
"TOI-1296 b",14.11645916,1414.84,3.94437360000,
"TOI-421 c",5.09000000,673.60,16.06819000000,"G9 V"
"TOI-1269 b",2.34833829,994.53,4.25296414061,
"HAT-P-11 b",4.82000000,800.00,4.88780307600,
"Kepler-1952 b",1.29000000,725.00,27.21113850000,
"Kepler-491 b",9.00000000,1111.00,4.22538454300,
"TOI-2180 b",11.31924234,360.17,260.17400608713,
"WASP-31 b",17.37395000,1580.00,3.40000000000,
"Kepler-37 e",0.37000000,401.00,51.20690000000,
"Kepler-468 b",13.44000000,484.00,38.47875706700,
"HATS-25 b",14.28926088,1177.86,4.29864661021,
"K2-121 b",7.50000000,723.00,5.18576100000,
"Kepler-350 d",2.80000000,747.00,26.13617000000,
"OGLE-TR-113 b",18.22384181,1222.82,1.43282548620,
"Kepler-487 c",2.62000000,504.00,38.65199760000,
"WASP-155 b",13.45077684,1468.00,3.11041300000,
"Kepler-493 b",11.42000000,1433.00,3.00387658100,
"K2-390 b",4.28877000,1119.00,3.31292140000,
"Kepler-18 d",5.96000000,720.00,14.85891268700,
"TOI-5232 b",12.97340000,1637.00,4.09668870000,
"Kepler-40 b",13.44000000,1482.00,6.87316640000,
"HAT-P-28 b",12.35693611,1237.76,3.25738980165,
"HATS-50 b",13.60620730,1275.39,3.83041624765,
"TOI-776 b",1.85000000,514.00,8.24661000000,"M1 V"
"Kepler-8 b",15.47962900,1662.00,3.52250470000,
"HAT-P-46 b",14.39200000,1458.00,4.46312900000,
"WASP-150 b",11.44628951,1379.03,5.64421124175,
"TOI-6330 b",10.89000000,495.00,6.85002460000,
"HD 42813 b",3.54939624,710.31,13.63080240563,
"TOI-4155 b",3.21000000,1255.00,3.32072900000,
"TOI-1248 b",6.95642576,961.61,4.36015363069,
"Kepler-134 b",1.94000000,1105.00,5.31744016400,
"HR 858 b",1.77141000,1404.00,3.58529000000,
"Kepler-241 c",2.61000000,387.00,36.06595000000,
"K2-330 b",2.67656000,912.00,13.77483610000,
"TOI-5238 b",4.89644000,1042.00,4.87219040000,
"HATS-77 b",13.05846252,828.30,3.08762620000,
"K2-30 b",11.64615100,1092.00,4.09850300000,"G6 V"
"XO-6 b",23.20263000,1577.00,3.76500070000,"F5"
"Kepler-339 c",1.18000000,852.00,6.98803345000,
"HATS-53 b",15.02006000,1312.00,3.85377680000,
"KELT-8 b",20.84874000,1675.00,3.24406000000,"G2 V"
"HD 2685 b",17.09520000,1715.00,4.12690460000,
"HD 332231 b",9.07303305,798.30,18.71202400000,
"Kepler-785 b",9.14000000,752.00,1.97376092600,
"TOI-4463 A b",22.42970000,1421.00,2.88069000000,
"KELT-4 A b",19.04409100,1823.00,2.98959320000,"F"
"TOI-2088 b",3.68311790,300.33,124.72997000000,
"Kepler-1396 b",1.49000000,745.00,18.22077000000,
"Kepler-377 b",1.16000000,810.00,12.50945250000,
"Kepler-32 f",0.86000000,1137.00,0.74295600000,
"Kepler-752 b",2.92000000,632.00,18.82747265000,
"Kepler-1663 b",3.16000000,414.00,17.60443700000,
"KOI-351 e",2.25000000,448.00,91.94069000000,
"WASP-135 b",13.99774776,1403.66,1.40137840070,
"TOI-2338 b",12.27650000,537.00,22.65396070000,
"TOI-1807 b",1.53904000,1706.00,0.54937000000,
"Kepler-319 c",2.96000000,876.00,6.94135824000,
"Kepler-1456 b",1.14000000,433.00,18.13738290000,
"Kepler-414 c",3.00000000,895.00,7.17073207500,
"Kepler-1184 b",2.80000000,536.00,53.59923000000,
"Kepler-1954 b",1.27000000,949.00,5.88350251000,
"Kepler-636 b",2.80000000,461.00,16.08066114700,
"TOI-5678 b",5.11487000,389.00,119.33552640000,
"TRAPPIST-1 g",1.12700000,198.60,12.35294000000,
"HAT-P-21 b",12.42490000,1289.00,4.12448330000,
"TOI-125 b",2.72600000,1037.00,4.65382000000,"K0 V"
"Qatar-4 b",12.72221500,1385.00,1.80535640000,"K1 V"
"GJ 367 b",2.66076000,1296.00,0.32192330000,
"Kepler-491 b",8.88931966,1097.04,4.22534982536,
"Kepler-1873 b",1.19000000,1684.00,0.55884060000,
"TOI-2169 A b",12.50922246,1364.00,8.21482820000,
"TOI-3135 b",12.97580000,1114.00,3.70656030000,
"HATS-25 b",14.12334000,1277.00,4.29864320000,"G"
"Kepler-63 b",5.57000000,789.00,9.43415108900,
"K2-43 b",4.23142650,636.76,3.47128026240,
"TOI-6651 b",5.09000000,1493.00,5.05697300000,
"Kepler-75 b",11.55000000,850.00,8.88492400000,"G8 V"
"Kepler-411 c",3.79733535,683.70,7.83446882553,
"WASP-149 b",15.32069155,1689.34,1.33282518275,
"TOI-1246 e",3.78000000,462.00,37.92160000000,"K V"
"HAT-P-17 b",11.32100000,792.00,10.33852300000,"K"
"HAT-P-17 b",11.87290000,903.00,10.33850500000,
"HAT-P-17 b",11.37711541,800.00,10.33853781000,
"Kepler-76 b",13.67000000,2013.00,1.54492888300,
"Kepler-450 d",0.89000000,1196.00,7.51447040000,
"Kepler-1891 b",1.37000000,1017.00,4.02231090000,
"Kepler-91 b",14.93000000,1902.00,6.24667547000,
"WASP-151 b",13.22170304,1206.89,4.53346998242,
"KPS-1 b",10.19990000,1091.00,1.70632640000,
"TOI-1470 b",2.20071815,661.90,2.52728224244,
"TOI-2445 b",1.25000000,1060.00,0.37112810000,
"Kepler-435 b",7.47000000,1016.00,8.60015330100,
"Kepler-450 b",6.08000000,769.00,28.45489091000,
"TOI-270 b",1.30600000,569.00,,
"K2-138 e",3.30997000,794.00,8.26166160000,
"K2-275 b",2.50448263,908.85,3.28102986099,
"K2-138 g",3.18000000,445.00,41.96645000000,"G8 V"
"TOI-1260 b",2.58028957,813.04,3.12746344589,
"TOI-905 b",13.93173527,1105.76,3.73957156087,
"TOI-1136 e",2.54567020,669.11,18.80693000000,
"WASP-168 b",16.81350000,1340.00,4.15365800000,"F9 V"
"LHS 1478 b",1.39292173,560.78,1.94954033784,
"Kepler-68 c",1.11000000,944.00,9.60486900000,
"HAT-P-14 b",14.36940000,1581.00,4.62766400000,
"Kepler-56 b",4.96000000,1368.00,10.50073340000,
"Kepler-1439 b",2.10000000,532.00,8.07392000000,
"TOI-5398 c",3.30213000,1222.00,4.77289970000,
"HAT-P-62 b",12.78036574,1423.54,2.64521208547,
"TOI-2158 b",10.76062147,1188.00,8.60077000000,
"TOI-4603 b",11.67975789,1677.00,7.24599000000,"F"
"TOI-776 c",2.04700000,420.00,15.66532300000,
"K2-131 b",1.69000000,2223.00,0.36930380000,
"Kepler-1217 b",1.87000000,1542.00,2.03231907200,
"TOI-1601 b",14.19902343,1493.97,5.33175000000,
"K2-216 b",1.79105000,1013.00,2.17478240000,
"OGLE2-TR-L9 b",36.50912537,2045.26,2.48558063537,
"HATS-66 b",15.81589900,1998.00,3.14143910000,
"TOI-3321 b",14.73020000,1553.00,3.65253050000,
"TOI-2081 b",2.04000000,488.00,10.50534000000,"M1.0"
"TOI-2084 b",2.07448000,554.00,6.07840310000,
"HD 191939 b",3.39000000,893.00,8.88029000000,"G9 V"
"TOI-5800 b",2.83310167,1037.82,2.62826056730,
"K2-285 b",2.59000000,1088.90,3.47174500000,"K2 V"
"Kepler-432 b",12.41000000,812.00,52.50086450000,
"K2-350 b",1.54000000,1158.00,4.16387300000,
"TOI-5153 b",11.88151954,906.00,20.33003000000,"F8 V"
"TOI-1052 b",2.87000000,1135.00,9.13970300000,
"Kepler-41 b",9.40000000,1401.00,1.85555773000,
"TOI-2145 b",12.41899699,1363.43,10.26112700000,
"KOI-12 b",13.16000000,911.00,17.85522168100,
"TOI-2407 b",3.79423915,657.10,2.70291867531,
"Kepler-7 b",17.29000000,1499.00,4.88548895300,
"K2-155 d",1.90000000,381.00,40.71800000000,
"TOI-5205 b",11.60000000,737.00,1.63075700000,"M4.0"
"TOI-1346 b",2.52358179,1186.61,1.76225372591,
"TOI-2583 A b",13.73210000,1440.00,4.52074000000,
"HATS-76 b",11.75690439,857.33,1.94163656751,
"Kepler-36 c",3.44000000,930.00,16.23068500000,
"Kepler-130 b",1.02000000,982.00,8.45744892000,
"HATS-52 b",15.49083800,1834.00,1.36665436000,
"KOI-217 b",11.70000000,1028.00,3.90508100000,
"K2-329 b",8.67576600,650.00,12.45512250000,
"TOI-564 b",7.75140650,1574.49,1.65114558035,
"TOI-880.02",2.77792285,1063.10,2.57359428214,
"TOI-1630.01",2.39173000,584.00,12.05573530000,
"TOI-521 b",1.98000000,794.00,1.54285047000,"M3"
"TOI-2346 b",14.87700000,1715.00,3.33119750000,
"Kepler-424 b",7.10000000,1143.00,3.31186280000,
"Kepler-396 b",3.49000000,531.00,42.99255302000,
"Kepler-37 c",0.71000000,562.00,21.30199109000,
"TOI-2260 b",1.62000000,2609.00,0.35247280000,"G V"
"TOI-3023 b",16.25670000,1511.00,3.90149040000,
"K2-371 b",12.11200864,956.83,3.11489307594,
"Kepler-1179 b",1.34000000,1137.00,2.68505749200,
"Kepler-269 b",2.45000000,1007.00,5.32670215000,
"Kepler-893 b",3.19000000,1034.00,6.33855761000,
"NGTS-1 b",14.90797000,790.00,2.64729800000,"M0.5"
"K2-260 b",17.39636800,1957.00,2.62666570000,"F6 V"
"NGTS-12 b",10.61111896,1156.08,7.53376570241,
"K2-136 d",1.45000000,373.00,25.57506500000,"K5.5"
"Kepler-670 b",12.82000000,1253.00,2.81650485200,
"HIP 8152 c",1.75937100,981.28,6.19132000000,
"Kepler-289 b",3.80000000,755.00,34.54363000000,
"TOI-836 b",1.69257000,763.99,3.81672620000,
"Kepler-855 b",9.23000000,995.00,7.88663110400,
"TOI-1820 b",12.77823800,1375.00,4.86067400000,
"Kepler-10 b",1.45000000,1968.00,0.83749133100,
"Kepler-423 b",12.43000000,1291.00,2.68432848500,
"TOI-6383 A b",11.29000000,745.00,1.79058695000,"M3"
"KOI-94 e",5.79000000,570.00,54.31998605000,
"TOI-4633 c",3.52959232,268.57,271.93863897100,
"K2-3 c",1.69000000,381.00,24.64658200000,
"TOI-1467 b",1.67599550,506.07,5.97199000000,
"L 98-59 d",1.52100000,416.00,7.45072450000,"M3 V"
"LTT 3780 b",1.35000000,1000.00,0.76837700000,"M3.5 V"
"TOI-2322 c",1.90902493,458.03,20.22549457472,
"HD 191939 c",3.14550353,545.00,28.58047400000,
"TOI-4201 b",12.04280000,702.00,3.58097330000,
"TOI-1075 b",1.79100000,1323.00,0.60473280000,"K9 V/M0 V"
"TOI-907.01",9.61588513,1644.79,4.58491290523,
"WASP-106 b",12.16200000,1140.00,9.28971500000,"F9"
"WASP-106 b",11.48126141,1085.26,9.28970063289,
"WASP-130 b",9.97601000,833.00,11.55098000000,"G6"
"WASP-130 b",11.02520000,763.00,11.55097420000,
"K2-287 b",9.49402300,804.00,14.89329100000,
"HD 89345 b",7.39794000,1089.00,11.81430000000,
"K2-344 b",1.91490000,688.00,3.35572190000,
"Kepler-896 c",3.23000000,517.00,29.54229630000,
"Kepler-286 d",1.31000000,919.00,5.91426680000,
"TOI-4364 b",2.01000000,488.00,5.42401900000,"M4 V"
"TOI-6000 b",1.01526302,1022.91,0.44895891195,
"TOI-1288 b",4.96846551,1203.44,2.69982790000,
"TOI-2211.01",1.62562272,1056.92,3.09268584419,
"CoRoT-11 b",21.74555811,1681.79,2.99328197444,
"TOI-2485 b",12.13932610,1134.00,11.23479000000,
"Kepler-93 b",1.59000000,1039.00,4.72673947500,
"WASP-99 b",12.33000000,1480.00,5.75251000000,"F8"
"TOI-1386 b",4.31235000,667.00,25.83864220000,
"TOI-4406 b",11.20898070,904.00,30.08364000000,
"Kepler-210 b",2.23000000,736.00,2.45323589900,
"TOI-4087 b",13.90160000,1393.00,3.17748140000,
"GJ 367 b",0.69900000,1365.00,0.32192250000,"M1.0 V"
"Kepler-43 b",12.10000000,1475.00,3.02409254800,
"Kepler-720 b",11.10000000,1162.00,4.70832654200,
"Kepler-96 b",2.51211244,694.46,16.23852463176,
"TOI-2498 b",6.06000000,1443.00,3.73825200000,
"K2-330 b",2.77000000,969.00,13.77479800000,
"NGTS-9 b",11.21102312,1365.12,4.43528840000,
"Kepler-318 b",5.89000000,1327.00,4.66271905800,
"TOI-1443 b",2.30381001,520.66,23.54067800000,
"HAT-P-70 b",20.18520000,2388.00,2.74432160000,
"TOI-1937 A b",14.66610000,1646.00,0.94667870000,
"WASP-169 b",18.37017356,1583.75,5.61077370946,
"WASP-141 b",13.38201300,1455.81,3.31066920056,
"TOI-238 b",1.55900000,1378.00,1.27309900000,"K2 V"
"TOI-4010 c",6.61394759,872.00,5.41462349278,
"Kepler-265 c",2.41000000,760.00,17.02902105000,
"Kepler-1293 b",0.90000000,1214.00,5.57654784000,
"Kepler-43 b",13.00000000,1628.00,3.02409309000,"F8 V"
"TOI-824 b",2.92600000,1253.00,1.39297800000,"K4 V"
"HATS-76 b",12.09449018,939.80,1.94164230000,
"K2-344 b",1.59000000,722.00,3.35585000000,
"TOI-2096 b",1.62297957,454.50,3.11907156164,
"TOI-1694 b",5.48002658,953.42,3.77012960887,
"HAT-P-69 b",18.01120000,1933.00,4.78695800000,
"Kepler-102 c",0.56700000,777.00,7.07139200000,
"TOI-2000 c",8.34235000,970.00,9.12705190000,
"Kepler-18 b",1.82000000,1120.00,3.50476100000,
"TOI-3160 A b",13.76462830,1539.00,3.97128100000,
"NGTS-11 b",8.98070000,485.00,35.45579450000,
"GJ 9827 d",2.10000000,604.90,6.20141000000,"K6 V"
"TOI-2134 c",5.95763000,356.00,95.85316250000,
"WASP-178 b",21.20120000,2277.00,3.34483120000,
"HAT-P-11 b",4.68000000,794.00,4.88780026000,
"K2-277 b",2.07000000,958.00,6.32676300000,
"TOI-700 d",1.14400000,268.80,37.42475000000,
"TOI-3331 A b",12.97999965,1488.00,2.01802310000,
"Kepler-41 b",14.46000000,1790.00,1.85555820000,"G2 V"
"WASP-118 b",18.28510000,2509.00,4.04606440000,
"TOI-1438 b",2.25905702,883.38,5.13966660000,
"Kepler-723 b",10.55000000,1016.00,4.08227488900,
"Kepler-289 c",11.55958327,162.20,125.86590481387,
"Kepler-102 e",2.52000000,549.00,16.14569077200,
"TOI-663 d",1.92000000,482.00,7.10272680000,"M1 V"
"Kepler-41 b",11.65736000,1770.00,1.85555770000,
"HATS-35 b",15.65930000,1958.00,1.82069000000,
"TOI-561 d",2.72148317,552.84,25.71255000000,
"Kepler-8 b",15.90148318,1566.70,3.52247509700,
"TOI-178 b",1.15200000,1040.00,1.91455800000,"K"
"Kepler-493 b",16.72086292,1590.58,3.00390101041,
"TOI-4479 b",2.82000000,861.00,1.15890000000,"M3.0"
"TOI-4201 b",12.69000000,739.00,3.58192320000,
"Kepler-660 b",2.47000000,649.00,9.27358173000,
"HD 110067 c",2.38800000,699.00,13.67369400000,"K0.0 V"
"WASP-124 b",13.89916000,1400.00,3.37265000000,"F9"
"HD 20329 b",1.72000000,2141.00,0.92611800000,
"TOI-3261 b",4.37490943,1609.57,0.88312790000,
"WASP-193 b",16.40994774,1254.00,6.24633450000,"F9"
"TOI-1439 b",3.68027000,801.00,27.64386170000,
"HD 135694 b",2.51000000,815.00,15.92346000000,
"Kepler-495 b",5.50080272,1065.34,3.41307808909,
"Kepler-65 c",2.55000000,1236.00,5.85993872200,
"Kepler-422 b",12.24000000,1000.00,7.89144847400,
"HATS-61 b",9.95177000,1125.00,7.81814340000,
"HD 28109 c",4.60744436,596.67,56.00450564844,
"HAT-P-50 b",14.32293971,1728.26,3.12201660495,
"Kepler-937 c",2.40000000,377.00,153.34336400000,
"Kepler-685 b",9.74000000,1572.00,1.62552220000,
"TOI-1803 b",2.99000000,747.00,6.29328700000,
"TOI-1130 c",13.00000000,650.00,8.35018980000,
"WASP-184 b",14.90797000,1480.00,5.18170000000,"G0 V"
"K2-138 c",2.26000000,1012.00,3.56015000000,"G8 V"
"Kepler-785 b",9.14000000,752.00,1.97376092600,
"K2-180 b",2.13000000,672.00,8.86560000000,
"K2-31 b",12.57069193,1603.98,1.25781300511,
"HD 15906 b",1.90150181,621.42,10.92454779649,
"TOI-2368 b",11.47266206,910.93,5.17501080000,
"TOI-1408 c",1.39527000,1864.00,2.22220940000,
"TOI-2120 b",2.12200000,384.00,5.79981640000,
"TOI-908 b",3.10801631,1217.65,3.18377891634,
"Kepler-65 c",2.56000000,1246.00,5.85993595500,
"TOI-2420 b",11.82520000,1166.00,5.84259000000,
"TOI-2447 b",9.60609646,414.00,69.33684000000,
"Kepler-1088 b",1.36000000,672.00,23.12748644000,
"Kepler-203 b",2.29000000,1234.00,3.16269123800,
"Kepler-1325 b",2.40000000,510.00,33.87854000000,
"HD 191939 d",3.11688960,502.73,38.35256200000,
"TOI-1173 b",9.19000000,868.00,7.06466000000,"G9"
"TOI-663 c",2.66263751,552.50,4.69559860409,
"TOI-500 b",1.35917743,1577.39,0.54815729517,
"LHS 1140 b",1.73000000,226.00,24.73723000000,"M4.5 V"
"TOI-1266 c",1.67300000,347.10,18.80152000000,"M2 V"
"NGTS-12 b",11.74703200,1257.00,7.53280600000,"G"
"Kepler-432 b",12.39000000,816.00,52.50107680000,
"Kepler-1934 b",0.84000000,1760.00,1.41974914600,
"LTT 1445 A b",1.30500000,424.00,5.35876570000,
"Kepler-75 b",12.68384366,794.77,8.88495108587,
"TOI-1898 b",9.70557571,681.60,45.52214555606,
"HATS-9 b",13.74175585,1764.73,1.91552575756,
"WASP-110 b",13.19297028,1158.00,3.77840220000,
"TOI-530 b",8.61211634,495.61,6.38757391100,
"LP 791-18 b",1.21200000,564.30,0.94799810000,"M(6.1 +/- 0.7) V"
"TOI-270 b",1.20600000,581.00,3.36015380000,"M"
"Kepler-1251 b",1.96000000,475.00,45.08870000000,
"TOI-776 b",1.76873146,474.67,8.24661326950,
"K2-295 b",10.05447300,852.00,4.02486700000,"K5 V"
"TOI-206 b",1.30000000,910.00,0.73631040000,
"Kepler-7 b",18.18099800,1630.00,4.88548920000,
"TOI-178 d",2.57200000,690.00,6.55770000000,"K"
"Kepler-502 b",4.20000000,1202.00,4.28685900000,
"Kepler-1767 b",3.59000000,393.00,59.65853480000,
"Kepler-1179 b",1.26000000,1129.00,2.68505800000,
"Kepler-303 b",0.95000000,794.00,1.93703206800,
"TOI-6448 b",7.05099000,641.00,14.84426740000,
"Kepler-18 c",4.98000000,899.00,7.64157153300,
"WASP-116 b",15.54230000,1389.00,6.61321320000,
"TOI-2128 b",2.62907902,777.21,16.34138890210,
"TOI-2207 b",10.97092652,1178.03,8.00048904124,
"TOI-470 b",4.61313190,659.68,12.19145582957,
"WASP-66 b",13.03234369,1569.70,4.08604953569,
"WASP-68 b",13.90000000,1490.00,5.08429800000,"G0"
"Kepler-74 b",14.41000000,1155.00,7.34071474600,
"TOI-954 b",9.55006800,1526.00,3.68497290000,
"Kepler-93 b",1.47800000,1133.00,4.72673978000,
"Qatar-5 b",12.40836300,1415.00,2.87923190000,"G2 V"
"K2-180 b",2.46597575,797.50,8.86566300000,
"Kepler-506 b",2.61000000,1068.00,6.88340300000,
"HAT-P-59 b",12.98126322,1182.99,4.14198051012,
"HATS-70 b",15.51325600,2730.00,1.88823780000,
"TOI-2093 c",2.30000000,329.00,53.81149000000,"K5 V"
"TOI-5713 b",1.77000000,347.20,10.44198900000,"M3.5+/-0.5"
"HIP 41378 e",4.92000000,335.00,369.00000000000,
"TOI-3353.01",2.17821000,1068.00,4.66580070000,
"HATS-64 b",18.81991100,1793.00,4.90889700000,
"Kepler-855 b",9.40000000,960.00,7.88663200000,
"TOI-4551 b",8.32411000,1655.00,9.95629600000,
"TOI-2714 b",12.92390000,1544.00,2.49938950000,
"TOI-5301 b",13.19297028,1655.00,5.85885800000,
"TOI-1221 b",2.91000000,440.00,91.68278000000,
"TOI-5398 b",11.11890000,919.00,10.59092300000,
"K2-39 b",7.04461252,1124.99,4.60808540736,
"CoRoT-4 b",13.34000000,1074.00,9.20205000000,
"TOI-2524 b",11.20898070,1100.00,7.18585000000,
"TOI-2025 b",12.52043144,1167.00,8.87207800000,
"TOI-669 b",2.58606487,1124.85,3.94515200000,
"HD 110067 d",2.85200000,602.00,20.51961700000,"K0.0 V"
"TOI-5293 A b",10.98480109,676.00,2.93028900000,
"Kepler-547 b",3.80000000,768.00,6.01038333900,
"Kepler-487 b",10.89000000,662.00,15.35876777100,
"Kepler-1624 b",2.27000000,399.00,3.29030451800,
"KELT-17 b",17.09372500,2087.00,3.08017160000,"A"
"Kepler-422 b",12.92999416,1042.35,7.89142712368,
"NGTS-13 b",12.80067800,1605.00,4.11902700000,
"Kepler-495 c",0.80000000,822.00,5.89661090000,
"Kepler-1567 b",2.53000000,330.00,153.97936200000,
"HD 110067 b",2.20000000,800.00,9.11367800000,"K0.0 V"
"TOI-1227 b",6.45224486,243.77,27.36137783684,
"TOI-1442 b",1.17000000,1072.00,0.40906770000,
"K2-199 c",2.78000000,653.00,7.37469400000,
"TOI-1260 d",3.12000000,499.00,16.60816400000,
"GJ 1252 b",1.19300000,1089.00,0.51823490000,"M3"
"Kepler-41 b",14.89518091,1721.89,1.85557453748,
"Kepler-522 b",8.56000000,761.00,38.58336790000,
"TOI-1775 b",8.69623000,760.00,10.24054830000,
"TOI-1174 b",2.50646540,713.83,8.95345800000,
"TOI-1468 c",2.01357599,308.47,15.53243848920,
"TOI-3362 b",12.06190000,688.00,18.09531590000,
"Kepler-65 c",2.55000000,1236.00,5.85993872200,
"TRAPPIST-1 c",1.05600000,341.90,2.42182330000,
"Kepler-544 b",2.02000000,743.00,21.41616926000,
"Kepler-686 b",14.37396741,1652.26,1.59475349753,
"Kepler-14 b",10.00000000,1290.00,6.79012350000,
"TOI-3082 b",3.66210000,1032.78,1.92690700000,
"K2-32 c",3.01000000,619.00,20.66020000000,
"TOI-5634 A b",9.67220000,788.00,2.20547760000,
"K2-285 d",2.48000000,619.90,10.45582000000,"K2 V"
"TOI-6695 b",7.63746901,776.55,,
"KOI-94 d",9.99000000,785.00,22.34296482800,
"TOI-6016 b",13.67495645,1890.00,4.02368700000,"F"
"Kepler-1455 b",1.75000000,271.00,49.27684480000,
"Kepler-875 b",2.28000000,569.00,27.50737990000,
"Kepler-382 b",1.46000000,1019.00,5.26212693000,
"Kepler-834 b",1.35000000,378.00,13.32388301000,
"Kepler-762 b",13.01000000,1321.00,3.77055209800,
"TOI-1775 b",8.04728896,707.89,10.24055490000,
"TOI-2015 b",3.39000000,512.00,3.34896800000,"M4"
"TOI-4145 A b",13.30506009,1074.00,4.06644280000,
"TOI-4495.01",3.63045000,1202.00,5.18300430000,
"Kepler-18 c",4.98000000,899.00,7.64157153300,
"HATS-28 b",13.38354600,1253.00,3.18107810000,"G"
"Kepler-412 b",11.20000000,1608.00,1.72086037000,
"TOI-912 b",1.93000000,551.00,4.67806910000,"M3"
"TOI-6383 A b",11.41090000,660.00,1.79049170000,
"Kepler-76 b",13.67000000,2013.00,1.54492888300,
"TOI-5398 c",3.52000000,1242.00,4.77271000000,"G V"
"TOI-1052 b",3.06298550,1006.99,9.13980396599,
"TOI-5027 b",11.28180000,1035.00,10.24367290000,
"Kepler-74 b",14.41000000,1155.00,7.34071474600,
"Kepler-25 c",4.51000000,941.00,12.72037435400,
"TOI-411 b",1.36200000,1241.00,4.04029500000,
"HATS-27 b",16.81350000,1659.00,4.63703800000,"F"
"HIP 9618 b",3.90000000,663.40,20.77290700000,
"HD 42813 b",3.41000000,716.00,13.63082050000,
"HATS-31 b",14.33267511,1617.93,3.37796143336,
"Kepler-210 b",2.24000000,734.00,2.45322394000,"M0 V"
"Kepler-63 b",6.37340641,799.45,9.43415890797,
"K2-34 b",13.75000000,1687.00,2.99563480000,
"TOI-913 b",2.48270736,621.42,11.09934795111,
"TOI-5720 b",1.39321904,691.29,1.43446023837,
"TOI-220 b",2.84818000,796.00,10.69530830000,
"K2-155 c",2.20988390,450.75,13.85327454047,
"Kepler-920 b",2.57000000,902.00,6.53192704000,
"Kepler-204 b",2.23000000,806.00,14.40094471000,
"Kepler-93 b",1.47800000,1037.00,4.72673978000,
"TOI-1811 b",11.14172682,962.20,3.71307650000,
"Kepler-7 b",17.29000000,1499.00,4.88548895300,
"HD 17156 b",11.93758500,883.00,21.21639800000,
"K2-114 b",10.59248676,701.40,11.39093100000,
"TOI-2447 b",10.21850000,719.00,,
"K2-212 b",2.82375991,552.14,9.79565352601,
"TOI-2876 b",9.63972340,929.00,6.29964310000,
"Kepler-847 b",1.18000000,1054.00,2.34323056600,
"Kepler-1841 b",1.78000000,576.00,25.88898000000,
"Kepler-411 c",3.37000000,715.00,7.83442787700,
"Kepler-75 b",11.02000000,770.00,8.88492268000,
"TOI-561 b",1.45661206,2134.77,0.44656895000,
"K2-32 b",5.03800000,761.00,8.99196000000,
"TOI-172 b",10.81668500,1198.00,9.47725000000,
"Kepler-44 b",12.82971612,1493.28,3.25096567932,
"HD 23472 b",2.00000000,543.00,17.66708700000,"K4 V"
"Kepler-856 b",8.89000000,825.00,8.02768059500,
"K2-266 b",3.30000000,1515.00,0.65852400000,
"TOI-1224 b",2.10238538,492.72,4.17826560315,
"TOI-6420 b",10.65730000,895.00,6.96151640000,
"Kepler-309 c",2.09000000,203.00,105.35859640000,
"NGTS-18 b",13.64534276,1461.20,3.05205702480,
"TOI-421 c",4.79096167,625.19,16.06752201521,
"HAT-P-11 b",5.29152000,810.00,4.88780370000,
"HATS-65 b",15.77478872,1499.13,3.10523189380,
"KOI-217 b",14.54994306,1061.59,3.90512604052,
"WASP-170 b",13.44870000,1178.00,2.34477520000,
"TOI-286 c",1.84555000,606.00,39.36194700000,
"TOI-677 b",13.02030000,690.00,11.23659770000,
"Kepler-724 b",3.94000000,1155.00,3.31494736200,
"TOI-561 c",2.90000000,860.00,10.77892000000,
"K2-188 c",2.70889000,1085.00,7.80920520000,
"HD 86226 c",2.12827000,1405.00,3.98465890000,
"Kepler-102 e",2.48000000,546.00,16.14567193200,
"TRAPPIST-1 h",0.75200000,173.00,18.76700000000,
"TOI-4465 b",11.62000000,941.00,,
"Kepler-430 c",1.48000000,423.00,110.97378000000,
"NGTS-30 b",10.40193409,500.00,98.29838000000,
"WASP-184 b",14.82900000,1416.00,5.17958000000,
"TIC 393818343 b",12.18416202,805.50,16.24921000000,
"TOI-1803 c",4.21693000,576.00,12.88586290000,
"Kepler-37 c",0.72000000,564.00,21.30181863000,
"Kepler-1514 c",1.17582410,1066.00,10.51418100000,
"Kepler-93 b",1.56000000,1028.00,4.72674037000,
"WASP-155 b",13.41850000,1522.00,3.11067510000,
"TIC 257060897 b",16.70138124,1762.00,3.66002800000,
"K2-32 b",5.13000000,817.00,8.99213000000,
"Kepler-880 c",1.53000000,1090.00,11.80619472000,
"Kepler-394 d",1.50000000,1197.00,5.61357629000,
"Kepler-169 e",2.75000000,678.00,13.76708539000,
"Kepler-132 d",1.41000000,738.00,18.01017554000,
"Kepler-1259 b",1.60000000,1681.00,0.66308536100,
"Kepler-23 d",2.28000000,910.00,15.27438229000,
"HD 63433 b",2.28817110,885.91,7.10793404397,
"HIP 41378 c",2.72700000,757.00,31.70603000000,
"TOI-3523 A b",15.97279750,1984.00,2.30458952000,
"TOI-3629 b",8.29464572,711.00,3.93655780000,
"TOI-1468 c",2.06400000,337.50,15.53248200000,"M3.0 V"
"Kepler-495 c",0.80000000,822.00,5.89661090000,
"Kepler-1765 b",2.82000000,855.00,10.41890782000,
"WASP-148 b",8.09289800,940.00,8.80381000000,"G"
"Kepler-493 b",11.30000000,1346.00,3.00387520000,
"Kepler-450 b",5.93000000,767.00,28.45492088000,
"HAT-P-29 b",11.64707573,1164.22,5.72385819310,
"Kepler-102 c",0.58000000,723.00,7.07136076000,
"NGTS-13 b",9.06392000,1584.00,4.11970360000,
"TOI-1937 A b",13.97759893,2097.00,0.94667944000,
"TOI-1107 b",14.57167491,1728.00,4.07823870000,"F6 V"
"WASP-105 b",15.09530000,916.21,7.87289367870,
"WASP-53 b",12.43162281,1005.60,3.30984575479,
"CoRoT-20 b",11.20900000,1024.00,9.24318000000,
"WASP-82 b",19.17000000,2200.00,2.70578500000,
"HD 28109 c",4.13000000,643.00,55.99712000000,"F8"
"TOI-1259 A b",11.45557828,963.00,3.47797800000,
"Kepler-1131 b",1.44000000,1189.00,3.53232449000,
"Kepler-836 b",2.68000000,871.00,11.36112327000,
"Kepler-1795 b",1.91000000,525.00,13.36020599000,
"TOI-2196 b",3.51000000,1860.00,1.19472680000,"G V"
"HAT-P-56 b",16.43239400,1840.00,2.79083270000,
"TOI-1288 b",4.94551000,1639.00,2.69982940000,
"TOI-1180 b",3.03617429,638.18,9.68675300000,
"TOI-2981 b",12.39720000,1353.00,3.60150560000,
"TOI-2120 b",2.63461243,354.60,5.79981888818,
"Kepler-76 b",13.67000000,2013.00,1.54492888300,
"Kepler-718 b",11.50000000,1440.00,2.05234974000,
"HATS-34 b",16.02887000,1445.00,2.10616070000,
"Kepler-240 c",2.25000000,696.00,7.95354700000,
"WASP-162 b",11.20900000,910.00,9.62468000000,"K0"
"TOI-470 b",4.34000000,660.00,12.19148000000,"G"
"WASP-71 b",15.13212395,2016.10,2.90367600000,
"Kepler-102 d",1.40000000,638.00,10.31173752000,
"Kepler-8 b",15.90600000,1764.00,3.52254000000,
"Kepler-731 b",13.75000000,1211.00,3.85560355100,
"TOI-2236 b",14.36991326,1688.00,3.53159020000,
"TOI-833 b",1.38903099,1033.92,1.04188900271,
"TOI-2000 c",8.14000000,1038.00,9.12705500000,
"Kepler-726 b",2.60000000,543.00,21.80451611000,
"K2-97 b",13.45077684,1566.00,8.40711500000,
"HIP 29442 d",1.53800000,920.00,6.42957500000,
"Kepler-102 e",2.17000000,590.00,16.14569940000,
"K2-403 b",9.88421000,949.00,33.59202550000,
"NGTS-14 A b",4.97679600,1143.00,3.53571730000,"K1 V"
"KPS-1 b",11.54527000,1459.00,1.70629100000,"K1 V"
"Kepler-1061 b",1.69000000,1332.00,2.75797738400,
"TOI-1136 f",2.71349000,631.00,26.32087560000,
"HD 219666 b",4.89800000,1076.00,6.03446800000,
"Kepler-273 c",2.00000000,865.00,8.01500821000,
"Kepler-74 b",14.31000000,1155.00,7.34071494600,
"TOI-1064 b",2.46034403,712.28,6.44386574740,
"TOI-672 b",5.26040000,676.15,3.63357500000,
"HATS-57 b",12.80100000,1361.00,2.35061860000,
"WASP-136 b",16.81347105,1630.00,,"F"
"HD 25463 c",1.50000000,1707.00,3.04405000000,
"HATS-8 b",9.85256849,1212.51,3.58409995856,
"TOI-5126 b",4.74000000,1442.00,5.45883850000,"F V"
"TOI-1411 b",1.19880592,976.40,1.45205270000,
"Kepler-522 b",5.19000000,655.00,38.58336000000,
"TOI-2184 b",13.41760283,1676.05,6.90678684115,
"WASP-154 b",10.76062147,994.00,3.81167800000,
"TOI-1860 b",1.31000000,1885.00,1.06621070000,"G V"
"K2-138 d",2.46000000,888.00,5.40484000000,"G8 V"
"TOI-4214 b",11.15400000,1352.00,3.49138300000,
"Kepler-1966 b",0.80000000,668.00,8.61735417000,
"KOI-1599.02",22.29000000,755.00,13.61645470000,
"Kepler-331 b",2.10000000,570.00,8.45752100000,
"Kepler-1366 b",1.27000000,783.00,2.16457059300,
"Kepler-1712 b",1.91000000,391.00,13.81504449000,
"Kepler-481 b",2.89000000,946.00,10.06082567000,
"Kepler-276 c",3.70000000,563.00,31.88414730000,
"Kepler-1860 b",0.88000000,693.00,12.73672000000,
"Kepler-1516 b",1.61000000,967.00,7.25931979000,
"Kepler-145 b",2.20000000,886.00,22.95068896000,
"Kepler-1889 b",2.59000000,494.00,37.30376190000,
"Kepler-167 c",1.76000000,755.00,7.40610775000,
"Kepler-238 d",2.15000000,759.00,13.23356008000,
"Kepler-549 b",2.98000000,487.00,42.94952200000,
"KOI-1783.01",8.50000000,382.00,134.47972000000,
"Kepler-337 c",2.00000000,1046.00,9.69303000000,
"Kepler-665 b",2.86000000,593.00,16.01310205000,
"Kepler-235 b",2.06000000,638.00,3.34024000000,"M0 V"
"Kepler-518 b",4.38000000,1252.00,8.51203587700,
"Kepler-1814 b",2.62000000,1023.00,2.93535933300,
"Kepler-1432 b",1.91000000,709.00,23.91070560000,
"Kepler-1867 b",0.67000000,770.00,9.88736112000,
"Kepler-342 b",1.82000000,868.00,15.17026179000,
"Kepler-145 b",2.20000000,886.00,22.95068896000,
"Kepler-1144 b",3.64000000,811.00,17.14648756000,
"Kepler-751 b",3.24000000,679.00,17.44486016000,
"Kepler-1488 c",0.87000000,1107.00,6.15827512000,
"Kepler-1761 b",1.75000000,613.00,4.04355245000,
"Kepler-354 b",2.01000000,741.00,5.47665801000,
"Kepler-81 d",1.02000000,357.00,20.83766355000,
"Kepler-1149 b",1.27000000,1115.00,3.73089898000,
"Kepler-350 c",2.45000000,838.00,17.84848082000,
"Kepler-637 b",2.76000000,862.00,23.20584623000,
"Kepler-144 c",1.10000000,923.00,10.10463505000,
"Kepler-375 b",2.50000000,851.00,12.12580644000,
"K2-198 c",1.42300000,1229.90,3.35960550000,
"Kepler-1368 b",1.44000000,2086.00,0.67564948600,
"Kepler-308 c",1.99000000,705.00,15.38230000000,
"Kepler-1219 b",1.32000000,825.00,16.10467749000,
"Kepler-1794 b",1.96000000,703.00,9.76295220000,
"Kepler-1252 b",1.44000000,665.00,15.05398860000,
"Kepler-590 b",3.51000000,1056.00,5.85296257000,
"Kepler-433 b",7.93000000,1149.00,5.33408346000,
"Kepler-342 b",2.47000000,905.00,15.17026921000,
"Kepler-863 b",2.87000000,718.00,15.59461874000,
"CoRoT-8 b",6.93837100,870.00,6.21244500000,
"Kepler-764 b",1.59000000,876.00,7.33683936000,
"Kepler-515 b",1.75000000,671.00,19.96371318000,
"Kepler-1128 b",3.36000000,424.00,61.61745280000,
"Kepler-115 b",0.99000000,1459.00,2.40364329600,
"Kepler-1188 b",2.17000000,781.00,17.13695430000,
"Kepler-963 b",2.89000000,802.00,9.97683705000,
"Kepler-947 b",2.40000000,573.00,26.96443170000,
"Kepler-1461 b",2.02000000,451.00,29.34938520000,
"Kepler-865 c",0.95000000,926.00,6.20934000000,
"Kepler-84 b",2.75000000,932.00,8.72585936000,
"Kepler-454 b",1.82000000,844.00,10.57376900000,
"Kepler-236 c",1.85000000,325.00,23.96799320000,
"Kepler-119 c",0.90000000,1017.00,4.12512093000,
"Kepler-633 c",2.01000000,725.00,23.78320970000,
"Kepler-1837 b",1.43000000,1012.00,5.90609759000,
"Kepler-1417 b",1.00000000,695.00,20.35052130000,
"Kepler-325 b",3.00000000,1017.00,4.54443647200,
"Kepler-452 b",1.63000000,265.00,384.84300000000,"G2"
"Kepler-744 b",2.70000000,1013.00,12.06214800000,
"K2-16 c",2.14000000,523.00,19.07536000000,
"Kepler-117 c",10.60000000,612.00,50.79034648000,
"Kepler-898 b",1.38000000,603.00,5.87061910000,
"Kepler-136 b",2.06000000,951.00,11.57890926000,
"Kepler-418 b",9.88000000,446.00,86.67855186000,
"Kepler-179 c",2.52000000,810.00,6.40015710500,
"Kepler-1717 b",2.30000000,751.00,30.65268000000,
"Kepler-83 d",1.81000000,567.00,5.16980994600,
"Kepler-859 b",2.87000000,519.00,20.38177573000,
"Kepler-352 c",1.25000000,583.00,16.33269854000,
"Kepler-1907 b",0.83000000,837.00,5.65250700000,
"Kepler-816 b",9.41000000,669.00,10.50682564600,
"Kepler-1404 b",1.89000000,606.00,15.93147390000,
"Kepler-1329 b",2.05000000,577.00,9.33646594000,
"Kepler-1023 b",2.78000000,426.00,62.13877140000,
"Kepler-461 b",2.69000000,886.00,8.31378305900,
"Kepler-1146 b",1.35000000,1027.00,2.35226579700,
"Kepler-1802 b",1.71000000,581.00,7.72513619000,
"Kepler-1428 b",1.95000000,1141.00,10.67607169000,
"Kepler-1736 b",2.33000000,566.00,37.81026490000,
"Kepler-92 b",3.63000000,975.00,13.74883059000,
"Kepler-612 b",2.48000000,1050.00,3.72218000000,
"Kepler-275 c",3.42000000,875.00,16.08832318000,
"Kepler-257 d",5.34000000,567.00,24.66461416000,
"Kepler-401 d",2.57000000,380.00,184.26274100000,
"Kepler-674 b",1.32000000,685.00,2.24338184700,
"Kepler-172 e",2.41000000,549.00,35.11852260000,
"Kepler-870 b",2.52000000,691.00,21.35882360000,
"Kepler-325 c",3.33000000,783.00,12.76224947000,
"Kepler-1853 b",1.38000000,385.00,48.88742920000,
"Kepler-1021 b",1.96000000,634.00,13.47472742000,
"Kepler-337 c",1.89000000,1017.00,9.69315023000,
"Kepler-1468 c",1.07000000,1215.00,3.54553021000,
"Kepler-1978 b",2.85000000,651.00,10.84981300000,
"Kepler-386 b",1.26000000,638.00,12.31028460000,
"Kepler-273 c",1.63000000,860.00,8.01495700000,
"Kepler-648 b",2.85000000,661.00,17.42117490000,
"Kepler-444 c",0.39000000,799.00,4.54587844200,
"Kepler-889 b",1.10000000,1328.00,3.74443645000,
"Kepler-351 c",3.26000000,430.00,57.24866910000,
"Kepler-342 b",1.82000000,868.00,15.17026179000,
"Kepler-98 b",1.82000000,1437.00,1.54167662800,
"Kepler-110 b",2.96000000,1067.00,12.69105209000,
"Kepler-256 c",1.54000000,1165.00,3.38800800000,
"Kepler-878 b",1.87000000,502.00,25.94220330000,
"K2-22 b",2.50000000,2100.00,0.38107800000,"M0 V"
"Kepler-826 b",1.37000000,1305.00,4.48758768000,
"Kepler-1270 b",3.12000000,1482.00,6.03310000000,
"Kepler-1998 b",0.60000000,1187.00,3.03267135000,
"Kepler-1943 b",1.10000000,1098.00,4.85018974000,
"Kepler-235 c",1.22000000,478.00,7.82501206000,
"Kepler-270 c",1.71000000,756.00,25.26304670000,
"Kepler-988 b",2.17000000,393.00,17.76080053000,
"Kepler-301 d",1.66000000,725.00,13.75129636000,
"Kepler-1789 b",3.24000000,380.00,80.23214670000,
"Kepler-1499 b",1.19000000,409.00,44.20080000000,
"Kepler-92 b",3.58000000,978.00,13.74882630000,
"Kepler-276 b",2.73000000,739.00,14.12847677000,
"Kepler-361 b",1.29000000,1048.00,8.48653576000,
"Kepler-385 c",2.07000000,779.00,15.16342000000,
"Kepler-254 c",2.52000000,772.00,12.41211000000,
"Kepler-393 c",1.40000000,1052.00,14.61342510000,
"K2-12 b",2.44000000,1026.00,8.28246000000,
"Kepler-130 b",1.03000000,977.00,8.45746707000,
"Kepler-31 d",4.20000000,480.00,87.64720000000,
"Kepler-439 b",2.33000000,284.00,178.14045600000,
"Kepler-1047 b",1.79000000,468.00,56.18868870000,
"Kepler-1859 c",1.32000000,1310.00,3.59640550000,
"EPIC 249893012 b",1.95000000,1616.00,3.59510000000,"G8 IV/V"
"Kepler-741 b",2.48000000,1041.00,7.03902374000,
"Kepler-1382 b",1.21000000,715.00,16.35834000000,
"Kepler-288 b",1.64000000,1068.00,6.09750607000,
"Kepler-1726 b",2.44000000,630.00,18.39628156000,
"Kepler-1313 b",3.56000000,1432.00,3.83309117800,
"Kepler-972 b",4.10000000,1050.00,7.03932400000,
"CoRoT-9 b",11.62373300,413.00,95.27380000000,
"Kepler-356 b",1.30000000,1207.00,4.61268045000,
"Kepler-292 e",2.50000000,727.00,11.97865000000,
"Kepler-1755 b",4.40000000,631.00,24.81093193000,
"Kepler-972 b",4.67000000,1060.00,7.03932913000,
"Kepler-930 b",2.80000000,555.00,71.45245000000,
"Kepler-155 c",2.29000000,319.00,52.66187000000,
"Kepler-603 d",1.81000000,1098.00,6.21716039000,
"Kepler-131 c",0.77000000,600.00,25.51706460000,
"Kepler-1041 b",2.59000000,644.00,24.75764210000,
"Kepler-823 b",1.95000000,1204.00,4.16809082000,
"Kepler-32 e",1.11000000,714.00,2.89600900000,
"Kepler-188 c",3.08000000,1094.00,5.99653499700,
"Kepler-415 b",1.23000000,694.00,4.17634276000,
"Kepler-508 b",1.57000000,661.00,25.30889700000,
"KOI-7368 b",3.94000000,805.00,6.84293900000,
"NGTS-25 b",11.46678726,1101.00,2.82309300000,"K0 V"
"Kepler-541 b",1.85000000,1211.00,5.08006000000,
"Kepler-382 c",1.68000000,771.00,12.16281552000,
"Kepler-321 c",2.20000000,752.00,13.09390911000,
"Kepler-61 b",2.17000000,272.00,59.87782400000,
"Kepler-1979 b",5.28000000,683.00,18.50844050000,
"Kepler-333 b",1.34000000,480.00,12.55111099000,
"Kepler-1756 b",1.34000000,1083.00,2.35574643400,
"Kepler-775 b",1.19000000,1614.00,0.97486892600,
"Kepler-283 b",3.44000000,651.00,11.00823021000,
"Kepler-225 c",2.29000000,418.00,18.79398000000,
"Kepler-239 c",2.19000000,365.00,56.22796970000,
"Kepler-1924 b",1.20000000,716.00,15.33170180000,
"Kepler-543 b",2.43000000,521.00,13.89961966000,
"Kepler-804 b",1.90000000,767.00,14.37457351000,
"Kepler-982 b",2.87000000,978.00,15.77382210000,
"Kepler-909 b",1.22000000,789.00,13.93290318000,
"Kepler-322 c",1.63000000,996.00,4.33722007000,
"Kepler-1113 b",2.32000000,520.00,42.30049540000,
"Kepler-51 b",7.10000000,543.00,45.15400000000,
"Kepler-1021 b",2.07000000,643.00,13.47469571000,
"Kepler-1440 b",1.39000000,570.00,39.85948400000,
"K2-122 b",1.21000000,814.00,2.21928200000,
"Kepler-1320 b",1.71000000,1409.00,0.86838652800,
"Kepler-342 d",2.32000000,631.00,39.45715220000,
"Kepler-1100 b",1.28000000,1036.00,6.42200058000,
"Kepler-179 b",1.58000000,1072.00,2.73590337500,
"Kepler-668 b",2.80000000,799.00,8.35391700000,
"Kepler-637 b",2.76000000,862.00,23.20584623000,
"Kepler-51 c",6.10000000,423.00,85.31657760000,
"Kepler-1987 c",1.13000000,812.00,3.64845900000,
"Kepler-1260 b",1.45000000,673.00,19.11877530000,
"Kepler-27 b",4.94000000,630.00,15.33525912000,
"Kepler-103 b",3.14000000,864.00,15.96533687000,
"Kepler-245 b",2.98000000,821.00,7.49017229000,
"Kepler-229 d",3.86000000,439.00,41.19725502000,
"Kepler-330 b",1.31000000,710.00,8.25981532000,
"Kepler-627 b",3.36000000,685.00,40.69944430000,
"Kepler-1369 b",2.99000000,667.00,25.87314800000,
"Kepler-1069 b",2.21000000,666.00,23.89920000000,
"Kepler-264 b",3.71000000,772.00,40.80653330000,
"Kepler-398 b",0.97000000,764.00,4.08141149100,
"Kepler-1830 b",2.19000000,542.00,56.49430000000,
"Kepler-521 b",3.71000000,940.00,22.20813214000,
"Kepler-430 b",2.06000000,616.00,35.96823440000,
"Kepler-241 c",2.71000000,397.00,36.06587916000,
"Kepler-1535 b",1.97000000,343.00,138.94420000000,
"Kepler-361 c",2.24000000,561.00,55.18666950000,
"Kepler-51 d",9.70000000,381.00,130.19400000000,
"Kepler-1340 b",0.98000000,2070.00,0.66502691600,
"Kepler-383 c",1.39000000,420.00,31.20093330000,
"K2-151 b",1.49000000,566.00,3.83547600000,
"Kepler-281 b",2.33000000,694.00,14.64627064000,
"Kepler-472 b",3.07000000,876.00,4.17625419100,
"Kepler-1327 b",1.90000000,831.00,14.88801098000,
"Kepler-140 b",1.35000000,1323.00,3.25427405400,
"Kepler-382 b",1.46000000,1019.00,5.26212693000,
"Kepler-829 b",1.69000000,857.00,6.88337610000,
"Kepler-186 d",1.53000000,383.00,13.34300789000,
"Kepler-937 b",3.27000000,495.00,67.66882700000,
"Kepler-1699 b",1.32000000,1010.00,3.49078587800,
"Kepler-560 b",1.57000000,270.00,18.47764449000,
"Kepler-1029 b",1.57000000,790.00,4.41769251600,
"Kepler-338 c",2.14000000,775.00,24.31058000000,
"Kepler-616 b",2.48000000,860.00,9.99761851000,
"Kepler-650 b",3.49000000,1641.00,3.03214558800,
"Kepler-481 b",2.89000000,946.00,10.06082567000,
"Kepler-1810 b",3.50000000,374.00,101.13370000000,
"Kepler-59 c",1.62000000,754.00,17.97761570000,
"Kepler-942 b",2.02000000,367.00,44.96417488000,
"Kepler-1895 b",1.53000000,743.00,6.07033200000,
"Kepler-113 b",2.00000000,775.00,4.75400072000,
"Kepler-1135 b",1.99000000,451.00,76.95785700000,
"Kepler-1596 b",2.02000000,471.00,66.37337900000,
"Kepler-700 b",4.73000000,376.00,80.87206390000,
"Kepler-118 c",6.10000000,558.00,20.17201100000,
"Kepler-1842 b",2.20000000,809.00,14.02625000000,
"Kepler-132 d",1.93000000,758.00,18.01019956000,
"Kepler-144 b",1.78000000,1287.00,5.88500000000,
"Kepler-297 d",14.70000000,367.00,150.01910000000,
"Kepler-383 c",1.26000000,404.00,31.20013000000,
"Kepler-1354 b",2.48000000,463.00,76.61337700000,
"Kepler-1893 b",1.53000000,1152.00,4.17939300000,
"Kepler-330 c",2.21000000,570.00,15.95545002000,
"Kepler-1100 b",1.28000000,1036.00,6.42200058000,
"Kepler-763 d",1.67000000,804.00,6.50327035000,
"Kepler-916 b",1.71000000,467.00,32.29861000000,
"Kepler-347 c",3.61000000,705.00,27.32142420000,
"Kepler-1691 b",1.74000000,1324.00,3.84822130000,
"Kepler-848 b",1.40000000,979.00,6.91130100000,
"Kepler-31 d",4.06000000,484.00,87.64753340000,
"Kepler-398 c",0.99000000,536.00,11.41941928000,
"Kepler-234 b",3.12000000,1420.00,2.71150408600,
"Kepler-32 e",1.32000000,650.00,2.89601378700,
"Kepler-1303 b",1.16000000,878.00,7.56120700000,
"Kepler-1150 b",1.12000000,907.00,2.78787600000,
"Kepler-878 b",1.87000000,502.00,25.94220330000,
"Kepler-224 e",2.55000000,544.00,18.64385000000,
"Kepler-909 b",1.38000000,817.00,13.93281000000,
"Kepler-820 b",7.57000000,498.00,127.83380980000,
"Kepler-643 b",10.99000000,972.00,16.33889626000,
"Kepler-1016 b",2.38000000,1540.00,1.95452596600,
"Kepler-158 c",1.90000000,418.00,28.55156868000,
"Kepler-1172 b",3.26000000,586.00,26.02044230000,
"Kepler-1371 b",0.70000000,1015.00,3.44621250000,
"Kepler-302 c",12.04000000,392.00,127.28244420000,
"Kepler-1866 b",1.68000000,840.00,11.66013660000,
"Kepler-1505 b",1.08000000,525.00,30.86097830000,
"Kepler-1162 b",2.00000000,498.00,32.56265000000,
"Kepler-830 b",1.74000000,907.00,11.29689442000,
"Kepler-1965 b",1.25000000,492.00,41.86819960000,
"Kepler-338 e",1.76000000,1143.00,9.34144548000,
"Kepler-1588 b",0.81000000,925.00,7.84931877000,
"Kepler-24 c",4.75000000,864.00,12.33340885000,
"Kepler-733 b",2.87000000,595.00,20.83424726000,
"Kepler-132 b",2.17000000,1194.00,6.17800000000,
"Kepler-1016 c",3.50000000,392.00,105.65513690000,
"Kepler-1181 c",1.83000000,1124.00,8.93484887000,
"Kepler-310 d",2.50000000,386.00,92.87560000000,
"Kepler-599 b",2.55000000,623.00,15.65563866000,
"Kepler-755 b",1.78000000,1372.00,1.26909037400,
"Kepler-212 c",2.06000000,615.00,31.80474045000,
"Kepler-803 b",3.20000000,479.00,50.28638192000,
"Kepler-129 c",2.04000000,476.00,82.19970000000,
"Kepler-1356 b",1.45000000,1718.00,0.63400293700,
"Kepler-750 c",2.36000000,1537.00,4.08897299000,
"Kepler-243 b",2.48000000,842.00,5.71542485000,
"Kepler-1157 b",0.89000000,730.00,4.45735600000,
"Kepler-2001 b",1.03000000,1417.00,1.09001332700,
"Kepler-357 d",3.38000000,408.00,49.50049520000,
"Kepler-109 b",2.29000000,1150.00,6.48162809200,
"Kepler-603 c",5.80000000,356.00,127.90757740000,
"Kepler-169 d",3.76000000,1091.00,8.34811000000,
"Kepler-393 b",1.51000000,1228.00,9.18247194000,
"Kepler-1035 b",1.38000000,1301.00,2.71407837400,
"Kepler-324 e",1.52000000,639.00,13.97946561000,
"Kepler-249 c",1.27000000,435.00,7.11372736000,
"Kepler-789 b",2.10000000,937.00,8.63847725000,
"Kepler-1264 b",1.25000000,1895.00,0.96852000000,
"Kepler-806 b",1.86000000,1235.00,8.09219642000,
"Kepler-252 c",2.38000000,500.00,10.84844792000,
"Kepler-383 b",1.49000000,545.00,12.90467523000,
"Kepler-271 b",1.22000000,759.00,10.43547031000,
"K2-270 c",2.95000000,848.00,4.40002800000,
"Kepler-1271 b",1.20000000,1351.00,3.02559550000,
"Kepler-2001 c",1.83000000,570.00,14.09276800000,
"Kepler-1090 c",3.08000000,482.00,42.42673420000,
"Kepler-127 c",2.33000000,683.00,29.39240400000,
"Kepler-950 b",6.97000000,363.00,98.71804060000,
"Kepler-186 b",1.05000000,578.00,3.88678935600,
"Kepler-793 b",1.51000000,1177.00,4.24153639000,
"Kepler-669 b",4.46000000,1244.00,4.12554686900,
"Kepler-838 b",2.53000000,767.00,15.74954000000,
"Kepler-1855 b",0.59000000,779.00,0.72733042600,
"Kepler-1122 b",2.01000000,479.00,42.19173570000,
"Kepler-1052 b",2.40000000,522.00,34.85369030000,
"Kepler-1377 b",1.40000000,1906.00,0.74092580000,
"Kepler-1226 b",1.36000000,734.00,17.29234530000,
"Kepler-1405 b",3.00000000,576.00,28.22737000000,
"Kepler-158 c",1.82000000,406.00,28.55142000000,
"Kepler-360 b",1.62000000,1296.00,3.28972216900,
"Kepler-753 b",1.52000000,556.00,5.74772501200,
"Kepler-52 b",2.21000000,541.00,7.87735600000,
"Kepler-1195 b",2.30000000,715.00,8.49644900000,
"Kepler-224 e",2.00000000,540.00,18.64351600000,
"Kepler-53 b",3.10000000,703.00,18.64895000000,
"Kepler-516 b",4.80000000,908.00,24.85468700000,
"Kepler-1013 b",4.70000000,766.00,18.93054959000,
"Kepler-1675 b",2.73000000,493.00,63.03811210000,
"Kepler-1525 b",0.84000000,1309.00,2.41660118300,
"Kepler-962 b",1.98000000,683.00,12.05708600000,
"Kepler-799 b",7.00000000,354.00,133.46100000000,
"CoRoT-6 b",13.06800000,1017.00,8.88659300000,"F9 V"
"Kepler-24 b",3.11000000,993.00,8.14511872000,
"Kepler-887 c",1.12000000,1089.00,7.63846084000,
"Kepler-754 b",2.04000000,758.00,14.55916000000,
"Kepler-484 b",2.53000000,797.00,10.04560700000,
"Kepler-1249 b",1.82000000,647.00,24.33471270000,
"Kepler-550 b",4.28000000,760.00,8.60010410900,
"Kepler-176 c",2.40000000,645.00,12.76008200000,
"Kepler-908 b",1.07000000,1692.00,1.34059746800,
"Kepler-603 c",5.80000000,356.00,127.90757740000,
"Kepler-1120 b",1.48000000,1027.00,2.94902910600,
"Kepler-1357 b",1.22000000,1177.00,3.00912491000,
"Kepler-1337 b",2.42000000,437.00,24.40025490000,
"Kepler-1037 b",1.30000000,1422.00,1.06379000000,
"Kepler-1920 b",2.81000000,663.00,30.25420641000,
"Kepler-1442 b",2.96000000,488.00,81.41629410000,
"Kepler-384 b",1.12000000,620.00,22.59659990000,
"Kepler-593 b",3.00000000,713.00,21.21711000000,
"Kepler-386 c",1.95000000,513.00,25.19339890000,
"Kepler-1540 b",2.30000000,238.00,125.41311770000,
"Kepler-256 d",1.65000000,1008.00,5.83908991000,
"Kepler-559 b",4.17000000,719.00,17.58752333000,
"Kepler-1797 b",2.98000000,684.00,23.35935890000,
"Kepler-130 d",1.37000000,448.00,87.51743610000,
"Kepler-122 d",1.52000000,670.00,21.58788750000,
"Kepler-1530 d",5.50000000,972.00,9.20756340000,
"Kepler-688 b",7.70000000,1025.00,3.89593090000,
"Kepler-541 b",1.92000000,1212.00,5.08005848000,
"Kepler-1297 b",0.98000000,1682.00,1.68189002000,
"Kepler-1474 b",2.44000000,606.00,36.43334520000,
"Kepler-995 b",2.70000000,507.00,28.26731672000,
"Kepler-863 b",2.80000000,713.00,15.59490000000,
"Kepler-882 b",0.96000000,901.00,3.98953966600,
"Kepler-1247 b",2.40000000,679.00,13.71220213000,
"Kepler-467 b",2.28000000,719.00,24.99324193000,
"Kepler-1181 b",1.57000000,1358.00,4.89337519000,
"Kepler-614 b",2.35000000,641.00,14.03491514000,
"Kepler-394 b",1.63000000,1026.00,8.00547000000,
"Kepler-1894 b",1.21000000,1202.00,2.76263400000,
"Kepler-922 b",1.58000000,1876.00,0.93846695900,
"Kepler-190 b",1.51000000,1157.00,2.02001200000,
"Kepler-11 e",3.89000000,582.00,31.99550624000,
"Kepler-1254 b",1.68000000,660.00,9.99115241000,
"Kepler-167 d",1.19400000,536.00,21.80385500000,"K4"
"Kepler-129 b",2.30000000,903.00,15.79193725000,
"Kepler-879 b",2.32000000,572.00,33.38541000000,
"Kepler-825 c",1.77000000,981.00,8.18182189000,
"Kepler-229 c",5.27000000,571.00,16.06862959000,
"Kepler-1567 b",2.67000000,330.00,153.97957800000,
"Kepler-556 b",2.13000000,797.00,11.72292176000,
"Kepler-809 b",2.70000000,463.00,55.63765000000,
"Kepler-1000 b",4.67000000,501.00,120.01812720000,
"Kepler-120 c",1.64000000,455.00,12.79455062000,
"Kepler-1983 b",2.33000000,807.00,7.32851947000,
"Kepler-179 b",1.70000000,1056.00,2.73589000000,
"Kepler-374 b",1.16000000,1508.00,1.89782800000,
"Kepler-347 b",1.99000000,811.00,12.79830440000,
"Kepler-292 f",2.94000000,613.00,20.83429470000,
"Kepler-793 b",1.44000000,1177.00,4.24153629000,
"Kepler-1246 b",1.12000000,547.00,11.32306000000,
"Kepler-1094 b",2.80000000,446.00,78.09710000000,
"Kepler-1931 b",1.96000000,702.00,38.57529650000,
"Kepler-617 b",1.37000000,820.00,1.68269330000,
"Kepler-42 d",3.08000000,964.00,1.86510860000,
"Kepler-27 c",7.24000000,496.00,31.33050622000,
"Kepler-388 b",0.91000000,830.00,3.17323306000,
"Kepler-508 b",1.77000000,710.00,25.30893566000,
"Kepler-352 c",1.61000000,591.00,16.33269981000,
"Kepler-742 b",3.73000000,690.00,8.36086823800,
"Kepler-138 c",1.33000000,398.00,13.78109344000,
"K2-229 b",1.26000000,1763.00,0.58427200000,
"Kepler-1232 b",2.12000000,583.00,26.78391830000,
"Kepler-1850 b",0.54000000,989.00,1.38578595600,
"Kepler-155 b",1.73000000,614.00,5.93119240000,
"Kepler-237 c",2.27000000,688.00,8.10361363000,
"Kepler-760 c",2.01000000,1358.00,2.46697439000,
"Kepler-154 c",2.73000000,437.00,62.30278730000,
"Kepler-865 b",2.35000000,694.00,14.16400071000,
"Kepler-1296 b",3.24000000,1285.00,8.38395796000,
"Kepler-1357 b",1.12000000,1163.00,3.00913240000,
"Kepler-109 b",2.64000000,1181.00,6.48167400000,
"Kepler-197 d",1.42000000,810.00,15.67750191000,
"Kepler-1529 b",1.94000000,817.00,5.33905686000,
"Kepler-136 c",1.80000000,812.00,16.39925610000,
"Kepler-1395 b",1.23000000,1746.00,3.78470600000,
"Kepler-928 b",1.65000000,894.00,3.93246069000,
"Kepler-1031 b",0.78000000,1769.00,1.22621732000,
"Kepler-1856 b",1.36000000,1331.00,1.30199300000,
"Kepler-1684 b",3.62000000,341.00,47.70546120000,
"Kepler-1721 b",2.51000000,924.00,4.59239381600,
"Kepler-368 b",1.22000000,523.00,26.84763250000,
"Kepler-916 b",1.84000000,496.00,32.29687980000,
"Kepler-1625 b",11.67000000,350.00,287.37731400000,
"Kepler-1071 b",1.47000000,661.00,6.17998440000,
"Kepler-283 b",3.25000000,653.00,11.00815926000,
"K2-274 b",2.20000000,589.00,14.12971400000,
"Kepler-745 b",1.92000000,824.00,9.93143556000,
"Kepler-399 c",2.40000000,544.00,26.67568000000,
"Kepler-156 c",2.35000000,588.00,15.90688891000,
"Kepler-1273 b",2.30000000,542.00,28.62525000000,
"Kepler-305 b",3.50000000,855.00,5.48711079000,
"Kepler-1056 b",2.60000000,617.00,27.49540000000,
"Kepler-60 d",1.69000000,929.00,11.89849480000,
"Kepler-1669 d",1.22000000,669.00,4.72941177000,
"Kepler-1541 b",2.15000000,1048.00,8.40691199000,
"Kepler-1528 b",1.39000000,1548.00,1.79111020500,
"Kepler-846 b",2.20000000,629.00,19.80762000000,
"Kepler-1746 b",6.78000000,300.00,321.21390000000,
"KOI-984 b",2.78000000,998.00,4.28745547300,
"Kepler-399 d",1.96000000,392.00,58.03410860000,
"Kepler-475 b",2.68000000,981.00,3.10550910000,
"Kepler-1017 b",3.20000000,1107.00,7.23404900000,
"Kepler-861 b",2.43000000,966.00,3.94963137500,
"Kepler-160 c",3.11000000,733.00,13.69941722000,
"Kepler-1678 b",3.50000000,347.00,147.97240000000,
"Kepler-57 c",1.71000000,671.00,11.60908533000,
"Kepler-259 b",2.68000000,879.00,8.11529219000,
"Kepler-1414 b",3.40000000,1456.00,3.51576300000,
"Kepler-583 b",2.89000000,1017.00,6.51002530000,
"Kepler-501 c",1.45000000,1257.00,3.62269606000,
"Kepler-372 d",2.44000000,692.00,30.09048770000,
"Kepler-1751 b",1.61000000,984.00,7.01733571000,
"Kepler-190 b",1.46000000,1166.00,2.01999700600,
"Kepler-272 c",1.94000000,947.00,6.05729966000,
"Kepler-2001 c",1.82000000,604.00,14.09267960000,
"Kepler-1017 b",1.78000000,831.00,7.23400381000,
"Kepler-1844 b",1.92000000,1077.00,3.92452160000,
"Kepler-1731 b",2.48000000,498.00,21.76129394000,
"Kepler-363 b",1.14000000,1347.00,3.61460279000,
"Kepler-1101 b",2.55000000,393.00,81.31530520000,
"Kepler-519 b",2.29000000,555.00,24.30798300000,
"Kepler-1585 b",1.64000000,1064.00,3.58273837000,
"Kepler-1028 b",1.27000000,1217.00,2.51462849600,
"Kepler-709 b",3.19000000,613.00,16.08524954000,
"Kepler-374 c",1.79000000,1467.00,3.28280240000,
"Kepler-592 b",2.53000000,1367.00,2.82019060300,
"Kepler-950 b",6.97000000,363.00,98.71804060000,
"Kepler-1669 b",1.99000000,530.00,9.51220046000,
"Kepler-730 c",1.23000000,1398.00,2.85188338000,
"Kepler-1909 b",1.07000000,1046.00,2.39161200000,
"Kepler-1122 b",2.01000000,479.00,42.19173570000,
"Kepler-1553 b",1.11000000,939.00,4.24261881000,
"Kepler-1798 b",2.08000000,403.00,16.85593514000,
"Kepler-648 b",3.11000000,674.00,17.42115972000,
"Kepler-51 b",7.88000000,523.00,45.15530074000,
"Kepler-315 c",3.64000000,269.00,265.46762100000,
"Kepler-341 b",1.14000000,1095.00,5.19556758000,
"Kepler-1451 b",2.24000000,523.00,35.62255280000,
"Kepler-1052 c",2.24000000,303.00,180.92477000000,
"Kepler-697 b",3.60000000,1028.00,3.70988400000,
"Kepler-235 e",1.94000000,265.00,46.18415000000,
"Kepler-698 b",3.97000000,725.00,16.32976218000,
"Kepler-334 b",1.03000000,1049.00,5.47033694000,
"Kepler-1073 c",1.38000000,1055.00,4.02582254000,
"Kepler-61 b",2.33000000,274.00,59.87769000000,
"Kepler-608 b",4.03000000,1069.00,6.41251503700,
"Kepler-84 e",2.56000000,672.00,27.43459730000,
"Kepler-1780 b",3.04000000,340.00,109.44505970000,
"Kepler-1767 b",2.90000000,378.00,59.65943000000,
"Kepler-161 b",2.07000000,838.00,4.92135468100,
"Kepler-1147 b",2.30000000,871.00,10.62784997000,
"Kepler-130 b",1.03000000,966.00,8.45742200000,
"Kepler-1487 c",3.02000000,599.00,35.80228450000,
"Kepler-330 c",1.85000000,552.00,15.95522000000,
"Kepler-138 c",1.33000000,398.00,13.78109344000,
"Kepler-732 b",2.13000000,407.00,9.46782147400,
"Kepler-55 f",1.60000000,572.00,10.19851808000,
"Kepler-1638 b",1.60000000,304.00,259.36500000000,
"Kepler-1527 b",6.67000000,450.00,160.13089900000,
"Kepler-1506 b",1.46000000,783.00,14.03291540000,
"Kepler-502 b",4.07000000,1209.00,4.28686431000,
"Kepler-220 d",0.88000000,416.00,28.12296000000,
"Kepler-301 c",1.50000000,994.00,5.41911500000,
"Kepler-1811 b",2.87000000,442.00,76.42174720000,
"Kepler-266 b",2.45000000,950.00,6.61840000000,
"Kepler-348 c",1.07000000,824.00,17.26546440000,
"Kepler-1105 b",2.19000000,729.00,4.42156653500,
"Kepler-227 b",3.10000000,881.00,9.48803146000,
"Kepler-712 b",3.07000000,521.00,21.02250608000,
"Kepler-343 c",1.53000000,689.00,23.22181890000,
"Kepler-31 b",5.70000000,775.00,20.86114500000,
"Kepler-394 b",1.52000000,1035.00,8.00504749000,
"Kepler-211 b",3.52000000,1364.00,4.13855300000,
"Kepler-201 b",2.73000000,718.00,25.67212848000,
"Kepler-1629 b",0.68000000,1081.00,3.87594316000,
"Kepler-773 b",1.52000000,1238.00,3.74910006100,
"Kepler-27 d",2.83000000,836.00,6.54626058000,
"Kepler-1880 b",1.43000000,605.00,6.30923438000,
"Kepler-475 b",2.66000000,1016.00,3.10550818900,
"Kepler-1780 b",2.90000000,330.00,109.44400000000,
"Kepler-332 b",1.45000000,792.00,7.62634063000,
"CoRoT-24 b",3.70000000,1070.00,5.11340000000,"K1 V"
"Kepler-32 e",1.23000000,652.00,2.89600521100,
"Kepler-1604 b",1.72000000,2023.00,0.34184201700,
"Kepler-1294 b",3.02000000,375.00,115.68622580000,
"Kepler-414 b",2.19000000,1030.00,4.69965323600,
"Kepler-1007 b",1.17000000,652.00,5.18500207300,
"Kepler-222 d",3.63000000,522.00,28.08185982000,
"Kepler-296 d",1.52000000,297.00,19.85029495000,
"Kepler-1617 b",1.08000000,689.00,27.47855720000,
"Kepler-1183 b",2.55000000,555.00,28.50572170000,
"Kepler-616 b",2.82000000,860.00,9.99760285000,
"Kepler-847 b",1.34000000,1107.00,2.34323189500,
"Kepler-1679 b",2.20000000,797.00,9.75380000000,
"Kepler-1318 b",2.60000000,199.00,213.25670000000,
"Kepler-1913 b",1.66000000,818.00,14.19596210000,
"Kepler-1733 b",2.31000000,959.00,9.22958009000,
"Kepler-1745 b",1.67000000,1305.00,3.01618319000,
"Kepler-968 c",1.42000000,647.00,5.70940491800,
"Kepler-1673 b",2.71000000,611.00,33.78880280000,
"Kepler-529 c",1.57000000,795.00,12.83450220000,
"Kepler-715 b",3.57000000,876.00,10.00652995000,
"Kepler-1951 b",0.88000000,624.00,20.65776020000,
"Kepler-844 b",1.51000000,704.00,2.61302085600,
"K2-17 b",2.23000000,487.00,17.96753000000,
"Kepler-1391 b",1.36000000,464.00,54.40923330000,
"Kepler-1248 b",1.02000000,962.00,7.46728000000,
"K2-280 b",7.67000000,744.00,19.89520200000,
"Kepler-540 b",3.13000000,376.00,172.70497840000,
"Kepler-1732 b",2.88000000,582.00,32.31239750000,
"Kepler-319 c",5.60000000,1160.00,6.94134400000,
"Kepler-914 b",1.32000000,1186.00,4.40966548000,
"Kepler-1987 b",1.27000000,1003.00,2.34585857800,
"Kepler-221 e",3.58000000,582.00,18.36974658000,
"Kepler-54 d",1.38000000,329.00,20.99589959000,
"Kepler-716 b",3.20000000,720.00,10.37168928000,
"Kepler-1390 b",0.92000000,872.00,6.48021673000,
"Kepler-311 b",1.57000000,928.00,9.17613539000,
"Kepler-1525 b",0.84000000,1309.00,2.41660118300,
"Kepler-467 b",2.28000000,719.00,24.99324193000,
"Kepler-924 b",2.50000000,509.00,61.03701170000,
"Kepler-1610 c",2.09000000,433.00,44.98518850000,
"Kepler-220 c",1.63000000,622.00,9.03419546900,
"Kepler-215 e",1.75000000,460.00,68.16135980000,
"Kepler-381 d",1.49000000,1387.00,8.25628570000,
"Kepler-381 b",1.31000000,1599.00,5.62902579000,
"Kepler-171 d",2.22000000,497.00,39.60340000000,
"Kepler-131 b",2.13000000,718.00,16.09196369000,
"Kepler-919 b",2.06000000,871.00,11.04564000000,
"Kepler-1073 d",1.16000000,1235.00,2.50475882000,
"Kepler-1112 b",2.31000000,918.00,14.36270451000,
"Kepler-1201 b",1.94000000,789.00,15.18727049000,
"Kepler-20 f",1.03000000,705.00,19.57706000000,
"Kepler-1265 b",1.47000000,732.00,6.49441289000,
"Kepler-466 c",1.24000000,1236.00,3.70921384600,
"Kepler-85 e",1.19000000,559.00,25.21491430000,
"Kepler-1366 b",1.28000000,771.00,2.16457096800,
"Kepler-247 d",5.00000000,533.00,20.47735749000,
"K2-250 b",2.71257333,1003.00,4.01392000000,
"Kepler-960 b",5.46000000,1392.00,3.12686223000,
"Kepler-524 b",2.40000000,1056.00,7.97415700000,
"Kepler-231 b",1.61000000,426.00,10.06525843000,
"Kepler-29 b",2.98000000,777.00,10.33924080000,
"Kepler-1108 b",1.39000000,972.00,4.51005748000,
"Kepler-124 d",1.51000000,428.00,30.95059270000,
"Kepler-1468 d",2.64000000,819.00,19.59061030000,
"Kepler-1871 b",1.97000000,1403.00,1.95271006400,
"Kepler-332 b",1.45000000,792.00,7.62634063000,
"Kepler-80 b",2.21000000,547.00,7.05351444900,
"Kepler-305 c",3.34000000,745.00,8.29087418000,
"Kepler-1502 b",2.11000000,613.00,41.70836290000,
"Kepler-183 c",2.90000000,857.00,11.63703030000,
"K2-38 b",1.54000000,1266.00,4.01593000000,"G2 V"
"Kepler-1583 b",0.58000000,825.00,9.32807355000,
"Kepler-1032 b",1.53000000,802.00,3.29011795300,
"Kepler-1758 b",1.72000000,800.00,9.97741000000,
"Kepler-331 c",2.31000000,447.00,17.28116000000,
"Kepler-1555 b",1.55000000,966.00,8.10501635000,
"Kepler-296 f",1.23000000,199.00,63.33666060000,
"Kepler-449 c",1.89000000,665.00,33.67276962000,
"Kepler-1934 b",0.84000000,1760.00,1.41974914600,
"Kepler-1726 b",2.80000000,629.00,18.39631900000,
"Kepler-445 b",0.92000000,401.00,2.98415771100,
"Kepler-1354 b",2.48000000,463.00,76.61337700000,
"Kepler-939 b",1.77000000,704.00,14.87712000000,
"KOI-351 d",2.55000000,519.00,59.73703480000,
"Kepler-615 b",1.36000000,534.00,10.35584657000,
"Kepler-1159 b",2.00000000,680.00,22.70801000000,
"KOI-1783.01",7.50000000,372.00,134.47867230000,
"Kepler-357 c",2.40000000,547.00,16.85808000000,
"Kepler-292 b",1.65000000,1229.00,2.58082149000,
"Kepler-1998 b",0.61000000,1197.00,3.03266154000,
"Kepler-285 b",1.40000000,1125.00,2.63385723300,
"PH2 b",11.24000000,306.00,282.52548560000,
"Kepler-987 b",3.54000000,394.00,105.30331480000,
"Kepler-85 b",2.12000000,831.00,8.30537490000,
"Kepler-923 b",1.28000000,1054.00,6.93366476000,
"Kepler-1152 b",0.86000000,806.00,1.64680168300,
"Kepler-1847 b",2.13000000,843.00,11.12968583000,
"KOI-351 h",10.01000000,293.00,331.60110810000,
"Kepler-1751 b",1.56000000,984.00,7.01734994000,
"Kepler-162 b",1.39000000,961.00,6.91986988000,
"Kepler-1282 b",1.65000000,1383.00,2.13194651300,
"Kepler-167 d",1.39000000,527.00,21.80387630000,
"Kepler-130 b",1.03000000,977.00,8.45746707000,
"Kepler-310 c",3.30000000,455.00,56.47440000000,
"WASP-157 b",11.93758500,1339.00,3.95162050000,"G2 V"
"Kepler-286 b",1.37000000,1476.00,1.79632438900,
"Kepler-766 b",2.59000000,990.00,6.10027621000,
"Kepler-110 c",3.54000000,786.00,31.71982498000,
"Kepler-296 b",2.15000000,495.00,,
"Kepler-1546 b",3.78000000,671.00,19.59731700000,
"Kepler-1797 b",2.50000000,690.00,23.35986000000,
"Kepler-910 b",0.81000000,1723.00,2.36436901500,
"Kepler-726 b",2.72000000,549.00,21.80451088000,
"EPIC 211822797 b",1.92000000,431.00,21.17019630000,
"Kepler-1303 b",1.25000000,891.00,7.56127224000,
"Kepler-1782 b",2.67000000,834.00,5.75624254700,
"Kepler-20 c",3.03000000,765.00,10.85409783500,
"Kepler-1191 b",1.52000000,893.00,5.60014851000,
"Kepler-1700 b",3.41000000,329.00,234.24073900000,
"K2-293 b",2.45000000,750.00,13.12250000000,
"Kepler-215 b",1.76000000,892.00,9.36063971000,
"Kepler-1740 b",3.00000000,805.00,8.17248000000,
"K2-36 c",2.41000000,772.00,5.34078600000,
"Kepler-1747 b",4.11000000,875.00,6.23033032300,
"Kepler-186 d",1.41000000,384.00,13.34331036000,"M1 V"
"Kepler-943 b",5.36000000,457.00,49.77014380000,
"K2-228 b",1.21000000,914.00,2.69828000000,
"Kepler-1086 b",2.14000000,433.00,18.78429232000,
"Kepler-788 b",2.03000000,990.00,8.39811000000,
"Kepler-499 b",2.04000000,844.00,5.63252508000,
"Kepler-1001 b",2.90000000,693.00,14.30520000000,
"Kepler-1992 b",0.91000000,637.00,15.61122380000,
"Kepler-1179 b",1.46000000,1137.00,2.68505444500,
"Kepler-773 b",1.52000000,1238.00,3.74910006100,
"Kepler-922 b",1.48000000,1898.00,0.93846683200,
"Kepler-257 c",4.77000000,881.00,6.58147884200,
"Kepler-1465 b",4.98000000,668.00,31.82764900000,
"Kepler-530 b",3.58000000,576.00,39.30941904000,
"Kepler-1558 b",0.79000000,1019.00,3.50470358000,
"Kepler-105 c",1.79000000,997.00,7.12594387000,
"Kepler-1033 b",2.57000000,914.00,7.56052806000,
"Kepler-1311 d",7.22000000,360.00,197.51076780000,
"Kepler-1673 b",2.50000000,597.00,33.78882000000,
"Kepler-1778 b",2.92000000,955.00,10.08746035000,
"Kepler-33 c",2.68000000,1009.00,13.17556672000,
"Kepler-1555 b",1.55000000,966.00,8.10501635000,
"Kepler-1365 c",0.66000000,1034.00,4.77465600000,
"Kepler-1388 b",2.60000000,471.00,12.28549000000,
"Kepler-825 c",2.14000000,1007.00,8.18194300000,
"Kepler-1580 b",2.44000000,733.00,56.64445200000,
"Kepler-157 c",1.94000000,756.00,13.54040700000,
"Kepler-446 c",2.10000000,583.00,3.03621679000,
"Kepler-1562 b",5.38000000,554.00,64.27290880000,
"Kepler-1900 b",1.16000000,1356.00,2.98618134000,
"Kepler-669 b",4.43000000,1243.00,4.12554347200,
"Kepler-304 b",2.80000000,884.00,3.29570580000,
"Kepler-729 b",3.97000000,1274.00,3.16635371400,
"Kepler-694 b",2.54000000,917.00,6.36584161200,
"Kepler-1152 b",0.91000000,840.00,1.64680190800,
"Kepler-959 b",4.40000000,1005.00,14.80012000000,
"Kepler-288 d",3.62000000,508.00,56.63887910000,
"Kepler-196 c",4.28000000,574.00,47.42766000000,
"Kepler-30 c",12.88000000,411.00,60.32488611000,
"Kepler-1948 b",0.72000000,399.00,15.57141210000,
"Kepler-116 c",2.47000000,964.00,13.07141889000,
"CoRoT-7 b",1.86069400,1910.00,0.85358500000,
"Kepler-1366 b",1.28000000,771.00,2.16457096800,
"Kepler-1406 b",1.31000000,854.00,11.62904159000,
"Kepler-27 c",7.24000000,496.00,31.33050622000,
"Kepler-21 b",1.63900000,2025.00,2.78578000000,
"K2-358 b",2.68000000,888.00,11.25102850000,
"Kepler-705 b",1.94000000,233.00,56.05607540000,
"Kepler-342 d",2.32000000,631.00,39.45715220000,
"Kepler-172 b",2.21000000,1253.00,2.94030411100,
"Kepler-1311 b",1.06000000,939.00,11.17269940000,
"Kepler-888 b",2.26000000,505.00,70.69790610000,
"Kepler-882 b",0.95000000,927.00,3.98955000000,
"Kepler-814 b",1.78000000,1093.00,6.14698510000,
"Kepler-150 b",1.34000000,1189.00,3.42804168000,
"Kepler-166 c",2.70000000,475.00,34.26062000000,
"Kepler-309 b",1.03000000,529.00,5.92365634000,
"Kepler-1169 b",0.99000000,1123.00,6.11009134000,
"Kepler-161 c",1.96000000,743.00,7.06425644100,
"Kepler-247 b",1.74000000,970.00,3.33612311300,
"Kepler-189 b",1.33000000,677.00,10.39990194000,
"Kepler-1208 b",2.42000000,665.00,11.08507637000,
"Kepler-247 b",1.65000000,975.00,3.33612510400,
"Kepler-1154 b",1.52000000,1101.00,5.18544400000,
"K2-268 d",1.49000000,888.00,4.52859800000,
"Kepler-736 b",2.90000000,1003.00,3.60147201000,
"Kepler-157 d",1.32000000,949.00,7.02573474000,
"Kepler-1268 b",2.14000000,610.00,40.99039860000,
"Kepler-241 b",2.35000000,562.00,12.71810317000,
"Kepler-772 b",1.96000000,855.00,12.99207337000,
"Kepler-1049 b",0.87000000,620.00,3.27346073600,
"Kepler-627 b",3.10000000,700.00,40.69944000000,
"Kepler-1655 b",1.94000000,861.00,11.87290082900,
"Kepler-337 b",1.30000000,1438.00,3.29276965000,
"Kepler-513 b",2.19000000,639.00,28.86235584000,
"Kepler-1382 b",1.08000000,740.00,16.35830550000,
"Kepler-246 b",2.35000000,896.00,4.60181181900,
"Kepler-313 b",1.91000000,785.00,14.97020810000,
"Kepler-920 c",4.05000000,363.00,100.82741130000,
"Kepler-48 c",2.61000000,729.00,9.67395347400,
"Kepler-131 c",0.83000000,615.00,25.51727440000,
"Kepler-989 b",2.56000000,805.00,7.96431535200,
"Kepler-1322 c",1.64000000,881.00,6.46008273000,
"Kepler-748 b",2.23000000,938.00,7.40742793000,
"Kepler-616 d",1.81000000,612.00,25.53327000000,
"Kepler-1828 b",1.74000000,774.00,10.27377201000,
"Kepler-1127 b",1.65000000,994.00,5.12332040000,
"Kepler-1891 b",1.31000000,1011.00,4.02230932900,
"Kepler-1037 b",1.61000000,1652.00,1.06378867300,
"Kepler-150 c",3.70000000,922.00,7.38197725400,
"Kepler-866 b",1.66000000,997.00,2.61703253600,
"Kepler-1319 b",0.67000000,483.00,2.88676264500,
"Kepler-161 b",2.07000000,838.00,4.92135468100,
"Kepler-788 b",2.16000000,978.00,8.39846269000,
"Kepler-1172 b",2.40000000,475.00,26.02060000000,
"Kepler-1534 b",1.95000000,955.00,5.71668872000,
"Kepler-178 b",2.83000000,881.00,9.57666498000,
"Kepler-32 b",2.09000000,513.00,5.90128281900,
"Kepler-258 c",3.72000000,470.00,33.65297010000,
"Kepler-342 c",1.59000000,723.00,26.23484780000,
"Kepler-26 b",2.83000000,427.00,12.28235626000,"M0 V"
"Kepler-262 c",1.69000000,617.00,21.85347000000,
"Kepler-804 b",1.90000000,767.00,14.37457351000,
"Kepler-784 c",2.04000000,909.00,17.15708740000,
"Kepler-1050 c",2.88000000,935.00,21.12856550000,
"Kepler-1320 b",1.71000000,1409.00,0.86838652800,
"Kepler-1256 b",1.40000000,972.00,12.41277540000,
"Kepler-1694 b",0.86000000,841.00,3.89523349000,
"Kepler-535 b",2.05000000,1169.00,4.90332155100,
"Kepler-1532 b",1.35000000,1676.00,1.09366355900,
"Kepler-1191 b",1.52000000,893.00,5.60014851000,
"Kepler-1542 b",0.95000000,1277.00,3.95116882000,
"Kepler-32 b",2.15000000,569.00,5.90126900000,
"Kepler-780 b",0.97000000,2173.00,0.67737516400,
"Kepler-871 b",3.05000000,640.00,22.04591630000,
"K2-123 b",2.76000000,338.00,30.95152400000,
"Kepler-276 d",2.80000000,507.00,48.65410000000,
"Kepler-322 b",0.96000000,1403.00,1.65389346500,
"Kepler-282 c",1.33000000,796.00,13.63894000000,
"Kepler-579 b",1.60000000,716.00,9.66846400000,
"Kepler-1231 b",1.64000000,870.00,10.41728722000,
"Kepler-292 d",2.57000000,879.00,7.05566710000,
"Kepler-29 b",2783.70000000,776.00,10.33929240000,
"Kepler-351 b",2.74000000,497.00,37.05485690000,
"Kepler-166 b",2.39000000,780.00,7.65024191600,
"Kepler-103 b",3.33000000,872.00,15.96532718000,
"K2-337 b",2.62000000,850.00,16.27356300000,
"Kepler-688 b",7.92000000,1011.00,3.89593684400,
"Kepler-647 c",3.26000000,680.00,29.66653000000,
"Kepler-253 b",1.70000000,949.00,3.78402867000,
"Kepler-315 c",4.20000000,291.00,265.47847000000,
"Kepler-386 b",1.51000000,651.00,12.31013510000,
"Kepler-1490 b",2.59000000,349.00,92.43629730000,
"Kepler-988 b",2.17000000,393.00,17.76080053000,
"K2-107 b",16.14096000,1780.00,3.31392000000,"F9 IV"
"Kepler-1347 b",0.99000000,617.00,14.00947528000,
"Kepler-919 b",1.93000000,869.00,11.04603384000,
"Kepler-1165 c",2.00000000,647.00,29.96860520000,
"Kepler-1944 b",2.41000000,801.00,9.84262076000,
"Kepler-1979 b",5.28000000,683.00,18.50844050000,
"Kepler-48 c",2.63000000,736.00,9.67395848800,
"Kepler-1814 c",1.71000000,1708.00,0.62628137800,
"Kepler-1836 b",2.15000000,1094.00,5.25419736000,
"Kepler-148 d",8.95000000,416.00,51.84688575000,
"Kepler-155 c",1.76000000,271.00,52.66158360000,
"Kepler-1212 b",1.77000000,795.00,12.94130146000,
"Kepler-830 b",1.57000000,884.00,11.29695137000,
"Kepler-705 b",2.18000000,253.00,56.05628000000,
"Kepler-1868 b",3.43000000,215.00,211.03281900000,
"Kepler-1929 b",2.23000000,566.00,59.36279460000,
"Kepler-194 d",2.41000000,516.00,52.81472840000,
"Kepler-1879 b",1.77000000,987.00,10.61345333000,
"Kepler-333 c",1.20000000,378.00,24.08825680000,
"Kepler-204 c",1.36000000,665.00,25.66165800000,
"Kepler-1001 c",1.55000000,806.00,9.18186435000,
"Kepler-26 b",2.83000000,431.00,12.28299828700,
"Kepler-275 d",3.08000000,675.00,35.67569630000,
"Kepler-512 b",1.98000000,585.00,34.43587975000,
"Kepler-29 b",2783.70000000,776.00,10.33929240000,
"Kepler-1171 b",2.73000000,2700.00,1.44259224000,
"Kepler-1959 b",1.20000000,811.00,6.38672890000,
"Kepler-1496 b",1.79000000,487.00,64.65880170000,
"Kepler-1446 b",1.86000000,2304.00,0.68996783200,
"Kepler-1065 b",3.47000000,1092.00,3.60930890700,
"Kepler-1056 b",2.11000000,590.00,27.49563400000,
"Kepler-460 c",6.10000000,389.00,220.13033570000,
"Kepler-1307 b",3.00000000,767.00,18.01660000000,
"Kepler-794 b",1.61000000,884.00,11.13125132000,
"Kepler-1954 b",1.34000000,948.00,5.88346916000,
"Kepler-1718 b",2.50000000,363.00,135.18782340000,
"Kepler-1265 b",1.47000000,732.00,6.49441289000,
"Kepler-376 b",0.95000000,1143.00,4.92031217000,
"Kepler-1817 b",2.28000000,433.00,44.29944770000,
"Kepler-1103 b",2.04000000,732.00,19.79191978000,
"Kepler-938 b",2.08000000,436.00,52.62984170000,
"Kepler-1725 b",2.37000000,749.00,16.71987223000,
"Kepler-99 b",1.88000000,822.00,4.60357804200,
"Kepler-312 c",2.43000000,735.00,19.74732846000,
"Kepler-1779 b",2.50000000,646.00,16.34356447000,
"Kepler-575 b",2.03000000,803.00,9.37891670000,
"Kepler-1542 e",0.94000000,1173.00,5.10115756000,
"Kepler-1305 b",1.75000000,733.00,13.56309720000,
"Kepler-1090 b",2.51000000,288.00,198.68017900000,
"Kepler-383 c",1.39000000,420.00,31.20093330000,
"Kepler-27 d",2.19000000,810.00,6.54626149000,
"Kepler-1610 c",1.98000000,433.00,44.98518820000,
"KOI-1599.01",1.76000000,660.00,20.40713450000,
"Kepler-1074 b",1.16000000,548.00,5.94566534000,
"Kepler-646 b",1.96000000,622.00,15.87369000000,
"Kepler-1846 b",0.99000000,556.00,14.82004540000,
"Kepler-1105 b",1.33000000,660.00,4.42153900000,
"Kepler-1602 b",0.97000000,883.00,11.17931605000,
"Kepler-1737 b",5.41000000,383.00,64.61744650000,
"Kepler-822 b",1.52000000,1240.00,3.22296927300,
"Kepler-1409 b",1.10000000,1736.00,0.76486492600,
"Kepler-758 e",1.47000000,1171.00,8.19347190000,
"Kepler-127 b",1.46000000,884.00,14.43594590000,
"Kepler-825 c",1.71000000,981.00,8.18182460000,
"Kepler-225 c",2.33000000,412.00,18.79418506000,
"Kepler-812 b",3.07000000,1163.00,10.11716840000,
"Kepler-704 b",2.59000000,1120.00,3.76182115000,
"Kepler-31 c",5.30000000,611.00,42.63188000000,
"Kepler-619 c",1.62000000,1760.00,1.20844850000,
"Kepler-1285 b",1.40000000,994.00,14.79674580000,
"Kepler-1311 d",7.22000000,360.00,197.51076780000,
"Kepler-781 b",2.72000000,628.00,13.21407320000,
"Kepler-216 c",2.50000000,764.00,17.40665938000,
"Kepler-141 c",38.60000000,3021.00,7.01062745000,
"Kepler-141 b",16.16000000,3961.00,3.10763873000,
"Kepler-695 b",9.17000000,1021.00,3.04033042400,
"Kepler-691 b",2.14000000,466.00,8.11437900000,
"Kepler-195 b",2.22000000,753.00,8.30784498000,
"Kepler-1040 b",1.84000000,297.00,201.12140000000,
"Kepler-129 c",2.40000000,521.00,82.20001050000,
"Kepler-1089 b",1.69000000,584.00,5.13248612300,
"Kepler-1468 c",1.07000000,1215.00,3.54553021000,
"Kepler-1446 b",1.86000000,2304.00,0.68996783200,
"Kepler-1187 b",2.33000000,701.00,18.87064068000,
"K2-294 b",1.66000000,1425.00,2.50387000000,
"Kepler-766 b",2.90000000,975.00,6.10029500000,
"Kepler-1113 b",2.32000000,520.00,42.30049540000,
"Kepler-1413 b",1.60000000,578.00,13.18309000000,
"Kepler-1769 b",3.81000000,483.00,89.19357370000,
"Kepler-205 b",1.17000000,669.00,2.75563710300,
"Kepler-418 c",4.75000000,857.00,12.21827800000,
"Kepler-551 b",2.11000000,401.00,12.37646610000,
"Kepler-162 b",1.28000000,961.00,6.91986734000,
"Kepler-390 c",0.80000000,630.00,13.06003990000,
"Kepler-297 b",3.31000000,579.00,38.86840425000,
"Kepler-603 d",1.22000000,976.00,6.21712920000,
"Kepler-449 c",2.13000000,661.00,33.67312000000,
"K2-211 b",1.33162691,1873.00,0.66956100000,
"Kepler-629 b",1.43000000,846.00,7.23858540000,
"Kepler-85 e",1.61000000,563.00,25.21767000000,
"Kepler-895 b",1.41000000,771.00,2.80624348800,
"Kepler-1870 b",2.03000000,1178.00,3.60694152600,
"Kepler-1921 c",1.44000000,1792.00,3.15721824000,
"Kepler-228 d",4.02000000,835.00,11.09431923000,
"Kepler-1333 b",2.70000000,344.00,109.64811000000,
"Kepler-1649 c",0.53000000,161.00,19.53525510000,
"Kepler-1495 b",3.85000000,443.00,85.27245900000,
"Kepler-1244 b",1.14000000,1641.00,3.70429700000,
"Kepler-1882 b",1.97000000,994.00,13.78714400000,
"Kepler-367 b",1.10000000,384.00,37.81526000000,
"Kepler-101 b",4.36000000,1291.00,3.48768942800,
"Kepler-802 b",3.50000000,478.00,40.05488000000,
"Kepler-1809 b",1.17000000,907.00,3.75729159900,
"Kepler-276 b",2.64000000,793.00,14.12846178000,
"Kepler-291 c",1.93000000,1034.00,5.70071153000,
"Kepler-1165 b",1.43000000,950.00,9.47852200000,
"Kepler-125 b",2.71000000,596.00,4.16438381500,
"Kepler-1833 b",1.12000000,1104.00,6.89204000000,
"Kepler-1571 b",1.61000000,1476.00,3.38555488000,
"Kepler-1110 b",2.40000000,609.00,9.69323000000,
"Kepler-1476 b",1.80000000,860.00,10.35863224000,
"Kepler-376 c",1.72000000,804.00,14.17220432000,
"Kepler-224 d",2.56000000,637.00,11.34933733000,
"Kepler-212 b",0.87000000,769.00,16.25835860000,
"Kepler-196 d",5.92000000,419.00,122.07992210000,
"Kepler-110 c",3.59000000,731.00,31.71987000000,
"Kepler-141 b",16.16000000,3961.00,3.10763873000,
"Kepler-1432 b",2.00000000,701.00,23.91103000000,
"Kepler-1536 b",2.89000000,166.00,364.75156200000,
"Kepler-172 c",2.50000000,952.00,6.38898700000,
"Kepler-1752 b",5.26000000,419.00,56.35922360000,
"Kepler-1134 b",2.60000000,613.00,17.13263989000,
"Kepler-1989 b",4.42000000,904.00,10.16103226100,
"Kepler-1390 b",1.10000000,891.00,6.48017800000,
"Kepler-265 b",1.66000000,1030.00,6.84619299000,
"Kepler-379 c",2.12000000,523.00,62.78450020000,
"Kepler-833 b",1.75000000,382.00,18.75469980000,
"Kepler-1565 b",1.18000000,1240.00,1.53818843700,
"Kepler-1788 b",1.99000000,933.00,2.80013100000,
"Kepler-55 c",1.85000000,349.00,42.14060890000,
"Kepler-304 c",2.80000000,864.00,5.31595347400,
"Kepler-150 c",3.42000000,876.00,7.38198020600,
"Kepler-336 b",0.73000000,1412.00,2.02482033900,
"Kepler-372 d",2.44000000,692.00,30.09048770000,
"Kepler-645 b",2.28000000,1545.00,3.27578300000,
"Kepler-329 c",2.47000000,426.00,18.68465000000,
"Kepler-421 b",4.53000000,178.00,704.96262600000,
"Kepler-1226 b",1.36000000,734.00,17.29234530000,
"Kepler-901 b",1.24000000,714.00,3.51748200000,
"Kepler-950 b",8.00000000,378.00,98.71870000000,
"Kepler-285 b",1.27000000,1092.00,2.63389300000,
"Kepler-1332 b",1.14000000,699.00,11.87456832000,
"Kepler-284 c",2.80000000,489.00,37.51406930000,
"K2-350 c",2.74000000,687.00,19.99194400000,
"Kepler-1205 b",1.75000000,1665.00,1.07839035200,
"K2-36 b",1.43000000,1224.00,1.42261400000,
"Kepler-401 d",2.36000000,408.00,184.25640500000,
"Kepler-122 f",1.81000000,487.00,56.25878850000,
"Kepler-256 e",1.80000000,825.00,10.68167916000,
"Kepler-315 c",3.64000000,269.00,265.46762100000,
"Kepler-444 e",0.42000000,669.00,7.74347614000,
"Kepler-529 d",1.61000000,564.00,35.86573060000,
"Kepler-360 c",2.11000000,998.00,7.18645260000,
"Kepler-1090 c",3.08000000,482.00,42.42673420000,
"Kepler-52 c",1.81000000,392.00,16.38485646000,
"Kepler-82 e",2.55000000,970.00,5.90224692100,
"Kepler-1827 b",1.48000000,1461.00,3.70062174000,
"Kepler-69 c",1.74000000,286.00,242.46712000000,
"Kepler-363 b",1.74000000,1655.00,3.61461353000,
"Kepler-593 b",2.60000000,706.00,21.21708973000,
"Kepler-56 c",11.34000000,1079.00,21.40549010000,
"K2-119 b",2.53000000,666.00,7.72728300000,
"Kepler-1364 b",1.94000000,1104.00,13.32196237000,
"Kepler-1163 b",0.97000000,1143.00,6.11798200000,
"Kepler-306 c",2.14000000,716.00,7.24022418000,
"KOI-1831 d",1.30000000,459.00,34.20690000000,
"Kepler-270 c",1.50000000,769.00,25.26302680000,
"Kepler-462 b",5.01000000,804.00,84.68798080000,
"Kepler-238 f",2.15000000,486.00,50.44731560000,
"Kepler-1431 b",1.46000000,1064.00,5.86601526000,
"Kepler-1715 b",2.98000000,613.00,35.59713982000,
"Kepler-1939 b",0.99000000,816.00,2.79064348100,
"Kepler-1792 b",3.03000000,1047.00,4.19577537900,
"Kepler-414 b",2.19000000,1030.00,4.69965323600,
"Kepler-1415 b",1.33000000,1848.00,0.63642408000,
"Kepler-151 c",2.09000000,547.00,24.67464211000,
"Kepler-1012 b",1.29000000,931.00,5.50860439000,
"Kepler-1171 b",2.73000000,2700.00,1.44259224000,
"Kepler-680 b",1.96000000,1147.00,3.68992629100,
"Kepler-676 b",3.07000000,400.00,11.59822172000,
"Kepler-427 b",9.83000000,884.00,10.29099375500,
"Kepler-557 b",2.40000000,1281.00,3.70598955100,
"Kepler-1545 b",2.71000000,280.00,163.69234900000,
"Kepler-90 i",1.32000000,709.00,14.44912000000,
"Kepler-243 c",1.73000000,554.00,20.02623100000,
"Kepler-144 b",1.10000000,1106.00,5.88528169000,
"Kepler-230 c",2.13000000,358.00,91.77221000000,
"Kepler-296 c",1.52000000,440.00,5.84164124000,
"Kepler-1524 b",2.86000000,460.00,70.96746030000,
"Kepler-1394 b",0.75000000,1579.00,3.93766373000,
"Kepler-774 b",2.49000000,1204.00,11.08957230000,
"Kepler-1669 b",2.40000000,496.00,9.51221128000,
"Kepler-382 b",1.35000000,1038.00,5.26226000000,
"Kepler-852 b",2.78000000,628.00,44.93098040000,
"Kepler-1189 b",1.79000000,1276.00,3.78858982000,
"Kepler-1219 b",1.66000000,827.00,16.10519000000,
"Kepler-479 b",2.01000000,642.00,12.49341307000,
"Kepler-610 b",3.28000000,888.00,6.99692655400,
"Kepler-149 d",7.31000000,397.00,160.01720000000,
"Kepler-672 b",2.82000000,529.00,38.37754860000,
"Kepler-49 d",1.54000000,694.00,2.57656968900,
"Kepler-1666 c",3.00000000,585.00,40.71652000000,
"Kepler-1278 b",0.77000000,1213.00,3.23941344000,
"Kepler-1885 b",23.18000000,1205.00,2.52258863200,
"Kepler-517 b",2.87000000,474.00,60.92832271000,
"Kepler-1185 b",1.44000000,371.00,104.35189760000,
"Kepler-1114 b",1.50000000,696.00,14.97435694000,
"Kepler-791 b",2.41000000,850.00,14.55397590000,
"Kepler-2001 c",1.82000000,597.00,14.09258318900,
"Kepler-1921 c",1.44000000,1792.00,3.15721824000,
"Kepler-733 b",2.74000000,595.00,20.83426731000,
"Kepler-547 b",4.02000000,768.00,6.01038428900,
"Kepler-570 b",2.36000000,1008.00,4.30166200300,
"Kepler-276 c",3.15000000,605.00,31.88415690000,
"Kepler-794 b",2.06000000,952.00,11.13127159000,
"Kepler-345 c",1.22000000,564.00,9.38742889000,
"Kepler-53 b",2.90000000,700.00,18.64929678000,
"Kepler-1721 b",2.57000000,927.00,4.59239083900,
"Kepler-240 c",2.30000000,712.00,7.95355717000,
"Kepler-1924 b",1.91000000,821.00,15.33177190000,
"Kepler-280 b",1.42000000,1314.00,2.13955650300,
"Kepler-589 b",2.52000000,656.00,16.54964934000,
"Kepler-257 d",5.67000000,568.00,24.66459711000,
"Kepler-52 b",2.33000000,500.00,7.87740709000,
"Kepler-980 b",2.15000000,785.00,11.55128200000,
"Kepler-827 b",5.14000000,449.00,51.92927591000,
"Kepler-845 b",1.46000000,1360.00,0.92785510000,
"Kepler-98 b",1.88000000,1592.00,1.54167654700,
"Kepler-49 c",2.13000000,443.00,10.91274065000,
"Kepler-161 b",2.07000000,838.00,4.92135468100,
"Kepler-714 b",9.19000000,976.00,8.09888798600,
"Kepler-114 b",1.18000000,722.00,5.18854800000,
"Kepler-1776 b",2.20000000,608.00,35.01198785000,
"KOI-3503 b",0.79000000,676.00,21.18761850000,
"Kepler-1369 b",2.88000000,667.00,25.87309140000,
"Kepler-1579 b",0.59000000,1136.00,0.84990788900,
"Kepler-275 d",3.02000000,671.00,35.67574530000,
"Kepler-1256 b",1.37000000,973.00,12.41301000000,
"Kepler-1850 b",0.54000000,989.00,1.38578595600,
"Kepler-1402 b",0.68000000,1210.00,2.03387600000,
"Kepler-1824 b",2.47000000,449.00,95.60984500000,
"TOI-2416 b",11.54510000,942.00,8.27546080000,
"Kepler-554 b",3.92000000,1271.00,1.90220855600,
"Kepler-360 b",1.62000000,1296.00,3.28972216900,
"Kepler-855 b",8.99000000,996.00,7.88663246800,
"Kepler-679 b",2.69000000,680.00,12.39358604000,
"Kepler-1764 b",3.46000000,511.00,70.46817100000,
"Kepler-1958 b",1.65000000,801.00,9.32867332000,
"Kepler-147 c",2.63000000,650.00,33.41600340000,
"Kepler-97 b",1.60000000,1331.00,2.58663808100,
"Kepler-1685 b",3.07000000,625.00,20.49040290000,
"Kepler-1823 b",1.56000000,718.00,21.10330140000,
"Kepler-1812 b",2.31000000,1034.00,7.16520428000,
"Kepler-999 b",2.50000000,1436.00,5.99184900000,
"Kepler-1500 b",1.08000000,760.00,15.03301050000,
"Kepler-374 b",1.04000000,1471.00,1.89783401800,
"Kepler-1142 b",1.16000000,642.00,18.30216000000,
"Kepler-783 c",2.55000000,1032.00,7.05393612200,
"Kepler-1452 b",1.63000000,604.00,42.91375100000,
"Kepler-1543 b",2.22000000,1214.00,6.96710269000,
"Kepler-958 b",2.51000000,848.00,9.76788050000,
"Kepler-1595 b",1.22000000,980.00,4.56383697000,
"Kepler-1167 b",1.70000000,1421.00,1.00393373900,
"Kepler-1101 b",2.22000000,370.00,81.31510590000,
"Kepler-1940 b",1.40000000,892.00,4.95062352000,
"Kepler-391 b",3.36000000,1425.00,7.41683033000,
"Kepler-939 b",1.75000000,699.00,14.87829600000,
"Kepler-1778 b",3.60000000,924.00,10.08750800000,
"Kepler-385 c",3.30000000,850.00,15.16227350000,
"Kepler-22 b",2.17000000,267.00,289.86445600000,
"Kepler-196 d",5.92000000,419.00,122.07992210000,
"Kepler-626 b",2.17000000,772.00,14.48585199000,
"Kepler-1312 c",0.84000000,1565.00,1.11612899900,
"K2-111 b",1.82000000,1309.00,5.35180000000,
"Kepler-1991 c",2.57000000,634.00,22.79020351000,
"Kepler-763 b",1.25000000,1414.00,1.19654846400,
"Kepler-912 b",2.05000000,1185.00,2.53477300000,
"Kepler-1197 b",1.12000000,1011.00,2.03231885600,
"Kepler-1877 b",0.47000000,1224.00,2.37752170000,
"Kepler-55 d",1.59000000,906.00,2.21110680000,
"Kepler-149 c",1.66000000,429.00,55.32858130000,
"Kepler-152 b",3.09000000,567.00,18.20795693000,
"Kepler-1733 b",2.31000000,959.00,9.22958009000,
"Kepler-296 b",35.38000000,358.00,10.86443187000,
"Kepler-1115 b",2.17000000,1381.00,23.55407250000,
"Kepler-196 d",2.92000000,297.00,122.08049530000,
"Kepler-841 b",4.67000000,304.00,124.41983980000,
"Kepler-1057 b",2.66000000,724.00,14.08826442000,
"KOI-351 h",10.01000000,293.00,331.60110810000,
"Kepler-868 b",2.04000000,1046.00,5.03251791000,
"K2-187 c",1.80000000,1173.00,2.87204200000,
"Kepler-29 c",2.78000000,715.00,13.28689997000,
"Kepler-1885 b",23.18000000,1205.00,2.52258863200,
"Kepler-602 b",2.70000000,852.00,15.28467725000,
"Kepler-213 b",1.21000000,1290.00,2.46234217500,
"Kepler-323 c",2.04000000,1491.00,3.55380100000,
"Kepler-138 d",1.52000000,335.00,23.08901839000,
"Kepler-535 b",2.35000000,1219.00,4.90334900000,
"Kepler-838 b",2.85000000,774.00,15.74957994000,
"Kepler-1341 b",1.93000000,230.00,132.99550000000,
"Kepler-963 b",2.89000000,802.00,9.97683705000,
"Kepler-402 d",1.26000000,1070.00,8.92116020000,
"Kepler-1820 b",2.70000000,561.00,31.03269900000,
"Kepler-1907 b",1.05000000,856.00,5.65245733000,
"Kepler-1518 c",3.33000000,1094.00,9.63095300000,
"TOI-1716.01",2.72432000,959.00,8.08235400000,
"Kepler-1432 b",2.22000000,722.00,23.91090110000,
"Kepler-510 b",2.53000000,794.00,19.55659418000,
"Kepler-339 b",1.46000000,954.00,4.97761996000,
"Kepler-11 f",2.52000000,513.00,46.68562050000,
"Kepler-304 c",2.80000000,864.00,5.31595347400,
"Kepler-746 b",1.36000000,1146.00,3.48153800000,
"Kepler-28 c",1.94000000,509.00,8.98584768000,
"Kepler-778 b",1.72000000,977.00,3.75574426000,
"Kepler-715 b",3.52000000,876.00,10.00653012000,
"Kepler-1133 b",1.80000000,723.00,11.55560000000,
"Kepler-1730 b",4.56000000,833.00,13.81020318000,
"Kepler-1946 b",3163.54000000,1143.00,3.03520868800,
"Kepler-403 b",1.09000000,1038.00,7.03144308000,
"Kepler-783 c",3.20000000,1039.00,7.05394300000,
"Kepler-1410 b",1.56000000,251.00,60.86616800000,
"Kepler-116 b",2.78000000,1184.00,5.96871746900,
"Kepler-1315 b",1.30000000,1362.00,0.84338020000,
"Kepler-1243 b",1.64000000,685.00,16.83207290000,
"Kepler-115 c",2.31000000,939.00,8.99088871000,
"Kepler-24 b",3.11000000,993.00,8.14511872000,
"Kepler-606 b",2.78000000,679.00,24.31575992000,
"Kepler-764 b",1.52000000,875.00,7.33685101000,
"Kepler-634 b",1.61000000,1222.00,5.16950177000,
"Kepler-80 d",1.30000000,722.00,3.07214660700,
"HD 28109 b",2.55946293,803.99,22.89098550000,
"Kepler-1484 b",2.30000000,624.00,30.45491360000,
"Kepler-100 b",1.30000000,1155.00,6.88707073000,
"Kepler-839 b",3.04000000,626.00,37.81452520000,
"Kepler-1382 b",1.08000000,740.00,16.35830550000,
"Kepler-1987 e",1.99000000,647.00,8.74287133000,
"Kepler-981 b",2.27000000,1104.00,4.46975773600,
"Kepler-1696 b",2.35000000,454.00,65.94132600000,
"Kepler-1641 b",3.92000000,908.00,19.67226600000,
"Kepler-186 c",1.23000000,469.00,7.26730117000,
"Kepler-218 d",2.69000000,356.00,124.52452240000,
"Kepler-864 b",2.81000000,1139.00,5.83376092000,
"Kepler-214 c",2.04000000,661.00,28.77957000000,
"Kepler-212 c",2.06000000,615.00,31.80474045000,
"Kepler-1509 b",1.91000000,653.00,25.43381970000,
"K2-258 b",3.00000000,831.00,19.09210000000,
"Kepler-1691 b",1.74000000,1324.00,3.84822130000,
"Kepler-624 b",2.11000000,814.00,14.58667500000,
"Kepler-345 b",0.69000000,589.00,7.41538000000,
"Kepler-1587 b",1.32000000,981.00,9.40604670000,
"Kepler-1221 b",1.47000000,632.00,12.00089667000,
"Kepler-116 c",2.12000000,902.00,13.07162000000,
"Kepler-205 c",1.29000000,343.00,20.30655662000,
"Kepler-326 b",2.55000000,1594.00,2.24828853800,
"Kepler-860 b",2.91000000,1050.00,5.10137945400,
"Kepler-1295 b",1.50000000,1040.00,3.81371974000,
"Kepler-1119 b",1.69000000,933.00,8.32649000000,
"Kepler-538 b",2.13000000,381.00,81.73780699000,
"Kepler-867 b",3.79000000,291.00,150.24212700000,
"K2-229 b",1.16400000,1960.00,0.58424900000,
"Kepler-20 e",0.82000000,927.00,6.09853672000,
"PH2 b",9.33708092,295.10,282.52542000000,
"Kepler-729 b",3.50000000,1216.00,3.16635280000,
"HD 56414 b",2.84674000,1115.00,29.04975170000,
"Kepler-1875 b",2.40000000,596.00,34.45781000000,
"Kepler-790 b",2.14000000,634.00,13.73469807000,
"Kepler-555 b",2.22000000,663.00,16.21775407000,
"Kepler-227 c",3.10000000,492.00,54.41846400000,
"Kepler-675 b",2.34000000,1070.00,2.33743794600,
"Kepler-1542 b",0.95000000,1277.00,3.95116882000,
"Kepler-1953 b",1.11000000,739.00,6.24563503000,
"Kepler-991 b",2.29000000,252.00,82.53425190000,
"Kepler-1792 b",3.03000000,1047.00,4.19577537900,
"Kepler-124 c",2.20000000,560.00,13.82142084000,
"Kepler-324 b",1.11000000,941.00,4.38536461000,
"Kepler-1033 b",2.57000000,914.00,7.56052806000,
"Kepler-389 c",2.08000000,636.00,14.51236220000,
"Kepler-702 b",8.24000000,713.00,10.52629457700,
"K2-223 b",0.89000000,2271.00,0.50565000000,
"Kepler-834 b",1.35000000,378.00,13.32388301000,
"Kepler-144 b",1.33000000,1148.00,5.88522100000,
"Kepler-1946 b",3163.54000000,1143.00,3.03520868800,
"K2-197 b",2.56000000,848.00,8.35788100000,
"Kepler-1616 b",0.88000000,1138.00,6.76284377000,
"Kepler-1427 b",1.09000000,1851.00,0.96897237600,
"Kepler-1823 b",1.72000000,804.00,21.10325899000,
"Kepler-153 c",2.80000000,467.00,46.90191000000,
"Kepler-1212 b",1.77000000,795.00,12.94130146000,
"Kepler-1098 b",1.24000000,1288.00,2.54306600000,
"Kepler-223 b",1.64000000,964.00,7.38402000000,
"Kepler-237 c",2.27000000,688.00,8.10361363000,
"Kepler-1738 b",2.33000000,957.00,7.67465618000,
"Kepler-32 c",2.08000000,449.00,8.75245953000,"M1 V"
"Kepler-1321 d",3.08000000,683.00,5.72087524000,
"Kepler-774 b",2.49000000,1204.00,11.08957230000,
"Kepler-923 b",1.28000000,1054.00,6.93366476000,
"Kepler-1824 b",2.37000000,421.00,95.61146170000,
"Kepler-821 b",1.25000000,1194.00,1.92279873000,
"Kepler-1388 b",2.23000000,427.00,12.28546030000,
"Kepler-1164 b",1.05000000,957.00,3.97603200000,
"Kepler-1373 b",0.87000000,1839.00,1.29123275000,
"Kepler-263 b",2.54000000,548.00,16.56806842000,
"Kepler-1257 b",1.55000000,1252.00,2.66831376200,
"Kepler-660 b",2.52000000,649.00,9.27358194000,
"Kepler-1393 b",0.70000000,1247.00,2.44357812000,
"K2-282 b",2.82000000,1057.00,4.16983600000,
"Kepler-932 b",1.32000000,1233.00,1.92143040000,
"Kepler-714 b",8.20000000,957.00,8.09888140000,
"Kepler-143 b",2.99000000,838.00,16.00747237000,
"Kepler-466 c",1.24000000,1236.00,3.70921384600,
"Kepler-1324 b",1.93000000,895.00,4.11585514000,
"Kepler-1079 b",1.77000000,887.00,13.24503482000,
"Kepler-83 c",2.25000000,362.00,20.09017037000,
"Kepler-1136 b",1.54000000,922.00,2.36172432900,
"Kepler-138 d",2.06000000,376.00,23.08944700000,
"Kepler-1297 b",1.27000000,1790.00,1.68189051000,
"Kepler-257 b",2.67000000,1237.00,2.38265216900,
"Kepler-971 b",4.28000000,1086.00,9.59070716000,
"Kepler-559 b",4.17000000,719.00,17.58752333000,
"Kepler-1611 b",0.66000000,887.00,5.17624290000,
"Kepler-1784 b",2.20000000,690.00,13.59053000000,
"Kepler-254 d",2.60000000,666.00,18.74653971000,
"K2-270 b",1.38000000,1203.00,1.54306900000,
"Kepler-259 b",2.68000000,879.00,8.11529219000,
"Kepler-111 b",1.75000000,1311.00,3.34180293800,
"Kepler-874 b",3.20000000,562.00,40.06841000000,
"Kepler-303 c",1.15000000,516.00,7.06117359000,
"Kepler-28 b",1.92000000,585.00,5.91226829700,
"Kepler-505 b",2.53000000,339.00,27.52173200000,
"Kepler-1683 b",2.00000000,692.00,15.03343000000,
"Kepler-978 b",2.75000000,539.00,49.62215090000,
"Kepler-177 b",2.68000000,549.00,36.85677580000,
"Kepler-1281 b",1.69000000,1123.00,3.11602791000,
"Kepler-1428 b",1.95000000,1141.00,10.67607169000,
"Kepler-1878 b",1.96000000,1062.00,4.44588291000,
"Kepler-273 b",1.55000000,1167.00,2.93652696600,
"Kepler-236 c",1.80000000,329.00,23.96793669000,
"Kepler-1258 b",0.84000000,1846.00,0.98494016700,
"Kepler-187 c",2.70000000,916.00,10.64021100000,
"Kepler-1793 b",2.12000000,713.00,8.77997349000,
"Kepler-951 b",6.21000000,346.00,71.52530845000,
"Kepler-385 c",3.30000000,850.00,15.16227350000,
"Kepler-1649 b",4.60000000,517.00,8.68910200000,
"Kepler-21 b",1.59000000,1785.00,2.78582169300,
"Kepler-1787 b",2.56000000,545.00,39.31435000000,
"Kepler-632 b",2.44000000,510.00,30.99644000000,
"Kepler-351 d",2.95000000,317.00,142.54424700000,
"K2-166 b",2.19000000,1140.00,8.52695000000,
"Kepler-1883 b",2.60000000,355.00,103.42780000000,
"Kepler-181 c",2.08000000,927.00,4.30214362700,
"Kepler-249 c",1.16000000,429.00,7.11373257000,
"K2-37 b",1.39000000,949.00,4.44340000000,
"Kepler-513 b",2.19000000,639.00,28.86235584000,
"Kepler-1680 b",1.42000000,771.00,8.77426218000,
"Kepler-108 b",8.20000000,669.00,49.18394185000,
"Kepler-173 c",2.80000000,993.00,8.00579800000,
"Kepler-104 d",2.36000000,483.00,51.75627000000,
"Kepler-1230 b",2.85000000,946.00,9.95661537000,
"Kepler-1249 b",1.82000000,647.00,24.33471270000,
"Kepler-80 c",2.27000000,495.00,9.52165015900,
"K2-5 b",1.91000000,565.00,5.73594000000,"K7.5 V"
"Kepler-1527 b",3.26000000,338.00,160.12991800000,
"Kepler-671 b",2.33000000,1014.00,4.28095858800,
"Kepler-183 c",2.25000000,764.00,11.63702600000,
"Kepler-1894 b",1.26000000,1232.00,2.76263462000,
"Kepler-55 c",27.87000000,356.00,42.14126640000,
"Kepler-325 b",3.00000000,1109.00,4.54447500000,
"Kepler-734 b",4.03000000,849.00,6.10485285600,
"Kepler-274 b",2.61000000,961.00,11.63486009000,
"Kepler-1104 b",1.55000000,1321.00,5.03728033000,
"Kepler-142 b",1.98000000,1610.00,2.02414559400,
"Kepler-26 c",2.64000000,385.00,17.25121397000,
"Kepler-970 b",2.94000000,510.00,16.73652231000,
"Kepler-121 b",2.47000000,1008.00,3.17741441800,
"Kepler-622 b",1.64000000,369.00,14.28226676000,
"Kepler-619 b",3.00000000,1072.00,5.40428300000,
"Kepler-520 b",1.78000000,711.00,19.67409703000,
"Kepler-947 b",2.10000000,555.00,26.96447000000,
"Kepler-500 b",2.57000000,906.00,8.50832439800,
"Kepler-716 c",1.37000000,921.00,3.96994893000,
"Kepler-338 e",1.76000000,1143.00,9.34144548000,
"Kepler-238 d",2.15000000,759.00,13.23356008000,
"Kepler-164 d",2.46000000,687.00,28.98683260000,
"Kepler-954 b",2.20000000,534.00,16.78177400000,
"Kepler-1021 b",2.07000000,643.00,13.47469571000,
"Kepler-341 b",1.14000000,1095.00,5.19556758000,
"Kepler-825 c",1.71000000,981.00,8.18182460000,
"Kepler-703 b",5.39000000,1038.00,4.58352094800,
"Kepler-1442 b",2.96000000,488.00,81.41629410000,
"Kepler-1365 c",0.81000000,1137.00,4.77466043000,
"Kepler-1457 b",1.60000000,478.00,51.11047970000,
"Kepler-969 b",2.35000000,522.00,34.17317140000,
"Kepler-1421 b",0.71000000,1142.00,6.91311000000,
"Kepler-29 b",2783.70000000,776.00,10.33929240000,
"Kepler-1024 b",3.77000000,376.00,66.41621330000,
"Kepler-870 b",2.80000000,689.00,21.35913000000,
"Kepler-1018 b",3.28000000,498.00,49.10110930000,
"Kepler-301 b",1.33000000,1278.00,2.50855409500,
"Kepler-192 d",0.89000000,862.00,6.47027579000,
"Kepler-1083 b",3.22000000,449.00,33.41779930000,
"Kepler-541 b",1.92000000,1212.00,5.08005848000,
"Kepler-113 c",2.47000000,627.00,8.92511300000,
"Kepler-1807 b",2.14000000,1108.00,10.86060638000,
"Kepler-1449 b",1.72000000,867.00,13.22745280000,
"Kepler-310 c",3.22000000,417.00,56.47580690000,
"Kepler-371 b",1.75000000,554.00,34.76305430000,
"Kepler-302 b",2.88000000,568.00,30.18368540000,
"Kepler-600 b",2.60000000,513.00,23.67523000000,
"Kepler-1538 b",2.94000000,361.00,175.13881900000,
"Kepler-1609 b",2.05000000,428.00,114.34219000000,
"Kepler-204 c",1.36000000,665.00,25.66165800000,
"Kepler-1339 b",1.08000000,1967.00,1.34155512700,
"Kepler-382 b",1.95000000,1166.00,5.26211833000,
"Kepler-1900 b",1.19000000,1356.00,2.98616791000,
"Kepler-1698 b",0.99000000,1351.00,1.21069362600,
"K2-322 b",1.92000000,635.00,8.20500000000,
"2MASS J01225093-2439505 b",11.20900000,1600.00,,
"Kepler-1769 b",4.00000000,470.00,89.19284000000,
"Kepler-154 e",1.29000000,1097.00,3.93276465000,
"Kepler-171 b",2.74000000,1053.00,4.16696628000,
"Kepler-327 b",1.11000000,682.00,2.54956265200,
"Kepler-726 b",2.92000000,571.00,21.80441000000,
"Kepler-1836 b",2.12000000,1093.00,5.25419589000,
"Kepler-271 b",1.46000000,830.00,10.43549000000,
"Kepler-1398 b",0.77000000,1382.00,2.78815679000,
"Kepler-518 b",4.38000000,1252.00,8.51203587700,
"Kepler-95 b",3.13000000,934.00,11.52306995300,
"Kepler-535 b",2.37000000,1247.00,4.90332180100,
"Kepler-999 b",1.51000000,1114.00,5.99185701700,
"Kepler-758 d",2.01000000,863.00,20.49661970000,
"Kepler-1073 b",1.95000000,816.00,8.67888593000,
"Kepler-1967 b",1.85000000,1087.00,7.28170196000,
"Kepler-169 c",1.47000000,884.00,6.19543693000,
"Kepler-664 b",2.75000000,1406.00,2.52559177700,
"Kepler-886 b",1.36000000,1098.00,6.24146367000,
"Kepler-1163 b",0.88000000,1150.00,6.11786898000,
"Kepler-1851 b",3.28000000,776.00,12.02295362000,
"Kepler-36 c",3.94000000,928.00,16.23192004000,
"CoRoT-35 b",18.83108758,1747.00,3.22748000000,"F6 V"
"Kepler-1119 b",1.68000000,938.00,8.32651530000,
"XO-5 b",12.89035000,1244.00,4.18773200000,"G8 V"
"Kepler-610 b",3.21000000,888.00,6.99692623900,
"Kepler-421 b",4.53000000,178.00,704.96262600000,
"Kepler-483 b",3.49000000,755.00,30.22910274000,
"Kepler-887 b",1.62000000,781.00,20.42228798000,
"Kepler-381 c",1.41000000,1198.00,13.39152873000,
"Kepler-580 b",2.28000000,512.00,8.22241965600,
"Kepler-852 b",2.78000000,628.00,44.93098040000,
"Kepler-114 c",1.60000000,623.00,8.04131700000,
"K2-154 b",1.99000000,715.00,3.67626000000,
"Kepler-407 b",1.21000000,2079.00,0.66930968600,
"Kepler-20 b",1.86800000,1105.00,3.69611525000,
"Kepler-197 e",0.89000000,693.00,25.20998450000,
"Kepler-49 d",1.84000000,751.00,2.57655500000,
"Kepler-582 b",3.39000000,603.00,18.49235668000,
"Kepler-177 c",7.10000000,542.00,49.41243000000,
"Kepler-511 b",7.18000000,322.00,296.63786500000,
"Kepler-1488 c",1.20000000,1212.00,6.15828666000,
"TOI-444 b",3.29701974,561.36,17.96350826817,
"Kepler-1342 b",1.64000000,1282.00,2.21571035800,
"Kepler-1429 b",1.19000000,1188.00,4.48487493000,
"Kepler-995 b",2.70000000,507.00,28.26731672000,
"Kepler-186 c",1.64000000,525.00,7.26731100000,
"Kepler-404 b",1.30000000,712.00,11.82913000000,
"Kepler-1721 b",2.28000000,899.00,4.59239200000,
"Kepler-359 c",5.15000000,507.00,57.68991180000,
"Kepler-106 c",2.35000000,796.00,13.57076622000,
"Kepler-245 e",1.92000000,1088.00,3.21982105600,
"Kepler-1162 c",1.79000000,418.00,59.28415710000,
"Kepler-296 d",2.69000000,403.00,,
"GJ 9827 c",1.20100000,730.00,3.64809500000,
"Kepler-122 b",1.84000000,1040.00,5.76616658000,
"Kepler-1612 b",0.88000000,1019.00,3.91795101000,
"Kepler-1471 c",1.46000000,784.00,11.60446940000,
"Kepler-286 e",1.81000000,539.00,29.22149590000,
"Kepler-574 b",2.70000000,861.00,7.65877400000,
"Kepler-379 b",1.44000000,765.00,20.09842150000,
"Kepler-454 b",1.86000000,848.00,10.57375702900,
"Kepler-1053 b",0.86000000,815.00,2.41436000000,
"Kepler-57 c",45.65000000,674.00,11.60907117000,
"Kepler-983 b",2.40000000,485.00,60.08538480000,
"Kepler-1436 b",1.26000000,943.00,9.70571600000,
"Kepler-409 b",0.98000000,402.00,68.95860800000,
"Kepler-550 b",4.17000000,760.00,8.60009931300,
"Kepler-399 d",1.96000000,392.00,58.03410860000,
"Kepler-131 b",1.98000000,700.00,16.09197176000,
"Kepler-113 c",2.54000000,624.00,8.92507636900,
"Kepler-1079 b",3.14000000,1152.00,13.24503188000,
"Kepler-342 d",2.08000000,616.00,39.45988000000,
"Kepler-181 b",1.33000000,1031.00,3.13784882900,
"Kepler-1322 b",1.52000000,1666.00,0.96286417100,
"Kepler-820 b",8.60000000,498.00,127.83290000000,
"Kepler-305 e",1.83000000,1023.00,3.20539833000,
"Kepler-106 b",0.85000000,1035.00,6.16491696000,
"Kepler-738 b",2.31000000,531.00,24.58721573000,
"Kepler-133 b",1.87000000,1073.00,8.13000457000,
"Kepler-1378 b",2.14000000,525.00,11.95398936000,
"Kepler-219 c",3.21000000,725.00,22.71444582000,
"Kepler-1732 b",2.88000000,582.00,32.31239750000,
"Kepler-705 b",1.96000000,229.00,56.05605380000,
"Kepler-126 c",1.79000000,765.00,21.86964000000,
"Kepler-244 c",2.00000000,751.00,9.76734365000,
"Kepler-33 b",1.85000000,1336.00,5.66815821000,
"Kepler-377 c",1.58000000,626.00,27.01417830000,
"Kepler-341 c",1.73000000,948.00,8.01041305000,
"Kepler-1649 b",0.57000000,211.00,8.68907042000,
"Kepler-696 b",6.73000000,1265.00,4.19042557500,
"Kepler-977 b",2.76000000,544.00,26.85328322000,
"Kepler-1772 b",2.73000000,1773.00,3.21515000000,
"Kepler-184 b",2.42000000,785.00,10.68757479000,
"Kepler-498 b",3.00000000,923.00,9.61371600000,
"Kepler-1378 b",2.14000000,525.00,11.95398936000,
"Kepler-1315 c",1.83000000,777.00,6.56606941000,
"Kepler-782 b",3.73000000,390.00,158.68533080000,
"Kepler-1401 b",1.37000000,808.00,11.20066445000,
"Kepler-48 b",2.14000000,937.00,4.77798100000,
"Kepler-1456 b",1.41000000,433.00,18.13737880000,
"Kepler-59 b",1.02000000,866.00,11.86915070000,
"Kepler-424 b",9.06000000,1116.00,3.31186414800,
"Kepler-485 b",12.91000000,1243.00,3.24325988000,
"Kepler-39 b",13.90000000,897.00,21.08721000000,"F7 V"
"K2-192 b",1.52000000,939.00,4.16281700000,
"Kepler-1236 b",1.92000000,487.00,31.05716180000,
"Kepler-695 b",7.70000000,979.00,3.04032930000,
"Kepler-387 b",1.01000000,994.00,6.79164656000,
"Kepler-1732 b",2.88000000,582.00,32.31239750000,
"Kepler-1899 b",1.64000000,851.00,4.09578199000,
"Kepler-158 c",1.97000000,418.00,28.55158187000,
"Kepler-1175 b",3.01000000,516.00,37.94563000000,
"Kepler-224 d",2.56000000,637.00,11.34933733000,
"Kepler-120 b",2.06000000,576.00,6.31250372800,
"Kepler-285 b",1.40000000,1125.00,2.63385723300,
"Kepler-472 b",3.22000000,878.00,4.17625551400,
"Kepler-791 b",2.41000000,850.00,14.55397590000,
"Kepler-69 b",2.28000000,746.00,13.72237104000,
"Kepler-1513 b",9.16000000,346.00,160.88465087000,
"Kepler-143 c",2.36000000,644.00,27.08247084000,
"Kepler-1462 b",3.16000000,390.00,65.64883410000,
"Kepler-1308 b",0.52000000,586.00,2.10433811900,
"Kepler-454 b",1.86000000,848.00,10.57375702900,
"Kepler-212 c",2.61000000,618.00,31.80526000000,
"Kepler-1394 b",0.75000000,1579.00,3.93766373000,
"Kepler-1622 b",1.15000000,980.00,10.81187370000,
"Kepler-211 c",2.53000000,1147.00,6.04045294000,
"K2-264 b",2.27000000,489.00,5.83977000000,"M2.5 V"
"Kepler-1512 b",1.24000000,474.00,20.35972599000,
"Kepler-629 b",1.43000000,846.00,7.23858540000,
"Kepler-84 c",2.94000000,819.00,12.88296485000,
"Kepler-1542 c",0.83000000,1417.00,2.89223021000,
"Kepler-1391 b",1.48000000,463.00,54.40972000000,
"Kepler-247 c",3.80000000,643.00,9.43945100000,
"Kepler-203 c",2.14000000,1034.00,5.37064586800,
"Kepler-1282 b",1.65000000,1383.00,2.13194651300,
"Kepler-1710 b",2.54000000,676.00,14.91094205000,
"K2-332 b",2.20000000,266.00,17.70632000000,
"Kepler-352 c",1.33000000,572.00,16.33279000000,
"Kepler-388 b",0.91000000,830.00,3.17323306000,
"Kepler-739 b",3.37000000,775.00,12.53248465000,
"Kepler-214 b",1.92000000,785.00,15.66057659000,
"Kepler-1778 b",2.92000000,955.00,10.08746035000,
"Kepler-1038 c",1.17000000,805.00,7.12768673000,
"Kepler-149 b",7.23000000,700.00,29.19892600000,
"Kepler-341 d",1.96000000,627.00,27.66659710000,
"Kepler-296 c",1.52000000,440.00,5.84164124000,
"Kepler-880 c",1.53000000,1090.00,11.80619472000,
"Kepler-534 c",1.06000000,932.00,7.37862283000,
"Kepler-936 b",1.92000000,867.00,10.56134221000,
"Kepler-825 b",1.29000000,1270.00,3.77359871000,
"Kepler-1928 b",2.41000000,755.00,19.57776570000,
"Kepler-654 b",3.04000000,996.00,13.72465129000,
"Kepler-1451 b",2.90000000,521.00,35.62223300000,
"Kepler-1223 b",1.54000000,557.00,16.30127270000,
"Kepler-338 e",1.76000000,1143.00,9.34144548000,
"Kepler-1573 b",1.15000000,1378.00,2.61575540000,
"Kepler-265 e",2.51000000,493.00,67.82990000000,
"Kepler-1087 b",0.83000000,2161.00,0.69384266100,
"Kepler-1462 b",3.16000000,390.00,65.64883410000,
"Kepler-288 c",3.03000000,728.00,19.30577159000,
"Kepler-990 b",2.25000000,847.00,9.91723428000,
"Kepler-214 b",2.05000000,758.00,15.66057688000,
"Kepler-352 b",0.89000000,685.00,10.05545337000,
"Kepler-1689 b",0.84000000,909.00,8.48293296000,
"Kepler-42 d",0.69000000,456.00,1.86511477000,
"Kepler-281 d",4.52000000,321.00,148.27226710000,
"Kepler-1919 b",2.33000000,479.00,37.88694820000,
"Kepler-1545 b",2.71000000,280.00,163.69234900000,
"Kepler-556 b",2.13000000,797.00,11.72292176000,
"Kepler-1110 b",2.34000000,608.00,9.69312032000,
"Kepler-431 b",0.97000000,1337.00,6.80252171000,
"Kepler-1073 b",2.56000000,905.00,8.67890312000,
"Kepler-1291 b",1.43000000,739.00,8.63050092000,
"K2-38 c",2.18000000,862.00,10.56104000000,
"Kepler-557 b",2.40000000,1281.00,3.70598955100,
"Kepler-1079 b",3.14000000,1152.00,13.24503188000,
"Kepler-1077 b",2.64000000,576.00,34.35118740000,
"Kepler-222 d",3.75000000,522.00,28.08194365000,
"Kepler-958 b",2.51000000,848.00,9.76788050000,
"Kepler-399 b",1.01000000,623.00,14.42525565000,
"Kepler-375 c",2.30000000,637.00,19.98795000000,
"Kepler-896 b",3.06000000,303.00,144.55162800000,
"Kepler-820 b",9.46000000,554.00,127.83349970000,
"Kepler-701 b",3.09000000,777.00,10.35533177000,
"Kepler-849 b",8.26000000,337.00,394.62449040000,
"Kepler-940 b",3.50000000,478.00,59.62217000000,
"Kepler-569 b",3.06000000,544.00,34.18890521000,
"Kepler-656 c",1.41000000,975.00,5.25449393000,
"Kepler-1519 b",6.84000000,283.00,240.79893970000,
"Kepler-811 b",2.16000000,630.00,23.58461000000,
"Kepler-1914 b",2.76000000,585.00,30.82779260000,
"Kepler-1077 b",2.64000000,576.00,34.35118740000,
"Kepler-1519 b",10.31000000,342.00,240.79904720000,
"Kepler-741 b",2.45000000,1051.00,7.03902016000,
"Kepler-1073 b",2.11000000,819.00,8.67890200000,
"Kepler-107 b",1.58000000,1345.00,3.17996200000,
"Kepler-233 b",2.71000000,752.00,8.47237844000,
"Kepler-1311 d",7.30000000,359.00,197.51034000000,
"Kepler-1155 b",2.15000000,609.00,33.46974300000,
"Kepler-341 e",2.01000000,544.00,42.46990000000,
"Kepler-106 d",0.93000000,653.00,23.98059000000,
"Kepler-948 b",1.79000000,900.00,7.76846622000,
"Kepler-629 b",1.34000000,816.00,7.23858162000,
"Kepler-700 b",7.59000000,452.00,80.87234690000,
"Kepler-874 b",3.41000000,560.00,40.06867270000,
"Kepler-147 c",2.98000000,689.00,33.41605530000,
"Kepler-1743 b",1.78000000,1258.00,7.64972303000,
"Kepler-611 b",2.04000000,1513.00,2.43702921700,
"Kepler-226 c",2.70000000,918.00,5.34955671000,
"Kepler-1299 b",2.42000000,588.00,19.94012110000,
"Kepler-1669 c",1.44000000,946.00,1.60930590000,
"Kepler-1589 b",0.92000000,1919.00,0.99166527400,
"Kepler-1481 b",1.23000000,797.00,5.94228603000,
"Kepler-1010 b",2.44000000,477.00,34.26857410000,
"Kepler-2001 b",1.03000000,1417.00,1.09001332700,
"Kepler-334 c",1.48000000,815.00,12.75807900000,
"Kepler-362 c",1.68000000,479.00,37.86589820000,
"Kepler-58 d",3.31000000,583.00,40.10142720000,
"Kepler-1639 b",2.64000000,1003.00,9.87885020000,
"Kepler-1880 b",1.71000000,650.00,6.30922900000,
"Kepler-1346 b",1.34000000,1236.00,3.40165617000,
"Kepler-1071 b",1.47000000,661.00,6.17998440000,
"Kepler-801 b",1.55000000,419.00,11.41928253000,
"Kepler-51 c",6.10000000,423.00,85.31657760000,
"Kepler-873 b",3.32000000,753.00,20.55338440000,
"Kepler-1471 b",1.68000000,1238.00,3.63898953000,
"Kepler-190 c",1.63000000,948.00,3.76304153100,
"Kepler-54 b",2.33000000,453.00,8.01081478000,
"Kepler-734 b",4.03000000,849.00,6.10485285600,
"Kepler-31 c",4.99000000,615.00,42.63416177000,
"Kepler-1521 b",6.46000000,616.00,47.14840805000,
"Kepler-87 b",6.20000000,345.00,114.73653000000,
"Kepler-234 b",3.62000000,1405.00,2.71150257900,
"Kepler-252 c",2.38000000,500.00,10.84844792000,
"Kepler-1798 b",2.08000000,403.00,16.85593514000,
"Kepler-1591 b",0.95000000,892.00,8.18504949000,
"Kepler-1237 b",2.80000000,366.00,84.57332260000,
"Kepler-304 d",2.40000000,617.00,9.65348400000,
"Kepler-640 b",2.73000000,631.00,22.24813967000,
"Kepler-1573 b",1.06000000,1379.00,2.61576515000,
"Kepler-534 b",2.36000000,748.00,15.95994600000,
"Kepler-1600 c",1.75000000,794.00,7.29814580000,
"Kepler-238 b",1.05000000,1404.00,2.09081565000,
"Kepler-105 b",3.28000000,1306.00,5.41220713000,
"Kepler-1253 b",1.25000000,478.00,68.88619150000,
"Kepler-1986 b",1.69000000,578.00,19.54893650000,
"Kepler-588 b",2.59000000,1177.00,4.22162535700,
"Kepler-1148 b",1.60000000,1397.00,1.10446249400,
"Kepler-763 b",1.22000000,1419.00,1.19655156000,
"Kepler-878 b",1.87000000,502.00,25.94220330000,
"Kepler-51 d",10.74000000,367.00,130.17746603000,
"Kepler-297 c",7.54000000,466.00,74.92771752000,
"Kepler-36 c",3.67900000,928.00,16.23855000000,
"Kepler-683 b",2.06000000,1332.00,2.53918314700,
"Kepler-1634 b",4.92000000,282.00,374.87623900000,
"Kepler-1781 b",2.45000000,1003.00,4.88753111000,
"Kepler-1557 b",1.35000000,1265.00,3.74032496000,
"Kepler-26 b",2.89000000,427.00,12.28299971900,
"Kepler-560 b",1.55000000,267.00,18.47762694000,
"Kepler-152 b",3.00000000,556.00,18.20800900000,
"Kepler-768 b",1.67000000,618.00,11.39102358000,
"Kepler-120 c",1.85000000,504.00,12.79459400000,
"Kepler-1903 b",1.78000000,775.00,17.06758770000,
"Kepler-1893 b",1.60000000,1198.00,4.17938195000,
"Kepler-1892 b",1.31000000,822.00,6.33125228000,
"Kepler-837 b",2.71000000,702.00,16.56059504000,
"Kepler-1960 b",0.97000000,1524.00,2.29792825000,
"Kepler-1229 b",1.34000000,212.00,86.82974000000,
"Kepler-1863 b",1.48000000,590.00,44.99774780000,
"Kepler-1682 b",3.47000000,729.00,14.83339324000,
"K2-241 b",2.55000000,507.00,26.81990000000,
"Kepler-217 d",1.14000000,1533.00,3.88689525000,
"Kepler-232 b",3.25000000,1104.00,4.43123848800,
"Kepler-1754 b",2.20000000,672.00,8.19593235000,
"Kepler-1050 c",1.52000000,705.00,21.12902000000,
"Kepler-1697 b",2.13000000,630.00,33.49763130000,
"CoRoT-4 b",13.43739593,963.83,9.20164964154,
"TOI-270 c",2.40708723,452.87,5.66056931603,
"K2-352 b",1.37000000,1160.00,3.66591200000,
"Kepler-1328 b",0.94000000,1081.00,4.52158888000,
"Kepler-353 c",1.51000000,510.00,8.41095300000,
"NGTS-4 b",3.02657864,1391.87,1.33723492308,
"Kepler-19 b",2.10000000,762.00,9.28696446600,
"Kepler-296 c",1.53000000,439.00,5.84161806000,"M2 V"
"Kepler-146 c",2.91000000,474.00,76.73251680000,
"Kepler-710 b",1.60000000,985.00,4.34728552700,
"Kepler-1665 b",2.31000000,655.00,11.95475266100,
"G 9-40 b",1.90000000,440.60,5.74599820000,
"TOI-813 b",7.21688318,594.81,83.89624340958,
"Kepler-284 b",2.62000000,686.00,12.69905011000,
"Kepler-1850 b",0.57000000,1021.00,1.38580000000,
"Kepler-1046 b",2.05000000,786.00,14.37504582000,
"Kepler-599 b",2.64000000,598.00,15.65558000000,
"Kepler-301 c",1.39000000,989.00,5.41907559000,
"Kepler-96 b",2.76000000,711.00,16.23847733000,
"TOI-4487 A b",13.12380000,1477.00,3.95406170000,
"Kepler-170 b",3.05000000,899.00,7.93058351900,
"Kepler-1636 b",3.20000000,248.00,425.48353900000,
"Kepler-260 b",2.04000000,791.00,8.18746000000,
"Kepler-1845 b",2.21000000,606.00,11.60656196000,
"Kepler-1742 b",1.95000000,462.00,49.47816490000,
"Kepler-1811 b",2.90000000,439.00,76.42410000000,
"Kepler-23 c",3.69000000,1166.00,10.74244700000,
"Kepler-1316 b",2.90000000,388.00,87.97294000000,
"Kepler-1667 b",4.20000000,515.00,83.57752000000,
"Kepler-1304 b",2.31000000,627.00,16.12888530000,
"Kepler-1575 b",1.33000000,1312.00,2.55314213000,
"Kepler-598 c",2.68000000,365.00,86.49260000000,
"Kepler-389 c",1.45000000,636.00,14.51230990000,
"Kepler-1148 b",1.64000000,1396.00,1.10446350900,
"Kepler-1681 b",2.10000000,398.00,69.89410000000,
"Kepler-144 c",1.10000000,923.00,10.10463505000,
"Kepler-57 b",2.91000000,853.00,5.72932862400,
"Kepler-1537 b",2.20000000,1800.00,1.44445379800,
"Kepler-226 d",1.42000000,793.00,8.10938000000,
"Kepler-1735 b",1.06000000,519.00,7.71797000000,
"Kepler-949 c",3.72000000,582.00,20.99747771000,
"Kepler-372 c",2.63000000,755.00,20.05452820000,
"Kepler-717 b",2.73000000,1139.00,4.40840023000,
"Kepler-878 b",1.93000000,504.00,25.94199000000,
"Kepler-478 b",2.74000000,651.00,13.22178000000,
"Kepler-417 c",2.70000000,616.00,15.94251522000,
"Kepler-174 c",1.47000000,347.00,44.00045000000,
"Kepler-1324 b",1.82000000,802.00,4.11584700000,
"Kepler-1436 b",1.26000000,943.00,9.70571600000,
"Kepler-403 c",1.43000000,525.00,54.28120310000,
"Kepler-369 c",1.32000000,339.00,14.87153514000,
"Kepler-154 d",4.04000000,657.00,20.54981840000,
"Kepler-835 b",2.91000000,918.00,11.41909375000,
"Kepler-975 b",3.35000000,1598.00,1.97034245700,
"Kepler-1511 b",2.28000000,903.00,23.23827920000,
"Kepler-1196 b",2.00000000,437.00,66.18320000000,
"Kepler-1554 b",2.74000000,266.00,198.08877400000,
"Kepler-769 c",1.48000000,773.00,15.98701740000,
"K2-208 b",1.67462172,1122.00,4.19097000000,
"Kepler-888 b",1.63000000,417.00,70.69817240000,
"Kepler-1622 b",1.24000000,922.00,10.81183170000,
"Kepler-1664 b",2.75000000,810.00,14.38681090000,
"Kepler-1616 b",0.88000000,1138.00,6.76284377000,
"Kepler-1762 b",2.70000000,694.00,29.53838000000,
"Kepler-1371 c",0.67000000,1330.00,2.00540900000,
"Kepler-1131 b",1.44000000,1189.00,3.53232449000,
"Kepler-1280 b",1.66000000,513.00,66.55790570000,
"Kepler-1582 b",0.77000000,321.00,4.83817712000,
"Kepler-1438 b",0.86000000,1241.00,2.31942009000,
"Kepler-152 c",2.56000000,335.00,88.25535440000,
"KELT-21 b",17.77747400,2051.00,3.61276470000,"A8 V"
"Kepler-150 d",2.88000000,772.00,12.56092796000,
"Kepler-217 c",1.84000000,1208.00,8.58600968000,
"Kepler-1414 b",1.44000000,1033.00,3.51576315000,
"Kepler-42 c",0.92000000,733.00,0.45328733700,
"Kepler-1205 b",1.75000000,1665.00,1.07839035200,
"WASP-44 b",11.23139866,1304.00,2.42381330000,
"Kepler-935 b",1.80000000,780.00,4.88086100000,
"Kepler-1353 b",2.03000000,491.00,24.75439660000,
"Kepler-922 b",1.48000000,1898.00,0.93846683200,
"Kepler-1237 b",2.80000000,366.00,84.57332260000,
"Kepler-197 c",1.44000000,930.00,10.34973276000,
"Kepler-899 b",2.57000000,640.00,19.17891293000,
"Kepler-1624 b",4.91000000,540.00,3.29030409800,
"Kepler-1490 b",2.89000000,348.00,92.43697800000,
"Kepler-196 c",2.33000000,407.00,47.42771160000,
"Kepler-1910 b",0.86000000,599.00,5.68881400000,
"Kepler-1210 b",1.55000000,868.00,8.07073000000,
"KOI-4777.01",0.42000000,746.00,0.82400012500,
"Kepler-1022 b",2.02000000,512.00,10.99469878000,
"Kepler-1434 b",1.09000000,1205.00,8.05334000000,
"K2-193 b",3.95000000,739.00,14.78688900000,
"Kepler-1255 b",1.98000000,584.00,36.29290000000,
"Kepler-256 c",1.79000000,1209.00,3.38801185400,
"Kepler-1308 b",0.79000000,662.00,2.10433534000,
"Kepler-1083 b",3.22000000,449.00,33.41779930000,
"Kepler-1411 b",3.24000000,444.00,86.11508880000,
"Kepler-1169 b",0.99000000,1123.00,6.11009134000,
"HAT-P-11 b",4.84000000,801.00,4.88780270600,
"Kepler-1770 b",2.95000000,699.00,16.84192204000,
"Kepler-209 b",3.32000000,697.00,16.08783600000,
"Kepler-1485 b",1.42000000,726.00,19.91577250000,
"TOI-5786 b",8.54000000,1040.00,12.77910700000,
"Kepler-712 c",4.48000000,244.00,226.89047000000,
"Kepler-1072 b",1.68000000,1849.00,1.56906659800,
"Kepler-1680 b",1.42000000,771.00,8.77426218000,
"Kepler-717 b",2.73000000,1139.00,4.40840023000,
"Kepler-1828 b",1.90000000,767.00,10.27402000000,
"Kepler-373 b",1.75000000,1054.00,5.53533152000,
"Kepler-1005 b",1.56000000,1039.00,6.49801300000,
"Kepler-1451 b",2.90000000,521.00,35.62223300000,
"Kepler-200 b",2.92000000,1046.00,8.59479202000,
"Kepler-880 c",2.87000000,1407.00,11.80617370000,
"Kepler-311 b",1.57000000,928.00,9.17613539000,
"KOI-351 g",6.86000000,341.00,210.60311050000,
"Kepler-1238 b",1.57000000,1309.00,4.14787559000,
"Kepler-1867 b",0.67000000,770.00,9.88736112000,
"Kepler-811 b",2.07000000,635.00,23.58447697000,
"Kepler-117 b",6.04000000,808.00,18.79590048000,
"K2-268 b",1.50000000,1136.00,2.15167600000,
"Kepler-1119 b",1.80000000,938.00,8.32651854000,
"Kepler-1094 b",2.65000000,447.00,78.10002310000,
"Kepler-777 b",1.51000000,590.00,5.72812599000,
"Kepler-1398 c",0.85000000,1243.00,4.13828400000,
"Kepler-595 b",3.95000000,535.00,25.30291816000,
"Kepler-280 b",1.76000000,1425.00,2.13955630000,
"Kepler-1064 b",1.26000000,537.00,16.54080322000,
"Kepler-1815 b",2.46000000,763.00,12.19140405000,
"Kepler-911 b",2.53000000,942.00,20.31050100000,
"Kepler-185 b",1.16000000,1282.00,1.63291885300,
"Kepler-1011 b",3.14000000,920.00,5.75321539000,
"Kepler-551 b",2.53000000,483.00,12.37646897000,
"Kepler-359 c",5.15000000,507.00,57.68991180000,
"Kepler-1204 b",3.14000000,448.00,85.73502850000,
"Kepler-145 c",3.83000000,719.00,42.88232415000,
"Kepler-733 b",2.87000000,595.00,20.83424726000,
"Kepler-1056 b",2.32000000,590.00,27.49560600000,
"Kepler-741 b",2.48000000,1041.00,7.03902374000,
"Kepler-779 b",0.83000000,428.00,7.09714223000,
"Kepler-553 b",4.86000000,1051.00,4.03046803700,
"V1298 Tau b",10.22000000,668.00,24.13861000000,"K0"
"Kepler-946 b",1.78000000,770.00,11.79162572000,
"Kepler-618 b",2.39000000,1296.00,3.59576901300,
"Kepler-156 b",2.46000000,867.00,4.97345525200,
"Kepler-85 c",1.92000000,725.00,12.51366754000,
"K2-139 b",9.11000000,524.00,28.38061900000,
"Kepler-935 b",1.59000000,879.00,4.88083852000,
"Kepler-366 c",1.70000000,830.00,12.51625000000,
"Kepler-250 c",2.47000000,782.00,7.15681552000,
"Kepler-1038 c",1.21000000,784.00,7.12766417000,
"Kepler-716 c",1.37000000,921.00,3.96994893000,
"Kepler-239 b",2.36000000,614.00,11.76305946000,
"Kepler-817 b",6.40000000,969.00,3.99010990000,
"Kepler-327 b",1.31000000,690.00,2.54956329600,
"Kepler-1398 c",0.84000000,1211.00,4.13827595000,
"Kepler-932 b",1.43000000,1276.00,1.92143739600,
"Kepler-1113 b",2.32000000,520.00,42.30049540000,
"Kepler-605 c",0.80000000,1183.00,2.35895151500,
"Kepler-582 b",3.30000000,600.00,18.49233600000,
"Kepler-617 b",1.27000000,753.00,1.68269614800,
"Kepler-207 b",1.09000000,1712.00,1.61188717700,
"Kepler-717 b",2.66000000,1139.00,4.40841331000,
"WASP-151 b",13.30506009,1312.00,4.53347750000,
"K2-220 b",2.37000000,761.00,13.68186000000,
"Kepler-206 c",1.85000000,825.00,13.13747785000,
"Kepler-1649 b",0.57000000,211.00,8.68907042000,
"LHS 1140 b",1.63500000,378.90,24.73694000000,
"WASP-108 b",15.13212395,1589.00,,"F9"
"Kepler-1550 b",2.65000000,312.00,225.58280900000,
"Kepler-529 b",1.50000000,1483.00,1.98035766300,
"Kepler-42 c",0.73000000,720.00,0.45328509000,"M"
"Kepler-81 b",2.33000000,635.00,5.95489993000,
"Kepler-1149 b",1.39000000,1106.00,3.73092700000,
"Kepler-246 b",2.20000000,890.00,4.60183600000,
"Kepler-282 b",1.02000000,817.00,9.22076910000,
"Kepler-1252 b",1.40000000,709.00,15.05417000000,
"Kepler-130 c",2.85000000,660.00,27.50867519000,
"Kepler-171 b",2.27000000,1012.00,4.16693700000,
"Kepler-1678 b",3.43000000,337.00,147.97302700000,
"Kepler-284 c",2.80000000,489.00,37.51406930000,
"Kepler-310 b",1.40000000,665.00,13.93068791000,
"Kepler-920 b",2.23000000,844.00,6.53251000000,
"Kepler-1741 b",1.17000000,640.00,2.75759025000,
"Kepler-797 b",1.94000000,554.00,27.07237711000,
"Kepler-847 b",1.34000000,1107.00,2.34323189500,
"Kepler-1107 b",1.31000000,1791.00,0.57103910000,
"Kepler-62 b",1.33000000,737.00,5.71489071700,
"Kepler-321 b",1.46000000,1042.00,4.91538545200,
"Kepler-676 b",2.65000000,396.00,11.59822233000,
"Kepler-140 c",1.54000000,435.00,91.35158670000,
"Kepler-295 b",1.55000000,741.00,12.64504291000,
"Kepler-216 b",1.91000000,1003.00,7.69364042000,
"Kepler-357 b",1.90000000,804.00,6.47538919000,
"Kepler-995 b",2.90000000,515.00,28.26681000000,
"Kepler-742 b",3.17000000,611.00,8.36084700000,
"Kepler-614 b",2.41000000,641.00,14.03490255000,
"Kepler-1236 b",2.12000000,492.00,31.05745000000,
"Kepler-1193 b",1.13000000,1375.00,2.83265213400,
"Kepler-383 b",1.39000000,564.00,12.90475463000,
"K2-35 c",2.09000000,737.00,5.60912000000,"K4 V"
"K2-85 b",1.40000000,1355.00,0.68453862616,
"Kepler-1083 b",2.30000000,436.00,33.41832000000,
"Kepler-1312 b",1.80000000,923.00,5.44832528600,
"Kepler-1385 b",0.55000000,1187.00,2.88879862000,
"Kepler-62 b",1.31000000,750.00,5.71493200000,"K2 V"
"Kepler-1085 c",3.12000000,491.00,56.77722900000,
"Kepler-1307 b",2.47000000,768.00,18.01621096000,
"Kepler-1669 d",1.38000000,626.00,4.72941969000,
"Kepler-1845 b",2.21000000,606.00,11.60656196000,
"Kepler-310 d",2.38000000,380.00,92.87503470000,
"Kepler-1828 b",1.74000000,774.00,10.27377201000,
"Kepler-227 c",2.83000000,443.00,54.41838270000,
"Kepler-610 c",2.41000000,318.00,151.86394900000,
"Kepler-320 c",1.41000000,777.00,17.93465630000,
"K2-156 b",1.15000000,1347.00,0.81314000000,
"Kepler-245 c",2.32000000,568.00,17.46087931000,
"Kepler-1311 c",1.36000000,1671.00,2.53573284000,
"K2-99 b",11.73000000,1113.00,18.25198500000,
"Kepler-280 b",1.42000000,1314.00,2.13955650300,
"Kepler-182 b",2.73000000,950.00,9.82578435000,
"Kepler-659 b",2.33000000,516.00,17.67179600000,
"Kepler-322 c",1.59000000,1016.00,4.33722403900,
"Kepler-130 c",2.98000000,663.00,27.50871575000,
"Kepler-561 c",2.66000000,989.00,5.35016198300,
"Kepler-1543 b",6.14000000,1774.00,6.96704926000,
"Kepler-786 b",2.39000000,353.00,53.52934870000,
"Kepler-190 c",1.46000000,964.00,3.76304236100,
"Kepler-186 f",1.18000000,177.00,129.94539200000,
"Kepler-1949 b",1.36000000,1709.00,2.20829637000,
"Kepler-1085 c",2.92000000,480.00,56.77673000000,
"Kepler-1130 d",0.65000000,993.00,4.27225316000,
"Kepler-1480 b",2.97000000,721.00,22.12679948000,
"Kepler-758 d",2.01000000,863.00,20.49661970000,
"EPIC 212297394 b",1.48000000,1149.00,2.28936300000,
"Kepler-1750 b",4.80000000,290.00,205.91720000000,
"Kepler-128 c",1.42000000,846.00,22.80298080000,
"CoRoT-27 b",11.28700000,1500.00,3.57532000000,"G2"
"Kepler-1348 b",1.48000000,570.00,27.57227420000,
"Kepler-1530 c",2.40000000,1167.00,5.32274060000,
"Kepler-1068 b",3.40000000,689.00,16.92333000000,
"Kepler-107 c",1.84000000,1263.00,4.90143807000,
"Kepler-1530 b",2.55000000,1484.00,2.59039580000,
"Kepler-565 b",3.22000000,1061.00,4.24374722600,
"Kepler-310 c",3.33000000,448.00,56.47616700000,
"Kepler-529 d",2.44000000,633.00,35.86564840000,
"Kepler-245 d",3.50000000,485.00,36.27594657000,
"Kepler-778 b",1.72000000,977.00,3.75574426000,
"Kepler-237 b",1.58000000,794.00,4.71497400000,
"Kepler-1723 b",3.00000000,576.00,39.75062000000,
"Kepler-11 d",3.20000000,653.00,22.68712300000,
"Kepler-802 b",3.43000000,489.00,40.05881661000,
"Kepler-397 b",2.51000000,527.00,22.25088000000,
"Kepler-1110 b",2.34000000,608.00,9.69312032000,
"Kepler-759 b",2.17000000,533.00,41.80598500000,
"Kepler-523 b",1.92000000,884.00,5.83599485000,
"Kepler-1385 b",0.55000000,1187.00,2.88879862000,
"Kepler-250 c",2.41000000,773.00,7.15681773000,
"Kepler-1224 b",1.32000000,872.00,13.32354078000,
"Kepler-758 c",1.65000000,1404.00,4.75793986000,
"Kepler-189 c",2.53000000,531.00,20.13493000000,
"Kepler-292 e",2.86000000,737.00,11.97882200000,
"Kepler-438 b",0.98000000,273.00,35.23318000000,
"Kepler-332 b",1.40000000,737.00,7.62636400000,
"Kepler-935 b",1.59000000,879.00,4.88083852000,
"Kepler-115 b",1.24000000,1489.00,2.40364070100,
"Kepler-1539 b",2.71000000,301.00,133.30367410000,
"Kepler-1452 b",3.19000000,810.00,42.91366350000,
"Kepler-431 b",0.73000000,1026.00,6.80257947000,
"Kepler-228 d",4.10000000,817.00,11.09432900000,
"Kepler-1411 b",3.10000000,392.00,86.11510000000,
"Kepler-939 b",1.75000000,699.00,14.87829600000,
"Kepler-616 c",3.96000000,413.00,90.41179920000,
"Kepler-1341 b",2.70000000,241.00,132.99683220000,
"Kepler-1672 b",4.37000000,423.00,150.87831980000,
"Kepler-282 e",3.10000000,538.00,44.34713000000,
"Kepler-1507 b",0.81000000,630.00,16.05054640000,
"Kepler-845 b",2.10000000,1470.00,0.92785982100,
"Kepler-925 b",2.26000000,394.00,33.86785310000,
"Kepler-1227 b",2.11000000,369.00,94.28922300000,
"K2-36 c",3.20000000,788.00,5.34088800000,
"Kepler-1246 b",1.23000000,554.00,11.32271513000,
"Kepler-167 d",1.32000000,489.00,21.80428000000,
"KOI-1783.02",4.40000000,290.00,284.06095300000,
"Kepler-222 b",3.36000000,1004.00,3.93699314400,
"Kepler-463 b",4.95000000,1060.00,8.98101683300,
"Kepler-1086 b",2.27000000,415.00,18.78425728000,
"Kepler-1828 b",1.68000000,799.00,10.27380957000,
"Kepler-200 b",1.75000000,854.00,8.59481851000,
"K2-246 b",3.49000000,977.00,5.76918000000,
"Kepler-1677 b",2.31000000,726.00,22.06406230000,
"Kepler-285 c",1.11000000,847.00,6.18666218000,
"K2-38 c",2.42000000,858.00,10.56103000000,"G2 V"
"Kepler-1880 b",1.37000000,606.00,6.30922043000,
"Kepler-30 d",8.90000000,308.00,143.20630470000,
"Kepler-1521 b",6.46000000,616.00,47.14840805000,
"Kepler-270 b",2.07000000,984.00,11.47609015000,
"Kepler-1478 b",1.40000000,598.00,26.08405940000,
"Kepler-1341 b",2.70000000,241.00,132.99683220000,
"Kepler-1464 c",0.89000000,1023.00,5.32786292000,
"Kepler-1226 b",1.52000000,748.00,17.29184000000,
"Kepler-198 b",2.70000000,655.00,17.79001678000,
"Kepler-458 c",4.24000000,798.00,20.74028645000,
"Kepler-172 d",2.21000000,735.00,14.62698952000,
"Kepler-225 b",1.36000000,464.00,6.73893995000,
"Kepler-306 e",2.74000000,437.00,44.84122140000,
"Kepler-603 d",1.41000000,975.00,6.21716800000,
"Kepler-197 c",1.26000000,932.00,10.34971385000,
"Kepler-1420 b",1.32000000,802.00,6.69960006000,
"Kepler-332 c",1.30000000,619.00,15.99561140000,
"Kepler-1371 b",0.64000000,1015.00,3.44620390000,
"Kepler-23 b",1.95000000,1336.00,7.10690000000,
"Kepler-1591 b",0.95000000,892.00,8.18504949000,
"Kepler-106 b",0.85000000,1035.00,6.16491696000,
"Kepler-1245 b",1.63000000,1043.00,4.35407371000,
"Kepler-265 e",2.35000000,479.00,67.83183090000,
"Kepler-658 b",1.39000000,871.00,1.28707669300,
"Kepler-166 d",1.59000000,1313.00,1.55400389000,
"Kepler-868 b",2.22000000,1050.00,5.03258900000,
"Kepler-295 b",1.53000000,752.00,12.64481000000,
"Kepler-1392 b",2.20000000,664.00,15.14112000000,
"Kepler-1225 b",1.82000000,1069.00,7.01072300000,
"Kepler-664 b",2.71000000,1407.00,2.52559331500,
"Kepler-1123 b",1.46000000,988.00,4.33946000000,
"Kepler-1092 b",2.15000000,508.00,58.60179250000,
"Kepler-2000 c",1.40000000,354.00,20.61810660000,
"Kepler-1571 b",1.61000000,1476.00,3.38555488000,
"Kepler-867 b",3.97000000,302.00,150.24130000000,
"Kepler-1773 b",3.44000000,623.00,40.80957343000,
"Kepler-81 c",1.87000000,428.00,12.03991407000,
"K2-316 b",1.33000000,841.00,1.13300000000,
"Kepler-1674 b",3.53000000,419.00,62.56152800000,
"Kepler-215 b",1.71000000,920.00,9.36050000000,
"Kepler-171 b",2.44000000,1024.00,4.16696217300,
"K2-268 f",2.23000000,492.00,26.27057000000,
"Kepler-859 b",3.16000000,528.00,20.38174802000,
"Kepler-916 b",1.90000000,503.00,32.29642750000,
"Kepler-896 b",2.60000000,304.00,144.54739600000,
"Kepler-344 c",3.19000000,360.00,125.60230200000,
"Kepler-1697 b",2.13000000,630.00,33.49763130000,
"Kepler-1265 b",1.47000000,732.00,6.49441289000,
"Kepler-648 b",2.87000000,657.00,17.42112500000,
"Kepler-172 c",2.35000000,968.00,6.38901755000,
"Kepler-378 c",1.80000000,668.00,28.90596870000,
"Kepler-238 b",1.05000000,1404.00,2.09081565000,
"Kepler-1729 b",2.76000000,600.00,4.22096714800,
"Kepler-1090 c",3.44000000,496.00,42.42696470000,
"Kepler-406 c",0.76000000,1053.00,4.62333557000,
"Kepler-1107 b",1.38000000,1879.00,0.57103851800,
"Kepler-1154 c",1.67000000,950.00,8.45808312000,
"Kepler-1922 b",1.47000000,740.00,13.22262080000,
"Kepler-1087 b",0.66000000,1950.00,0.69385210000,
"Kepler-298 c",2.26000000,436.00,22.92884482000,
"Kepler-870 b",2.67000000,691.00,21.35876210000,
"Kepler-1303 b",1.20000000,891.00,7.56126152000,
"Kepler-58 e",1.58000000,1213.00,4.45815716000,
"Kepler-1318 b",2.85000000,202.00,213.25766300000,
"Kepler-1023 b",2.78000000,426.00,62.13877140000,
"Kepler-880 b",2.23000000,1271.00,7.71466300000,
"Kepler-56 b",3.84000000,1196.00,10.50343000000,
"Kepler-800 b",2.91000000,677.00,14.13176026000,
"Kepler-406 c",0.77000000,1050.00,4.62334491000,
"Kepler-1829 b",2.00000000,843.00,5.18678100000,
"Kepler-1849 b",1.85000000,339.00,57.29370000000,
"K2-90 b",2.60000000,502.00,13.73331400000,
"Kepler-980 b",2.05000000,761.00,11.55102504000,
"Kepler-1143 c",3.23000000,234.00,210.63148600000,
"Kepler-1448 b",1.67000000,811.00,12.27057043000,
"Kepler-1573 b",1.15000000,1378.00,2.61575540000,
"Kepler-1522 b",1.56000000,1383.00,1.84788917100,
"Kepler-1203 b",1.01000000,1262.00,0.58799330000,
"Kepler-480 b",2.43000000,1264.00,4.91958379500,
"Kepler-582 b",3.34000000,603.00,18.49234792000,
"EPIC 220674823 c",2.77000000,722.00,13.33870000000,
"Kepler-389 c",1.45000000,636.00,14.51230990000,
"Kepler-188 c",3.20000000,1102.00,5.99655700000,
"Kepler-1321 b",6.63000000,547.00,11.12830484000,
"Kepler-1128 b",3.59000000,423.00,61.61781670000,
"Kepler-1521 b",6.46000000,616.00,47.14840805000,
"Kepler-661 b",3.14000000,685.00,6.02930132100,
"Kepler-728 b",3.20000000,982.00,5.74349100000,
"Kepler-1253 b",1.47000000,501.00,68.88610170000,
"Kepler-257 c",4.77000000,881.00,6.58147884200,
"Kepler-114 b",1.00000000,587.00,5.18856175700,
"Kepler-1768 b",2.54000000,705.00,15.13580000000,
"Kepler-174 c",1.46000000,346.00,44.00042870000,
"Kepler-757 b",1.04000000,1593.00,1.02269300000,
"Kepler-458 c",3.29000000,702.00,20.74028413000,
"Kepler-54 c",1.33000000,395.00,12.07135949000,
"Kepler-26 c",2.82000000,381.00,17.25120011000,
"KOI-984 b",4.30000000,1022.00,4.28817850000,
"Kepler-171 d",1.84000000,483.00,39.60275510000,
"Kepler-689 b",2.45000000,544.00,22.36656079000,
"Kepler-50 c",1.82000000,1127.00,9.37664325000,
"Kepler-1285 b",0.98000000,874.00,14.79663060000,
"Kepler-1795 b",1.77000000,481.00,13.36011000000,
"Kepler-266 c",4.75000000,421.00,107.72140920000,
"Kepler-928 b",1.48000000,828.00,3.93244900000,
"Kepler-692 b",3.62000000,639.00,21.81293494000,
"Kepler-293 b",3.04000000,657.00,19.25404023000,
"Kepler-562 b",5.00000000,659.00,18.00929700000,
"Kepler-1569 b",1.25000000,1124.00,5.79180156000,
"Kepler-259 b",2.68000000,879.00,8.11529219000,
"Kepler-92 c",2.31000000,781.00,26.72316900000,
"Kepler-489 b",7.31000000,538.00,17.27629668200,
"Kepler-1646 b",0.97000000,368.00,4.48558383000,
"Kepler-461 b",3.24000000,926.00,8.31375900000,
"Kepler-1001 b",3.11000000,695.00,14.30511983000,
"Kepler-331 c",2.04000000,425.00,17.28116957000,
"Kepler-305 d",2.68000000,590.00,16.73865956000,
"Kepler-978 b",2.75000000,539.00,49.62215090000,
"Kepler-449 b",1.53000000,917.00,12.58229808000,
"Kepler-358 b",2.91000000,554.00,34.06076310000,
"Kepler-446 b",2.61000000,727.00,1.56541284700,
"Kepler-650 b",3.62000000,1507.00,3.03214794600,
"Kepler-154 f",1.32000000,838.00,9.91937693000,
"Kepler-946 b",1.86000000,793.00,11.79174000000,
"Kepler-1989 b",3.70000000,868.00,10.16095600000,
"Kepler-860 b",3.20000000,1013.00,5.10137000000,
"Kepler-1848 b",2.43000000,1142.00,5.60401852000,
"Kepler-1438 b",0.86000000,1241.00,2.31942009000,
"Kepler-33 d",4.77000000,853.00,21.77568751000,
"Kepler-183 c",2.39000000,791.00,11.63701734000,
"Kepler-51 d",10.00000000,361.00,130.18310000000,
"Kepler-759 b",2.17000000,533.00,41.80598500000,
"Kepler-517 b",2.87000000,474.00,60.92832271000,
"Kepler-989 b",2.20000000,736.00,7.96429400000,
"Kepler-1291 b",1.57000000,741.00,8.63043276000,
"Kepler-1780 b",3.21000000,328.00,109.44496660000,
"Kepler-481 b",2.89000000,946.00,10.06082567000,
"Kepler-1583 b",0.58000000,825.00,9.32807355000,
"Kepler-677 b",5.50000000,1030.00,6.57532400000,
"Kepler-386 c",1.78000000,502.00,25.19344670000,
"Kepler-1892 b",1.48000000,821.00,6.33127840000,
"KIC 5437945 b",6.70000000,308.00,440.78613400000,
"Kepler-208 d",1.29000000,992.00,11.13175190000,
"Kepler-734 b",3.50000000,856.00,6.10486200000,
"Kepler-736 b",2.10000000,963.00,3.60144900000,
"Kepler-104 b",3.08000000,972.00,11.42754563100,
"Kepler-301 d",1.90000000,731.00,13.75135000000,
"Kepler-1833 b",1.32000000,1146.00,6.89208596000,
"Kepler-357 d",2.49000000,402.00,49.50047250000,
"Kepler-833 b",1.75000000,382.00,18.75469980000,
"Kepler-1551 b",2.56000000,714.00,24.49736980000,
"Kepler-1511 b",2.18000000,903.00,23.23855870000,
"Kepler-606 b",2.78000000,679.00,24.31575992000,
"Kepler-229 d",3.62000000,417.00,41.19708740000,
"Kepler-633 c",2.90000000,859.00,23.78362000000,
"Kepler-1537 b",2.20000000,1800.00,1.44445379800,
"Kepler-176 b",1.41000000,906.00,5.43312169000,
"Kepler-1868 b",3.69000000,212.00,211.03387410000,
"Kepler-1222 b",0.69000000,1134.00,1.91694425400,
"Kepler-1787 b",2.14000000,540.00,39.31348320000,
"Kepler-120 c",1.60000000,455.00,12.79454740000,
"Kepler-266 c",3.83000000,390.00,107.72157440000,
"Kepler-897 b",2.33000000,855.00,8.04727721000,
"WASP-44 b",10.98482000,1304.00,2.42381200000,
"Kepler-310 d",2.38000000,380.00,92.87503470000,
"Kepler-309 c",1.87000000,204.00,105.35822990000,
"Kepler-401 b",1.79000000,956.00,14.38338734000,
"Kepler-668 b",2.54000000,789.00,8.35390639000,
"TOI-1444 b",1.41792246,2130.02,0.47027430000,
"GJ 143 b",3.12194000,505.00,35.61343910000,
"K2-115 b",11.80305668,696.00,20.27299140000,
"Kepler-226 c",2.70000000,918.00,5.34955671000,
"Kepler-975 c",5.99000000,1168.00,5.05821320300,
"Kepler-1331 b",0.96000000,1243.00,0.78916165300,
"Kepler-80 b",2.62000000,642.00,7.05343900000,
"Kepler-1445 b",0.87000000,911.00,10.60052251000,
"Kepler-169 b",1.30000000,1096.00,3.25058053000,
"Kepler-877 b",2.30000000,615.00,18.45847097000,
"Kepler-836 b",2.68000000,871.00,11.36112327000,
"Kepler-1252 b",1.27000000,665.00,15.05403290000,
"Kepler-783 c",2.36000000,840.00,7.05393448800,
"Kepler-169 e",6.04000000,923.00,13.76714500000,
"Kepler-1808 b",2.36000000,602.00,23.34031664000,
"Kepler-1057 b",2.70000000,715.00,14.08818000000,
"Kepler-1843 b",1.92000000,770.00,25.54342890000,
"Kepler-544 b",2.02000000,743.00,21.41616926000,
"Kepler-242 b",3.01000000,742.00,8.20396958000,
"Kepler-1284 b",1.21000000,1603.00,0.66408180000,
"Kepler-1987 c",1.47000000,866.00,3.64829642000,
"Kepler-99 b",1.51000000,810.00,4.60357529300,
"Kepler-1976 b",11.88000000,1128.00,4.95931945100,
"Kepler-530 b",2.87000000,488.00,39.30944096000,
"Kepler-1546 b",3.40000000,671.00,19.59749710000,
"Kepler-198 b",2.62000000,646.00,17.79002419000,
"Kepler-637 b",2.70000000,858.00,23.20581000000,
"Kepler-1202 b",2.69000000,547.00,28.68532120000,
"Kepler-1558 b",0.80000000,1019.00,3.50472344000,
"Kepler-1241 b",2.40000000,610.00,18.55269000000,
"Kepler-966 b",3.93000000,391.00,99.74762200000,
"Kepler-567 b",2.20000000,575.00,16.54301000000,
"Kepler-1234 b",2.87000000,634.00,11.94014029000,
"K2-24 b",5.40000000,686.00,20.88977000000,
"TOI-4438 b",2.40486444,392.84,7.44630337680,
"TOI-4495.01",3.63045000,1382.67,5.18300430000,
"Kepler-1538 b",2.94000000,361.00,175.13881900000,
"Kepler-956 b",2.42000000,1088.00,5.24868100000,
"Kepler-1326 b",3.70000000,685.00,42.35113000000,
"Kepler-249 d",1.54000000,380.00,15.36829000000,
"Kepler-633 b",2.18000000,1201.00,8.50340718000,
"Kepler-1763 b",0.98000000,1821.00,1.48028058800,
"Kepler-1091 b",1.09000000,1426.00,1.43474156400,
"Kepler-133 c",2.94000000,683.00,31.51780202000,
"Kepler-201 c",2.31000000,397.00,151.88619430000,
"Kepler-1985 b",2.27000000,1129.00,3.42064689000,
"Kepler-1112 b",2.55000000,935.00,14.36267939000,
"Kepler-564 b",4.20000000,1068.00,3.75082990000,
"Kepler-791 b",2.41000000,850.00,14.55397590000,
"Kepler-1599 b",1.83000000,408.00,122.36355300000,
"Kepler-58 d",2.70000000,581.00,40.10101000000,
"Kepler-310 b",1.21000000,714.00,13.93072278000,
"Kepler-104 c",3.06000000,763.00,23.66836427000,
"Kepler-1901 b",1.16000000,1132.00,3.48412874000,
"Kepler-733 b",2.87000000,595.00,20.83424726000,
"Kepler-1422 b",2.11000000,857.00,18.60519420000,
"Kepler-736 b",2.31000000,996.00,3.60146533600,
"K2-184 b",1.55000000,580.00,16.99573100000,
"Kepler-619 d",4.35000000,830.00,11.67894845200,
"Kepler-100 d",1.50000000,674.00,35.33308660000,
"Kepler-744 b",2.80000000,1024.00,12.06222443000,
"Kepler-1748 b",3.00000000,955.00,5.82348911000,
"Kepler-956 b",2.84000000,1056.00,5.24866760700,
"Kepler-1925 b",1.63000000,506.00,46.71693440000,
"Kepler-169 d",1.91000000,800.00,8.34818817000,
"Kepler-1947 b",1.40000000,1298.00,6.96352699000,
"Kepler-329 b",1.36000000,522.00,7.41634311000,
"Kepler-1149 b",1.27000000,1115.00,3.73089898000,
"Kepler-1952 b",1.29000000,725.00,27.21113850000,
"K2-264 c",2.77000000,326.00,19.66365000000,"M2.5 V"
"Kepler-1440 b",1.39000000,570.00,39.85948400000,
"Kepler-371 b",1.69000000,560.00,34.76299230000,
"Kepler-281 b",2.22000000,694.00,14.64613058000,
"Kepler-1755 b",5.80000000,645.00,24.81194400000,
"Kepler-143 c",2.36000000,644.00,27.08247084000,
"Kepler-137 c",2.15000000,580.00,18.73575579000,
"Kepler-79 e",2.23000000,467.00,81.06349420000,
"Kepler-133 c",2.94000000,683.00,31.51780202000,
"Kepler-181 c",2.08000000,927.00,4.30214362700,
"K2-325 b",2.20000000,423.00,6.93000000000,
"Kepler-770 c",1.01000000,1390.00,1.47531600000,
"K2-66 b",2.75000000,1427.00,5.06939000000,
"Kepler-524 b",2.16000000,1062.00,7.97419807000,
"Kepler-221 e",3.05000000,591.00,18.37008100000,
"Kepler-817 b",7.45000000,1124.00,3.99010590800,
"Kepler-970 b",2.94000000,510.00,16.73652231000,
"Kepler-244 c",2.67000000,791.00,9.76734503000,
"Kepler-1374 b",2.39000000,743.00,10.65276707000,
"Kepler-1114 b",1.50000000,696.00,14.97435694000,
"Kepler-1254 c",1.32000000,954.00,3.60084276000,
"Kepler-195 c",1.76000000,470.00,34.09622950000,
"Kepler-815 b",3.47000000,1230.00,8.57507000000,
"Kepler-1327 b",1.90000000,831.00,14.88801098000,
"Kepler-1560 b",0.91000000,1270.00,3.03195744000,
"Kepler-166 b",2.39000000,780.00,7.65024191600,
"Kepler-1855 b",0.59000000,779.00,0.72733042600,
"Kepler-1175 b",3.01000000,516.00,37.94563000000,
"Kepler-1768 b",2.57000000,933.00,15.13590453000,
"Kepler-296 f",2.08000000,274.00,,
"Kepler-1434 b",1.28000000,1320.00,8.05337912000,
"Kepler-263 b",2.81000000,594.00,16.56805949000,
"Kepler-553 c",11.57887706,251.00,328.24017000000,
"Kepler-255 c",2.90000000,729.00,9.94604900000,
"Kepler-329 b",1.36000000,522.00,7.41634311000,
"Kepler-1533 b",3.28000000,330.00,308.54442200000,
"Kepler-33 e",4.10000000,759.00,31.78466000000,
"Kepler-1290 b",1.65000000,1079.00,4.69515300000,
"Kepler-1290 b",1.52000000,1098.00,4.69500134000,
"Kepler-139 d",1.95000000,992.00,7.30569992200,
"Kepler-416 c",2.54000000,848.00,12.20945351000,
"K2-357 b",3.72000000,735.00,16.34886370000,
"Kepler-385 d",2.46000000,549.00,56.41474200000,
"Kepler-1398 c",1.13000000,1324.00,4.13827684000,
"Kepler-367 b",1.21000000,401.00,37.81541570000,
"Kepler-758 b",2.34000000,1028.00,12.10971040000,
"Kepler-176 b",1.40000000,861.00,5.43304300000,
"Kepler-20 d",2.75000000,369.00,77.61184000000,
"Kepler-167 b",1.71000000,899.00,4.39315652300,
"Kepler-61 b",2.15000000,273.00,59.87756000000,"K7 V"
"Kepler-407 b",1.21000000,2079.00,0.66930968600,
"Kepler-1864 b",0.61000000,1194.00,3.88150100000,
"Kepler-230 b",3.36000000,506.00,32.62876672000,
"Kepler-2001 b",1.03000000,1417.00,1.09001332700,
"Kepler-1295 b",1.37000000,1029.00,3.81371423000,
"Kepler-1717 b",2.38000000,771.00,30.65293730000,
"Kepler-647 c",2.70000000,630.00,29.66629667000,
"Kepler-106 b",0.81000000,1025.00,6.16500000000,
"Kepler-159 c",2.89000000,335.00,43.60891000000,
"Kepler-1721 b",2.57000000,927.00,4.59239083900,
"Kepler-1272 b",2.41000000,542.00,51.13097040000,
"Kepler-1610 c",1.98000000,433.00,44.98518820000,
"Kepler-992 b",3.78000000,767.00,20.16034462000,
"Kepler-1329 b",2.00000000,553.00,9.33644500000,
"Kepler-1385 b",0.84000000,1423.00,2.88878583000,
"Kepler-1267 b",2.20000000,699.00,13.03139450000,
"Kepler-251 e",4.10000000,420.00,99.63680000000,
"Kepler-1496 b",2.12000000,535.00,64.65891660000,
"Kepler-179 b",1.58000000,1072.00,2.73590337500,
"Kepler-316 b",1.19000000,815.00,2.24048639100,
"Kepler-1430 b",1.49000000,1062.00,2.46053400000,
"Kepler-201 c",2.31000000,397.00,151.88619430000,
"Kepler-1029 b",1.20000000,852.00,4.41769647900,
"Kepler-340 c",5.20000000,1361.00,22.82485000000,
"Kepler-1115 b",2.40000000,1357.00,23.55539000000,
"Kepler-171 d",1.94000000,480.00,39.59492000000,
"Kepler-125 c",0.85000000,535.00,5.77442209000,
"Kepler-228 b",1.56000000,1360.00,2.56659092000,
"Kepler-1094 b",3.37000000,480.00,78.09989080000,
"Kepler-1895 b",1.36000000,789.00,6.07032548000,
"Kepler-936 b",1.92000000,867.00,10.56134221000,
"Kepler-1428 b",1.26000000,871.00,10.67612600000,
"Kepler-1522 b",1.51000000,1374.00,1.84789273600,
"Kepler-728 b",3.23000000,982.00,5.74347726500,
"Kepler-546 b",7.43000000,1257.00,4.14702025800,
"Kepler-107 c",1.84000000,1263.00,4.90143807000,
"Kepler-898 b",1.44000000,616.00,5.87063416000,
"Kepler-1249 b",2.00000000,645.00,24.33556000000,
"Kepler-226 b",1.59000000,1017.00,3.94104632000,
"Kepler-642 b",1.99000000,1311.00,4.41745855000,
"Kepler-257 c",4.77000000,881.00,6.58147884200,
"KOI-984 b",2.29000000,942.00,4.28746668000,
"Kepler-1422 b",2.11000000,857.00,18.60519420000,
"Kepler-355 b",1.59000000,841.00,11.03158000000,
"Kepler-215 d",2.45000000,600.00,30.86437869000,
"Kepler-1362 b",2.35000000,248.00,136.20511200000,
"Kepler-286 e",1.79000000,582.00,29.22151010000,
"Kepler-169 f",3.12000000,366.00,87.09059940000,
"Kepler-1501 b",1.38000000,876.00,14.55645330000,
"Kepler-1432 b",2.22000000,722.00,23.91090110000,
"Kepler-149 b",3.77000000,531.00,29.19898380000,
"K2-249 b",2.79000000,1061.00,12.40900000000,
"Kepler-1311 c",1.05000000,1539.00,2.53573424000,
"Kepler-281 c",5.30000000,513.00,36.33750453000,
"Kepler-401 c",2.46000000,643.00,47.31830020000,
"Kepler-142 c",2.78000000,1210.00,4.76170525900,
"Kepler-1316 b",2.70000000,384.00,87.97321360000,
"Kepler-1326 b",3.44000000,704.00,42.35142670000,
"Kepler-304 b",2.81000000,875.00,3.29570102400,
"Kepler-227 b",2.26000000,793.00,9.48803557000,
"Kepler-1674 b",3.54000000,417.00,62.56138790000,
"WTS-1 b",16.70000000,1500.00,3.35205700000,"F6 V"
"Kepler-241 c",2.71000000,397.00,36.06587916000,
"Kepler-1894 c",1.23000000,1007.00,5.05366499000,
"Kepler-831 b",1.19000000,980.00,5.62153941000,
"Kepler-394 c",1.61000000,901.00,12.13070414000,
"Kepler-1306 b",1.83000000,678.00,16.29599160000,
"Kepler-1565 b",1.29000000,1234.00,1.53818532100,
"Kepler-692 b",3.62000000,639.00,21.81293494000,
"Kepler-207 d",2.31000000,1112.00,5.86806801700,
"TOI-1181 b",16.19663940,1942.12,2.10319365000,
"Kepler-213 b",1.21000000,1290.00,2.46234217500,
"Kepler-181 c",2.46000000,937.00,4.30213933800,
"Kepler-661 b",3.20000000,648.00,6.02927200000,
"Kepler-373 b",1.38000000,962.00,5.53532955000,
"Kepler-154 b",1.97000000,540.00,33.04056350000,
"Kepler-150 e",2.95000000,572.00,30.82647130000,
"Kepler-996 b",2.13000000,1272.00,3.77059065400,
"Kepler-749 b",2.71000000,531.00,17.31729000000,
"Kepler-220 b",0.83000000,805.00,4.15981712200,
"Kepler-1950 b",1.15000000,752.00,10.77699440000,
"Kepler-1279 b",1.44000000,738.00,23.47741010000,
"Kepler-530 b",3.80000000,588.00,39.30924000000,
"OGLE-TR-56 b",19.43640600,2482.00,1.21191096000,
"Kepler-740 b",4.87000000,1131.00,3.58410121600,
"Kepler-133 b",1.87000000,1073.00,8.13000457000,
"Kepler-175 c",2.76000000,583.00,34.03506050000,
"K2-157 b",0.93500000,2432.00,0.36525750000,"G9 V"
"Kepler-1498 b",1.46000000,452.00,48.05140500000,
"Kepler-247 c",4.34000000,690.00,9.43946080100,
"Kepler-24 c",4.12000000,915.00,12.33343853000,
"Kepler-1219 b",1.32000000,825.00,16.10467749000,
"Kepler-1473 b",1.15000000,783.00,14.42735510000,
"Kepler-1154 b",1.67000000,1118.00,5.18561420000,
"Kepler-602 b",1.84000000,773.00,15.28469497000,
"K2-115 b",12.06000000,619.00,20.27261500000,
"Kepler-224 c",3.33000000,791.00,5.92499130800,
"Kepler-847 b",1.01000000,981.00,2.34324800000,
"Kepler-1063 b",1.15000000,694.00,14.07971466000,
"Kepler-1141 b",0.97000000,1471.00,2.34451258900,
"Kepler-293 b",2.60000000,624.00,19.25416000000,
"Kepler-1240 b",1.14000000,1052.00,4.86638150000,
"Kepler-398 c",0.98000000,542.00,11.41945387000,
"HAT-P-24 b",13.92200000,1637.00,3.35524000000,"F8"
"Kepler-1264 b",0.99000000,1823.00,0.96852602300,
"Kepler-1153 b",1.94000000,1343.00,1.75584355500,
"TOI-6478 b",4.53510000,37.00,1462.21151480000,
"Kepler-1279 b",1.44000000,738.00,23.47741010000,
"Kepler-280 c",1.84000000,1004.00,4.80709958800,
"Kepler-511 b",7.18000000,322.00,296.63786500000,
"Kepler-567 b",2.42000000,611.00,16.54297375000,
"Kepler-26 e",2.98000000,322.00,46.82787000000,
"Kepler-716 b",2.79000000,669.00,10.37168453000,
"Kepler-128 c",1.21000000,845.00,7.12600000000,
"HAT-P-66 b",17.82231000,1896.00,2.97208600000,"G0"
"WASP-156 b",6.23699263,947.80,3.83616232984,
"Kepler-547 b",3.65000000,738.00,6.01037360000,
"Kepler-1152 b",0.91000000,840.00,1.64680190800,
"Kepler-2000 b",2.34000000,550.00,6.38317000000,
"Kepler-510 b",2.53000000,794.00,19.55659418000,
"Kepler-1689 b",0.80000000,879.00,8.48299282000,
"Kepler-843 b",2.74000000,1523.00,2.05388477000,
"Kepler-708 b",2.62000000,1221.00,3.16789341800,
"Kepler-157 d",1.52000000,943.00,7.02576300000,
"Kepler-114 d",2.05000000,447.00,11.77613845700,
"Kepler-32 d",2.17000000,328.00,22.78078241000,
"Kepler-417 b",2.38000000,648.00,12.33108000000,
"Kepler-675 b",2.03000000,1020.00,2.33745510000,
"Kepler-62 b",1.23000000,707.00,5.71493200000,
"Kepler-336 b",0.73000000,1412.00,2.02482033900,
"Kepler-814 b",1.78000000,1093.00,6.14698510000,
"Kepler-139 c",2.81000000,357.00,157.06548020000,
"Kepler-1377 b",1.22000000,1873.00,0.74092635800,
"Kepler-510 b",2.45000000,797.00,19.55662003000,
"Kepler-830 b",1.57000000,884.00,11.29695137000,
"Kepler-1374 b",2.39000000,743.00,10.65276707000,
"Kepler-329 b",1.62000000,578.00,7.41640000000,
"Kepler-1681 b",1.84000000,387.00,69.89571580000,
"Kepler-1086 b",2.27000000,415.00,18.78425728000,
"Kepler-1266 c",1.56000000,881.00,4.86635506000,
"Kepler-80 d",1.11000000,720.00,3.07216597000,"M0 V"
"Kepler-1348 b",1.48000000,570.00,27.57227420000,
"K2-233 c",1.28100000,790.00,7.06005000000,
"Kepler-129 c",2.57000000,525.00,82.20012390000,
"Kepler-333 c",1.20000000,378.00,24.08825680000,
"TOI-519 b",11.54525012,687.00,1.26523280000,"M V"
"HAT-P-51 b",13.69767777,1071.66,4.21866250280,
"HAT-P-9 b",15.61413700,1540.00,3.92281072000,
"HAT-P-67 b",22.62230000,1869.00,4.80997550000,
"Kepler-1627 b",3.15000000,794.00,7.20283653000,
"Kepler-11 b",1.85000000,849.00,10.30400497000,
"Kepler-182 c",3.28000000,729.00,20.68420772000,
"Kepler-934 b",2.53000000,420.00,55.67383090000,
"Kepler-1150 b",2.41000000,1432.00,2.78786838600,
"TOI-5126 c",3.00633000,824.00,17.90519190000,
"TOI-431 b",1.47415294,1730.72,0.49005894131,
"TOI-1444 b",1.43440265,2147.74,0.47027189380,
"Kepler-953 b",4.61000000,404.00,88.40703000000,
"Kepler-223 c",1.98000000,878.00,9.84871000000,
"Kepler-49 b",2.23000000,493.00,7.20385063600,
"Kepler-241 b",2.35000000,562.00,12.71810317000,
"Kepler-1457 b",1.75000000,478.00,51.11102430000,
"Kepler-256 d",1.65000000,1008.00,5.83908991000,
"Kepler-1396 b",1.65000000,748.00,18.22064210000,
"Kepler-1101 b",2.22000000,370.00,81.31510590000,
"Kepler-1986 b",1.69000000,578.00,19.54893650000,
"Kepler-102 e",2.52000000,549.00,16.14569077200,
"Kepler-328 b",3.33000000,600.00,34.91765920000,
"Kepler-100 b",1.31000000,1163.00,6.88706037000,
"Kepler-7 b",18.48364100,1619.00,4.88549220000,
"Kepler-65 d",1.76000000,1109.00,8.13122484000,
"HIP 8152 b",2.53625843,794.96,10.75101400000,
"LTT 1445 A b",1.34000000,431.00,5.35876350000,
"Kepler-388 c",1.06000000,507.00,13.29724000000,
"Kepler-1607 b",1.09000000,913.00,13.64736760000,
"Kepler-610 b",3.06000000,860.00,6.99692200000,
"Kepler-445 c",1.56000000,341.00,4.87122366400,
"Kepler-1379 b",1.24000000,1564.00,0.88184263000,
"TOI-2068 b",2.36633077,481.07,7.76908874827,
"PDS 70 b",30.48848000,1204.00,,
"Kepler-942 b",2.02000000,367.00,44.96417488000,
"Kepler-1547 b",0.82000000,2210.00,0.69297967600,
"Kepler-716 c",1.31000000,923.00,3.97000600000,
"Kepler-1918 b",2.82000000,497.00,47.05646210000,
"Kepler-1922 b",1.75000000,740.00,13.22261490000,
"Kepler-466 b",2.89000000,516.00,51.07926307000,
"Kepler-1570 b",2.57000000,836.00,26.54895500000,
"Kepler-611 b",1.50000000,1309.00,2.43701800000,
"Kepler-1388 c",2.20000000,566.00,5.53609368000,
"Kepler-295 c",1.20000000,620.00,21.52625690000,
"Kepler-55 f",1.60000000,572.00,10.19851808000,
"Kepler-1921 b",2.30000000,968.00,20.03494560000,
"Kepler-1725 b",2.37000000,749.00,16.71987223000,
"Kepler-1003 b",1.50000000,1230.00,3.55490100000,
"Kepler-388 c",0.91000000,515.00,13.29706950000,
"Kepler-1523 b",1.55000000,1796.00,0.93875077000,
"Kepler-1065 c",1.29000000,1256.00,2.37029320000,
"Kepler-1517 b",20.24000000,2335.00,5.54608366500,
"Kepler-1443 b",0.79000000,1572.00,2.41811321000,
"Kepler-1372 b",1.26000000,1656.00,1.31155556800,
"Kepler-228 c",3.02000000,1160.00,4.13443005000,
"Kepler-271 d",0.71000000,978.00,5.24972541000,
"Kepler-381 b",0.82000000,1296.00,5.62902600000,
"Kepler-148 c",3.55000000,962.00,4.18004955200,
"Kepler-925 b",2.26000000,394.00,33.86785310000,
"Kepler-402 d",1.26000000,1070.00,8.92116020000,
"Kepler-402 d",1.30000000,1065.00,8.92104900000,
"Kepler-1009 b",1.94000000,460.00,11.35010600000,
"K2-259 b",2.32000000,795.00,15.48043000000,
"Kepler-285 c",1.11000000,847.00,6.18666218000,
"Kepler-155 c",1.76000000,271.00,52.66158360000,
"Kepler-374 b",1.04000000,1471.00,1.89783401800,
"Kepler-1420 b",1.32000000,802.00,6.69960006000,
"Kepler-663 b",2.78000000,917.00,4.99677968000,
"Kepler-1289 b",1.15000000,875.00,7.99019627000,
"Kepler-799 c",2.02000000,730.00,15.19471000000,
"Kepler-224 c",3.33000000,791.00,5.92499130800,
"Kepler-1200 b",1.05000000,1182.00,1.11854971700,
"Kepler-765 b",2.29000000,641.00,27.66552260000,
"GJ 3929 b",1.09728674,533.23,2.61627687236,
"Kepler-1015 b",3.00000000,932.00,16.00490000000,
"Kepler-365 b",1.76000000,865.00,10.66489514000,
"Kepler-324 e",1.52000000,639.00,13.97946561000,
"Kepler-1789 b",3.44000000,397.00,80.23173490000,
"Kepler-1945 b",1.05000000,808.00,6.08004821000,
"Kepler-1902 b",1.05000000,601.00,3.82223397000,
"TOI-6448 b",8.47398941,745.00,14.84426100000,
"Kepler-1826 b",1.18000000,810.00,1.61535972800,
"Kepler-1871 b",2.58000000,1403.00,1.95271116100,
"Kepler-1104 b",1.07000000,1256.00,5.03728015000,
"TOI-2345 b",1.42030846,1314.81,1.05261565408,
"Kepler-326 d",2.43000000,1104.00,6.76689811000,
"Kepler-792 b",1.69000000,826.00,11.30118000000,
"Kepler-112 b",2.72000000,914.00,8.40887695100,
"Kepler-1151 b",2.49000000,456.00,65.64784240000,
"Kepler-844 b",1.37000000,768.00,2.61300400000,
"K2-222 b",2.39000000,801.00,15.38706300000,
"WASP-93 b",18.27853749,1809.04,2.73248092341,
"Kepler-1853 b",1.60000000,378.00,48.89276000000,
"Kepler-324 b",1.15000000,935.00,4.38536428000,
"Kepler-377 b",1.54000000,875.00,12.50945798000,
"Kepler-1544 b",1.69000000,241.00,168.81133000000,
"Kepler-104 b",3.08000000,972.00,11.42754563100,
"Kepler-975 c",5.99000000,1168.00,5.05821320300,
"Kepler-1686 b",1.21000000,913.00,9.30991834000,
"Kepler-241 b",2.35000000,562.00,12.71810317000,
"Kepler-1777 b",6.00000000,1146.00,12.18411800000,
"Kepler-36 b",1.48000000,978.00,13.84984283000,
"Kepler-631 b",2.18000000,769.00,17.97979059000,
"Kepler-388 b",0.91000000,830.00,3.17323306000,
"Kepler-1415 b",1.40000000,1742.00,0.63642550000,
"Kepler-1907 c",9.05000000,621.00,14.86386959000,
"Kepler-1940 b",1.40000000,892.00,4.95062352000,
"Kepler-68 b",2.29000000,1146.00,5.39875392700,
"Kepler-75 b",11.02000000,770.00,8.88492268000,
"Kepler-1926 b",2.77000000,451.00,42.87741730000,
"Kepler-1598 b",0.94000000,1236.00,4.34195312000,
"Kepler-1535 b",2.57000000,384.00,138.94402200000,
"K2-195 b",3.13000000,720.00,15.85297500000,
"Kepler-49 d",1.57000000,717.00,2.57657102100,
"Kepler-758 b",2.34000000,1028.00,12.10971040000,
"Kepler-1123 b",1.69000000,1028.00,4.33946454000,
"Kepler-1121 b",1.70000000,987.00,13.15141081000,
"Kepler-625 b",2.17000000,977.00,7.75192492000,
"Kepler-1045 b",2.45000000,512.00,26.41044199000,
"Kepler-1592 b",0.99000000,1202.00,3.05709820000,
"Kepler-80 f",1.00000000,1054.00,0.98678705900,
"Kepler-1765 b",2.80000000,847.00,10.41875100000,
"Kepler-1041 b",2.44000000,644.00,24.75776520000,
"Kepler-828 b",1.41000000,1707.00,0.56785620000,
"Kepler-1996 c",2.81000000,276.00,92.72972480000,
"Kepler-667 b",5.73000000,516.00,41.43962808000,
"Kepler-1698 b",180.72000000,1356.00,1.21069328200,
"Kepler-1410 b",1.56000000,251.00,60.86616800000,
"Kepler-240 b",1.48000000,864.00,4.14451656000,
"Kepler-1474 b",2.44000000,606.00,36.43334520000,
"Kepler-207 d",3.60000000,1254.00,5.86806628200,
"Kepler-1617 b",1.52000000,736.00,27.47846590000,
"Kepler-355 c",2.83000000,662.00,25.76245240000,
"K2-38 b",1.55000000,1184.00,4.01593000000,"G2 V"
"Kepler-1334 b",2.18000000,710.00,15.64588656000,
"Kepler-186 b",1.05000000,578.00,3.88678935600,
"Kepler-1078 b",1.57000000,1158.00,3.00725700000,
"Kepler-221 c",2.75000000,854.00,5.69058451900,
"Kepler-46 b",8.83000000,495.00,33.60122066000,
"TOI-5882 b",14.18610000,2317.00,7.14876970000,
"Kepler-712 c",4.41000000,236.00,226.88970000000,
"Kepler-1464 b",1.50000000,564.00,31.77875640000,
"Kepler-1239 b",2.07000000,1192.00,5.19104016000,
"Kepler-339 b",1.75000000,1023.00,4.97760447000,
"Kepler-347 d",1.72000000,430.00,85.52088800000,
"Kepler-85 d",1.56000000,632.00,17.91304000000,
"Kepler-299 e",1.64000000,520.00,38.28437000000,
"Kepler-928 b",1.80000000,894.00,3.93246130200,
"Kepler-103 c",5.45000000,434.00,179.60978000000,
"Kepler-994 b",1.56000000,936.00,1.15116650600,
"Kepler-278 c",3.26800000,492.00,51.11100000000,"K2 III-IV"
"Kepler-1206 b",1.64000000,1315.00,1.21699766300,
"Kepler-1215 b",1.22000000,1046.00,4.76703963000,
"Kepler-107 b",1.53000000,1458.00,3.18002789800,
"Kepler-589 c",1.10000000,1099.00,3.52468054000,
"Kepler-903 c",2.23000000,424.00,62.92285570000,
"Kepler-1834 c",1.22000000,1541.00,0.76669151700,
"Kepler-715 b",3.57000000,876.00,10.00652995000,
"Kepler-1322 b",1.48000000,1662.00,0.96286738200,
"Kepler-304 c",2.33000000,746.00,5.31595448800,
"Kepler-97 b",1.44000000,1328.00,2.58663952400,
"Kepler-307 b",3.01000000,797.00,10.41572666000,
"Kepler-1987 c",1.33000000,860.00,3.64830183000,
"Kepler-1557 b",1.38000000,1287.00,3.74031708000,
"Kepler-356 c",1.71000000,901.00,13.12155000000,
"Kepler-377 b",1.16000000,810.00,12.50945250000,
"Kepler-1917 b",1.47000000,680.00,12.90237151000,
"Kepler-299 b",1.22000000,1241.00,2.92721559000,
"Kepler-523 b",1.93000000,892.00,5.83598311100,
"Kepler-399 c",1.58000000,508.00,26.67570540000,
"Kepler-1753 b",2.24000000,583.00,16.00460392000,
"Kepler-1051 b",2.45000000,795.00,25.96200249000,
"Kepler-651 b",2.17000000,574.00,21.38515840000,
"Kepler-170 b",2.94000000,878.00,7.93058774500,
"Kepler-222 b",3.00000000,955.00,3.93699520000,
"Kepler-526 b",2.18000000,1125.00,5.45849831600,
"Kepler-1399 b",1.29000000,1610.00,1.63865252500,
"Kepler-218 c",2.97000000,502.00,44.69950400000,
"Kepler-117 c",9.16000000,580.00,50.79034619000,
"Kepler-1288 b",1.88000000,2016.00,2.76122421000,
"K2-317 b",2.93000000,432.00,6.22000000000,
"TOI-5301 b",12.13660000,1268.00,5.85887510000,
"Kepler-375 b",1.58000000,743.00,12.12582991000,
"Kepler-151 c",2.09000000,547.00,24.67464211000,
"HD 136352 c",2.70502784,603.66,27.59207175355,
"Kepler-820 b",7.57000000,498.00,127.83380980000,
"Kepler-1579 b",0.59000000,1136.00,0.84990788900,
"Kepler-212 c",2.99000000,664.00,31.80475991000,
"Kepler-397 b",2.07000000,539.00,22.25085090000,
"Kepler-354 c",1.33000000,508.00,16.93477480000,
"Kepler-1986 b",1.69000000,578.00,19.54893650000,
"Kepler-1978 b",3.17000000,676.00,10.84965239000,
"Kepler-207 c",1.65000000,1556.00,3.07155284000,
"Kepler-967 c",2.86000000,236.00,198.71125020000,
"Kepler-643 b",12.70000000,959.00,16.33895200000,
"TOI-2015 b",5.37673000,657.00,3.34914080000,
"TIC 393818343 b",3.83240115,823.38,,
"Kepler-373 c",1.15000000,665.00,16.72605200000,
"Kepler-875 b",2.00000000,562.00,27.50655000000,
"Kepler-1859 b",1.23000000,1441.00,2.72967900000,
"Kepler-1879 b",1.32000000,876.00,10.61345435000,
"Kepler-42 b",0.92000000,526.00,1.21377206000,"M4 V"
"Kepler-1547 b",0.82000000,2210.00,0.69297967600,
"Kepler-1560 b",0.91000000,1270.00,3.03195744000,
"Kepler-80 d",1.34000000,722.00,3.07214919600,
"Kepler-959 b",3.23000000,1035.00,14.80074836000,
"Kepler-669 b",4.00000000,1186.00,4.12557300000,
"Kepler-1785 b",2.20000000,675.00,19.58579000000,
"Kepler-545 b",2.47000000,767.00,13.24934059000,
"Kepler-758 e",1.74000000,1144.00,8.19345065000,
"Kepler-1140 b",2.93000000,500.00,24.08627070000,
"Kepler-310 c",3.33000000,448.00,56.47616700000,
"Kepler-379 c",2.12000000,523.00,62.78450020000,
"Kepler-1977 b",1.57000000,811.00,4.53700111000,
"Kepler-417 c",2.80000000,596.00,15.94274000000,
"Kepler-1375 b",1.21000000,1442.00,3.30041920000,
"Kepler-1321 b",5.80000000,502.00,11.12831200000,
"Kepler-359 d",30.34000000,460.00,77.08596400000,
"Kepler-51 c",6.10000000,423.00,85.31657760000,
"Kepler-311 d",2.05000000,327.00,232.04032600000,
"Kepler-1652 b",1.12000000,229.00,38.09723780000,
"Kepler-84 e",2.40000000,638.00,27.43473000000,
"Kepler-935 b",1.59000000,879.00,4.88083852000,
"Kepler-344 b",2.64000000,643.00,21.96399084000,
"Kepler-813 b",2.27000000,698.00,19.12947337000,
"Kepler-52 d",1.80000000,300.00,36.44519820000,
"Kepler-1993 b",4.05000000,903.00,26.65655740000,
"Kepler-334 b",1.15000000,1090.00,5.47033376000,
"Kepler-254 d",2.60000000,666.00,18.74653971000,
"Kepler-84 c",2.40000000,821.00,12.88252500000,
"Kepler-763 d",1.46000000,772.00,6.50322700000,
"Kepler-763 d",1.58000000,808.00,6.50323791000,
"Kepler-419 b",11.65000000,613.00,69.72646639000,
"Kepler-1774 b",2.88000000,522.00,59.77114370000,
"Kepler-610 c",2.63000000,318.00,151.86392000000,
"TOI-4515 b",12.17000000,705.00,15.26644600000,"G8/G9"
"HATS-30 b",14.91722558,1320.65,3.17435042405,
"Kepler-462 b",5.01000000,804.00,84.68798080000,
"Kepler-673 b",5.50000000,1013.00,3.72873250000,
"Kepler-1685 b",3.07000000,625.00,20.49040290000,
"Kepler-1510 b",2.97000000,473.00,84.70392100000,
"Kepler-81 c",1.75000000,428.00,12.03956985000,"M0 V"
"Kepler-292 f",2.26000000,563.00,20.83414970000,
"Kepler-322 b",0.96000000,1403.00,1.65389346500,
"Kepler-365 c",1.60000000,729.00,17.78382980000,
"K2-132 b",12.20660100,1586.00,9.17080000000,
"Kepler-1004 b",7.09000000,1662.00,5.28789787000,
"Kepler-632 b",2.42000000,524.00,30.99660733000,
"Kepler-1735 b",0.90000000,502.00,7.71790675000,
"Kepler-1594 b",1.04000000,1388.00,2.71603809000,
"Kepler-323 c",1.62000000,1292.00,3.55383111100,
"Kepler-1466 b",1.38000000,585.00,31.17504480000,
"Kepler-100 c",2.28000000,946.00,12.81588378000,
"Kepler-137 c",2.15000000,580.00,18.73575579000,
"Kepler-867 b",3.79000000,291.00,150.24212700000,
"Kepler-1198 b",1.79000000,941.00,7.68477160000,
"Kepler-1355 b",1.39000000,1450.00,1.28958811200,
"Kepler-1846 b",3.02000000,947.00,14.82022000000,
"Kepler-1313 b",3.56000000,1432.00,3.83309117800,
"Kepler-1106 b",1.39000000,1775.00,1.25275217400,
"Kepler-211 c",2.53000000,1147.00,6.04045294000,
"Kepler-277 c",3.36000000,728.00,33.00590000000,
"Kepler-69 b",2.28000000,734.00,13.72236400000,
"Kepler-759 b",2.02000000,533.00,41.80595440000,
"Kepler-1795 b",1.91000000,525.00,13.36020599000,
"Kepler-1087 b",0.82000000,2135.00,0.69384285500,
"Kepler-179 b",1.56000000,1075.00,2.73590007400,
"Kepler-900 b",2.19000000,720.00,6.99130860000,
"Kepler-639 b",2.29000000,957.00,10.21418792000,
"Kepler-1645 b",1.89000000,754.00,16.17795610000,
"Kepler-1623 b",1.20000000,1000.00,4.36125889000,
"Kepler-591 b",3.41000000,412.00,81.16942990000,
"Kepler-1275 b",1.19000000,1320.00,3.65691115000,
"Kepler-1436 b",1.26000000,943.00,9.70571600000,
"Kepler-342 d",2.80000000,658.00,39.45762280000,
"Kepler-1050 b",1.51000000,786.00,15.37875460000,
"Kepler-369 b",1.00000000,597.00,2.73276661900,
"Kepler-969 c",1.16000000,1424.00,1.68293460400,
"GJ 414 A c",8.40000000,124.70,749.83000000000,"K7 V"
"Kepler-1400 b",1.63000000,726.00,9.06689421000,
"Kepler-235 b",2.18000000,635.00,3.34021995000,
"Kepler-644 b",2.95000000,1686.00,3.17391710300,
"Kepler-1020 b",2.30000000,320.00,96.91492000000,
"Kepler-127 c",2.42000000,702.00,29.39326982000,
"Kepler-1785 b",3.09000000,666.00,19.58561177000,
"Kepler-315 b",3.89000000,378.00,96.10547100000,
"Kepler-351 b",3.19000000,498.00,37.05517260000,
"Kepler-53 d",2.10000000,875.00,9.75193000000,
"Kepler-652 b",2.57000000,1022.00,4.18200253100,
"Kepler-1318 b",2.85000000,202.00,213.25766300000,
"Kepler-1665 b",2.31000000,655.00,11.95475266100,
"Kepler-69 b",2.24000000,779.00,13.72234100000,"G4 V"
"Kepler-272 b",1.33000000,1117.00,2.97136410000,
"Kepler-1476 b",1.68000000,860.00,10.35857039000,
"Kepler-865 c",0.90000000,914.00,6.20925415000,
"Kepler-1758 b",1.37000000,793.00,9.97726191000,
"Kepler-767 b",6.15000000,318.00,161.52801010000,
"Kepler-1351 b",0.60000000,1212.00,0.91614229800,
"Kepler-375 c",2.95000000,629.00,19.98661570000,
"Kepler-1931 b",2.05000000,619.00,38.57634830000,
"Kepler-746 b",1.26000000,1190.00,3.48159251000,
"Kepler-126 d",2.47000000,479.00,100.28286930000,
"Kepler-1415 b",1.33000000,1848.00,0.63642408000,
"Kepler-198 b",2.62000000,646.00,17.79002419000,
"Kepler-1759 b",0.94000000,908.00,3.72022600000,
"Kepler-216 c",2.73000000,766.00,17.40652000000,
"Kepler-405 b",2.34000000,783.00,10.61369479000,
"Kepler-1426 b",1.52000000,794.00,14.25632270000,
"Kepler-219 c",3.07000000,718.00,22.71456000000,
"Kepler-1229 b",1.12000000,196.00,86.82898900000,
"Kepler-1596 b",2.02000000,471.00,66.37337900000,
"Kepler-970 b",2.73000000,464.00,16.73647550000,
"Kepler-1150 b",2.41000000,1432.00,2.78786838600,
"Kepler-1146 b",1.35000000,1027.00,2.35226579700,
"Kepler-138 d",1.52000000,335.00,23.08901839000,
"Kepler-216 b",1.91000000,1003.00,7.69364042000,
"Kepler-358 c",3.39000000,411.00,83.48862180000,
"Kepler-1459 b",1.58000000,377.00,62.86916110000,
"Kepler-354 b",2.00000000,740.00,5.47665368000,
"Kepler-1915 b",3.78000000,809.00,13.83539590000,
"Kepler-1241 b",2.53000000,612.00,18.55251620000,
"Kepler-249 c",1.27000000,435.00,7.11372736000,
"Kepler-208 b",1.83000000,1379.00,4.22865217000,
"Kepler-1702 b",1.62000000,555.00,18.50108980000,
"Kepler-793 b",1.51000000,1177.00,4.24153639000,
"Kepler-815 b",4.43000000,1394.00,8.57503552000,
"Kepler-24 d",1.61000000,1234.00,4.24437621000,
"Kepler-968 c",1.42000000,647.00,5.70940491800,
"Kepler-1661 b",3.87000000,243.00,175.06000000000,"K"
"Kepler-477 b",1.84000000,636.00,11.11990653000,
"Kepler-253 c",2.50000000,652.00,10.28192500000,
"Kepler-653 c",0.82000000,2078.00,0.90037592500,
"KOI-351 c",1.53000000,987.00,8.71980135000,
"Kepler-782 b",3.08000000,350.00,158.68500220000,
"Kepler-239 c",2.28000000,347.00,56.22794000000,
"Kepler-1730 b",4.75000000,833.00,13.81020094000,
"Kepler-180 c",2.69000000,540.00,41.88548340000,
"Kepler-349 b",1.89000000,987.00,5.92973644000,
"Kepler-813 b",2.27000000,698.00,19.12947337000,
"Kepler-286 d",1.48000000,992.00,5.91428767000,
"Kepler-1797 b",2.95000000,684.00,23.35948220000,
"Kepler-360 b",1.37000000,1116.00,3.28972631900,
"Kepler-62 b",1.33000000,737.00,5.71489071700,
"Kepler-1132 b",2.06000000,371.00,62.89162280000,
"Kepler-375 b",1.58000000,743.00,12.12582991000,
"Kepler-122 d",1.52000000,670.00,21.58788750000,
"Kepler-766 b",2.80000000,990.00,6.10027804000,
"Kepler-1740 b",3.75000000,918.00,8.17242018000,
"Kepler-1144 b",1.81000000,686.00,17.14647302000,
"Kepler-238 f",2.15000000,486.00,50.44731560000,
"Kepler-689 b",2.32000000,536.00,22.36646466000,
"Kepler-516 b",4.97000000,933.00,24.85462415000,
"K2-316 c",1.83000000,423.00,5.26000000000,
"Kepler-1167 b",1.60000000,1419.00,1.00393170300,
"Kepler-386 b",1.26000000,638.00,12.31028460000,
"Kepler-1220 b",1.38000000,944.00,7.42716000000,
"Kepler-1393 b",0.70000000,1247.00,2.44357812000,
"Kepler-389 b",1.92000000,1022.00,3.24421800000,
"K2-73 b",2.58000000,968.00,7.49556000000,
"Kepler-1613 b",1.85000000,1926.00,1.51841810000,
"Kepler-1684 b",2.96000000,337.00,47.70870000000,
"Kepler-1559 b",0.79000000,1609.00,0.97191595700,
"Kepler-1384 b",2.21000000,608.00,15.36262753000,
"Kepler-272 c",1.67000000,881.00,6.05730524000,
"Kepler-1813 b",1.42000000,1055.00,2.81815010600,
"K2-389 b",2.33000000,932.00,8.58289000000,
"Kepler-926 b",1.82000000,440.00,52.06886010000,
"Kepler-1667 b",3.78000000,520.00,83.57832590000,
"Kepler-550 b",4.28000000,760.00,8.60010410900,
"Kepler-1811 b",2.87000000,442.00,76.42174720000,
"Kepler-249 b",1.09000000,561.00,3.30654897800,
"Kepler-1842 b",2.34000000,822.00,14.02635723000,
"Kepler-1531 b",1.27000000,2414.00,1.13854337600,
"Kepler-1317 b",1.49000000,1796.00,0.56887471700,
"Kepler-82 d",1.77000000,1313.00,2.38295218600,
"Kepler-350 c",3.29000000,888.00,17.84850835000,
"Kepler-1124 b",1.79000000,631.00,2.85234897500,
"Kepler-122 e",1.93000000,555.00,37.99639810000,
"Kepler-1542 b",0.95000000,1277.00,3.95116882000,
"Kepler-255 b",1.55000000,923.00,5.71462004000,
"Kepler-1729 b",2.77000000,691.00,4.22095900000,
"Kepler-1870 b",2.04000000,1046.00,3.60694037900,
"Kepler-684 b",3.50000000,898.00,6.77027800000,
"Kepler-184 b",2.42000000,785.00,10.68757479000,
"Kepler-869 b",3.25000000,496.00,40.42877550000,
"Kepler-932 b",1.43000000,1276.00,1.92143739600,
"GJ 414 A b",2.63000000,308.60,50.80000000000,"K7 V"
"Kepler-1483 b",1.07000000,937.00,9.50851560000,
"Kepler-20 c",3.17000000,763.00,10.85408940000,
"Kepler-60 b",2.20000000,1205.00,7.13161800000,
"Kepler-1161 b",2.02000000,485.00,10.71253475000,
"Kepler-347 b",1.99000000,811.00,12.79830440000,
"Kepler-78 b",1.17300000,2250.00,0.35500000000,
"Kepler-79 b",2.73000000,850.00,13.48458665000,
"Kepler-203 b",2.29000000,1234.00,3.16269123800,
"Kepler-430 b",2.06000000,616.00,35.96823440000,
"Kepler-392 b",0.95000000,1125.00,5.34182466000,
"Kepler-154 e",1.29000000,1097.00,3.93276465000,
"Kepler-82 b",4.70000000,588.00,26.44435456000,
"Kepler-271 c",1.02000000,872.00,7.41086267000,
"Kepler-803 b",3.20000000,479.00,50.28638192000,
"Kepler-1126 c",1.54000000,306.00,199.66453700000,
"Kepler-377 c",2.00000000,677.00,27.01426220000,
"Kepler-346 b",2.71000000,1008.00,6.51111985000,
"Kepler-1416 b",0.86000000,1727.00,1.49514952000,
"Kepler-1240 b",1.14000000,1052.00,4.86638150000,
"Kepler-1919 b",2.09000000,479.00,37.88629770000,
"Kepler-220 b",0.83000000,805.00,4.15981712200,
"Kepler-636 b",2.80000000,461.00,16.08066114700,
"Kepler-42 c",0.92000000,733.00,0.45328733700,
"Kepler-891 b",6.04000000,486.00,53.44945593000,
"Kepler-287 c",3.50000000,522.00,44.85210710000,
"Kepler-712 c",4.48000000,244.00,226.89047000000,
"Kepler-923 b",1.15000000,985.00,6.93380000000,
"Kepler-405 c",3.02000000,557.00,29.72722000000,
"KOI-1831 d",1.10000000,471.00,34.20578507900,
"Kepler-1800 b",1.33000000,1274.00,4.56204856000,
"Kepler-1013 b",4.41000000,766.00,18.93055119000,
"Kepler-650 b",4.24000000,1601.00,3.03215400000,
"Kepler-403 d",1.46000000,958.00,13.61165024000,
"Kepler-1289 b",1.97000000,1113.00,7.99022379000,
"Kepler-1567 b",2.67000000,330.00,153.97957800000,
"Kepler-1653 b",1.84000000,271.00,140.25194300000,
"Kepler-585 b",3.64000000,1400.00,2.75235975300,
"Kepler-842 b",1.47000000,1194.00,1.21958470000,
"Kepler-260 c",1.61000000,379.00,76.05106510000,
"Kepler-1841 b",1.58000000,577.00,25.88612900000,
"Kepler-603 d",1.22000000,976.00,6.21712920000,
"Kepler-1114 b",1.50000000,696.00,14.97435694000,
"Kepler-1341 b",2.70000000,241.00,132.99683220000,
"Kepler-941 b",3.49000000,722.00,17.42395198000,
"Kepler-1292 b",1.71000000,1195.00,3.27645723000,
"Kepler-760 b",4.02000000,892.00,8.70419416000,
"Kepler-881 b",1.42000000,1181.00,4.44446000000,
"Kepler-333 b",1.46000000,470.00,12.55109333000,
"Kepler-207 d",2.31000000,1112.00,5.86806801700,
"Kepler-1744 b",3.42000000,532.00,37.10110700000,
"Kepler-864 b",2.81000000,1139.00,5.83376092000,
"Kepler-26 e",2.13000000,276.00,46.82767725000,
"Kepler-215 e",1.45000000,405.00,68.16098970000,
"Kepler-1945 b",1.07000000,808.00,6.08003714000,
"Kepler-1930 b",1.65000000,643.00,13.02678441000,
"Kepler-311 c",1.46000000,719.00,19.73839130000,
"Kepler-336 b",0.73000000,1412.00,2.02482033900,
"CoRoT-3 b",11.62373300,1695.00,4.25679940000,
"Kepler-1809 b",1.17000000,907.00,3.75729159900,
"Kepler-626 b",2.88000000,784.00,14.48584765000,
"Kepler-828 b",1.40000000,1714.00,0.56785713600,
"Kepler-1852 b",1.88000000,761.00,7.97098825000,
"Kepler-481 b",2.48000000,905.00,10.06079100000,
"Kepler-839 b",2.29000000,614.00,37.81445140000,
"Kepler-440 b",1.47000000,201.00,101.11149760000,
"Kepler-58 e",1.58000000,1213.00,4.45815716000,
"Kepler-353 b",0.98000000,575.00,5.79530000000,
"Kepler-112 b",3.50000000,980.00,8.40891600000,
"K2-9 b",1.60000000,284.00,18.44883000000,
"Kepler-398 c",0.98000000,542.00,11.41945387000,
"Kepler-1990 c",1.10000000,1252.00,4.06844201000,
"Kepler-172 c",2.89000000,970.00,6.38899658000,
"Kepler-238 e",5.71000000,625.00,23.65368621000,
"Kepler-710 b",1.60000000,985.00,4.34728552700,
"Kepler-1053 b",0.97000000,953.00,2.41434868000,
"Kepler-1746 b",5.06000000,268.00,321.21250730000,
"Kepler-1926 b",2.77000000,451.00,42.87741730000,
"Kepler-1652 b",1.12000000,229.00,38.09723780000,
"Kepler-261 b",2.21000000,690.00,10.38120900000,
"Kepler-1831 b",2.07000000,1051.00,5.78387049000,
"Kepler-1395 b",1.18000000,1747.00,3.78470649000,
"Kepler-466 b",2.75000000,503.00,51.07926451000,
"Kepler-1516 b",1.61000000,967.00,7.25931979000,
"Kepler-528 b",1.82000000,675.00,19.78297415000,
"Kepler-1905 b",1.14000000,1188.00,3.42391461000,
"Kepler-294 b",1.62000000,1087.00,3.70122061000,
"Kepler-1020 b",2.37000000,325.00,96.91517070000,
"Kepler-125 b",2.71000000,596.00,4.16438381500,
"Kepler-1773 b",2.56000000,602.00,40.80957622000,
"Kepler-326 b",2.92000000,1664.00,2.24830770000,
"Kepler-361 b",1.29000000,1048.00,8.48653576000,
"Kepler-313 b",2.53000000,883.00,14.97031664000,
"Kepler-164 e",3.10000000,450.00,94.87800000000,
"Kepler-590 b",3.46000000,1056.00,5.85296884500,
"Kepler-135 b",1.72000000,1183.00,6.00253593900,
"Kepler-255 b",1.55000000,923.00,5.71462004000,
"Kepler-1528 b",1.39000000,1548.00,1.79111020500,
"Kepler-887 c",1.05000000,1084.00,7.63846023000,
"Kepler-386 b",1.26000000,638.00,12.31028460000,
"Kepler-1721 b",2.57000000,927.00,4.59239083900,
"Kepler-1782 b",1.60000000,772.00,5.75623900000,
"Kepler-483 b",2.35000000,679.00,30.22910400000,
"Kepler-80 d",1.34000000,722.00,3.07214919600,
"Kepler-873 b",3.00000000,733.00,20.55341000000,
"Kepler-319 d",4.56000000,746.00,31.78209253000,
"Kepler-403 c",2.07000000,604.00,54.28119490000,
"Kepler-1800 b",1.33000000,1274.00,4.56204856000,
"Kepler-1943 b",0.80000000,1098.00,4.85026423000,
"Kepler-193 c",2.96000000,541.00,50.69852000000,
"Kepler-142 c",2.69000000,1156.00,4.76169700000,
"Kepler-294 c",2.70000000,932.00,6.62638900000,
"Kepler-92 c",2.37000000,784.00,26.72320599000,
"Kepler-575 b",2.03000000,803.00,9.37891944000,
"Kepler-262 b",1.30000000,732.00,13.06062000000,
"Kepler-1060 b",2.39000000,517.00,46.87793670000,
"Kepler-189 c",2.81000000,543.00,20.13488968000,
"Kepler-234 c",3.32000000,1025.00,7.21203748000,
"Kepler-20 b",1.97000000,1097.00,3.69611590000,
"Kepler-1815 b",2.80000000,763.00,12.19138811000,
"Kepler-1214 b",2.49000000,591.00,18.82634264000,
"Kepler-1910 b",1.00000000,645.00,5.68882689000,
"Kepler-141 c",38.60000000,3021.00,7.01062745000,
"Kepler-159 c",2.64000000,275.00,43.58642609000,
"Kepler-1746 b",5.06000000,268.00,321.21250730000,
"Kepler-195 c",1.76000000,470.00,34.09622950000,
"Kepler-1783 b",2.38000000,1088.00,8.27744313000,
"Kepler-67 b",2.69000000,602.00,15.72585941000,
"Kepler-431 d",1.82000000,1128.00,11.92163000000,
"Kepler-1923 b",1.13000000,437.00,52.60794700000,
"Kepler-1239 b",1.79000000,1073.00,5.19119000000,
"Kepler-1584 b",1.60000000,889.00,13.39970990000,
"Kepler-1699 b",1.41000000,1013.00,3.49078834000,
"Kepler-312 b",0.98000000,1641.00,1.77244975000,
"Kepler-925 b",1.89000000,372.00,33.86736000000,
"Kepler-1899 b",1.76000000,852.00,4.09577947000,
"Kepler-1878 b",1.96000000,1062.00,4.44588291000,
"Kepler-229 d",3.30000000,405.00,41.19274000000,
"Kepler-531 b",2.72000000,437.00,29.88571000000,
"Kepler-1834 b",1.26000000,821.00,4.60299600000,
"Kepler-69 c",1.73000000,286.00,242.46740600000,
"Kepler-1143 b",1.47000000,959.00,2.88890484900,
"Kepler-1085 b",6.43000000,313.00,219.32175280000,
"Kepler-1494 b",3.34000000,415.00,91.08048200000,
"Kepler-444 d",0.40000000,721.00,6.18940639000,
"Kepler-1170 b",2.60000000,704.00,9.98969327000,
"Kepler-596 b",2.92000000,752.00,21.30022655000,
"K2-263 b",2.41000000,470.00,50.81894700000,
"Kepler-530 b",3.58000000,576.00,39.30941904000,
"Kepler-46 b",8.83000000,495.00,33.60122066000,
"Kepler-295 d",1.74000000,533.00,33.88458250000,
"Kepler-1957 b",0.82000000,1099.00,2.18659922000,
"Kepler-190 c",1.70000000,939.00,3.76300800000,
"Kepler-610 b",3.28000000,888.00,6.99692655400,
"Kepler-1054 b",1.50000000,1072.00,4.30643000000,
"Kepler-162 c",3.28000000,681.00,19.44638698000,
"Kepler-1020 b",2.01000000,313.00,96.91514960000,
"Kepler-1407 b",3.20000000,826.00,20.07087570000,
"Kepler-1775 b",2.21000000,430.00,85.65358490000,
"Kepler-355 c",2.83000000,662.00,25.76245240000,
"Kepler-1996 c",2.21000000,269.00,92.72500000000,
"Kepler-279 b",3.82000000,1104.00,12.30971679000,
"Kepler-1247 b",2.40000000,679.00,13.71220213000,
"Kepler-810 b",1.74000000,1105.00,4.59725385000,
"Kepler-106 d",0.99000000,658.00,23.98023480000,
"Kepler-1459 b",1.58000000,377.00,62.86916110000,
"Kepler-361 c",2.24000000,561.00,55.18666950000,
"Kepler-363 d",2.98000000,1112.00,11.93208690000,
"Kepler-588 b",2.59000000,1177.00,4.22162535700,
"Kepler-1265 b",1.75000000,732.00,6.49441464000,
"Kepler-1101 b",2.22000000,370.00,81.31510590000,
"Kepler-520 c",1.15000000,1143.00,5.21105800000,
"Kepler-58 d",3.31000000,583.00,40.10142720000,
"K2-24 c",8.10000000,560.00,42.36342000000,"G9 V"
"Kepler-167 d",1.23800000,538.00,21.80379000000,
"Kepler-884 b",1.32000000,1089.00,5.69919514000,
"Kepler-1007 b",1.51000000,674.00,5.18498000000,
"Kepler-755 b",1.40000000,1350.00,1.26909500000,
"Kepler-611 b",1.61000000,1371.00,2.43703330200,
"Kepler-1568 b",1.38000000,730.00,20.92539200000,
"Kepler-325 c",3.33000000,783.00,12.76224947000,
"Kepler-298 d",2.89000000,291.00,77.47407240000,
"Kepler-107 e",2.90300000,955.00,14.74914300000,
"Kepler-1592 b",1.02000000,1209.00,3.05710069000,
"Kepler-1413 b",1.84000000,661.00,13.18293290000,
"CoRoT-14 b",12.22000000,1952.00,1.51214000000,"F9 V"
"Kepler-1512 b",1.24000000,474.00,20.35972599000,
"Kepler-1092 b",2.06000000,508.00,58.60192600000,
"Kepler-548 b",11.76000000,1017.00,4.45419425400,
"Kepler-410 A b",2.47000000,859.00,17.83368211000,
"Kepler-1514 b",8.96468201,915.06,,
"Kepler-4 b",4.00200000,1650.00,3.21346000000,
"WASP-129 b",10.42437000,1100.00,5.74814500000,"G1"
"Kepler-1203 b",0.96000000,1233.00,0.58800076500,
"Kepler-1204 b",3.14000000,448.00,85.73502850000,
"Kepler-581 b",2.16000000,475.00,40.60698210000,
"Kepler-1203 b",0.96000000,1233.00,0.58800076500,
"Kepler-160 b",1.78000000,1078.00,4.30920108000,
"Kepler-58 d",2.92000000,583.00,40.10155610000,
"LTT 1445 A b",1.18000000,555.00,5.35876000000,"M3.0"
"Kepler-490 b",12.13000000,1422.00,3.26869515400,
"TOI-2025 b",11.89272852,1166.00,8.87209820000,
"Kepler-490 b",15.04668793,1487.05,3.26870634763,
"WASP-186 b",12.98147408,1378.40,5.02679955086,
"Kepler-10 c",2.22700000,485.00,45.29485000000,
"WASP-176 b",15.26365818,1638.47,3.89938313865,
"LP 791-18 d",1.03200000,395.50,2.75343600000,"M(6.1 +/- 0.7) V"
"Kepler-720 b",15.27978692,1113.83,4.70824138736,
"TOI-5344 b",9.70000000,679.00,3.79262200000,
"HATS-18 b",15.97111803,1909.02,0.83784527504,
"Kepler-777 b",1.51000000,590.00,5.72812599000,
"Kepler-25 c",4.51000000,941.00,12.72037435400,
"Kepler-289 c",12.37000000,394.00,125.86540191000,
"TOI-1246 c",2.44894535,859.61,5.90412784205,
"TOI-2886 b",18.64980000,1890.00,1.60200020000,
"Qatar-5 b",12.09205065,1308.70,2.87910228614,
"TOI-6130 b",14.54390000,1351.00,2.39271140000,
"Kepler-769 b",2.35000000,999.00,7.42608998000,
"Kepler-725 b",10.80000000,514.00,39.64372000000,
"HIP 8152 b",2.56000000,855.00,10.75101000000,
"HD 73583 b",2.84000000,742.70,6.39806610000,"K4"
"TOI-1416 b",1.62000000,1517.00,1.06975680000,"G9 V"
"KELT-18 b",18.12670000,2281.00,2.87169830000,
"TOI-1259 A b",12.55419255,897.20,3.47797762847,
"HATS-69 b",10.09261891,1188.00,2.22505138138,
"Kepler-411 c",3.37000000,715.00,7.83442787700,
"TOI-4465 b",14.01122587,427.00,101.94054000000,"G V"
"HD 221416 b",8.35660775,789.15,14.27812199624,
"Kepler-422 b",12.24000000,1000.00,7.89144847400,
"Kepler-314 b",0.81000000,1218.00,2.46106655000,
"TOI-1842 b",12.34850230,1199.55,9.57391810000,
"KOI-217 b",13.14000000,1046.00,3.90508198500,
"TOI-519 b",11.92440528,691.34,1.26523376763,
"Kepler-134 b",2.58000000,1306.00,5.31743541600,
"TOI-139 b",2.33376480,554.99,11.07085752966,
"TOI-333 b",4.26000000,1445.00,3.78525030000,
"TOI-4184 b",2.55541453,382.40,4.90199383996,
"K2-27 b",5.07965000,965.00,6.77134110000,
"Kepler-450 c",2.50000000,905.00,15.41312100000,
"Kepler-1406 b",1.06000000,887.00,11.62905828000,
"TOI-1468 b",1.45486292,623.55,1.88053101732,
"Kepler-1890 b",0.97000000,1351.00,4.82055100000,
"HD 219134 b",1.53300000,930.10,3.09292000000,
"TOI-444 b",2.77000000,609.00,17.96360000000,"K1/2 V"
"Kepler-450 b",5.10000000,737.00,28.45489900000,
"WASP-136 b",17.75197015,1671.20,5.21536178778,
"TOI-669 b",2.60000000,1235.00,3.94515000000,
"Kepler-487 d",2.25000000,1226.00,2.41840684100,
"HD 235088 b",1.97737000,733.00,7.43414560000,
"TOI-5817 b",3.08000000,950.00,15.61031000000,"G2 IV-V"
"Kepler-102 d",1.40000000,638.00,10.31173752000,
"Kepler-485 b",12.30000000,1258.00,3.24326030000,
"GJ 357 b",1.20000000,518.00,3.93060000000,"M2.5 V"
"Kepler-1955 b",0.99000000,833.00,14.26525580000,
"Kepler-1082 b",1.23000000,1827.00,1.54320541000,
"Kepler-176 d",2.90000000,539.00,25.75260028000,
"Kepler-102 d",1.34000000,634.00,10.31173200000,
"Kepler-8 b",14.59000000,1521.00,3.52249842900,
"Kepler-428 b",12.12100858,946.61,3.52565351439,
"Kepler-522 b",6.88722762,754.44,38.58358886033,
"TOI-733 b",1.94753000,1076.00,4.88479370000,
"Kepler-314 c",2.87000000,907.00,5.96040108000,
"Kepler-75 b",11.02000000,770.00,8.88492268000,
"Kepler-1656 b",4.47000000,563.00,31.57865933800,
"Kepler-253 b",1.69000000,959.00,3.78403393000,
"KELT-15 b",16.17458700,1642.00,3.32944100000,
"K2-32 d",3.43000000,537.00,31.71540000000,
"Kepler-428 b",11.58000000,975.00,3.52563253900,
"Kepler-468 b",13.44000000,484.00,38.47875706700,
"TOI-4308 b",2.41890000,763.05,9.15120100000,
"Kepler-1962 b",1.21000000,913.00,7.99147383000,
"Kepler-1180 b",1.67000000,765.00,16.86012860000,
"Kepler-1980 b",1.96000000,533.00,33.02568070000,
"Kepler-1213 b",0.92000000,1109.00,5.34982412000,
"TOI-201 b",11.44714924,598.21,52.97814194494,
"NGTS-11 b",9.15775300,435.00,35.45533000000,"K"
"TOI-421 b",2.64000000,922.00,5.19757600000,"G9 V"
"Kepler-1624 b",2.27000000,399.00,3.29030451800,
"Kepler-14 b",9.75484809,1192.26,6.79009811134,
"TOI-2459 b",2.95310000,445.01,19.10471800000,
"TOI-1842 b",12.49560000,1208.00,9.57395310000,
"TOI-1670 c",11.06326395,684.00,40.74976000000,"F7 V"
"CoRoT-11 b",15.58051000,1715.00,2.99432500000,
"K2-3 d",1.62000000,312.00,44.55645600000,
"WASP-163 b",14.81603494,1780.20,1.60968735876,
"Kepler-122 d",2.18000000,747.00,21.58752788000,
"Kepler-411 d",3.51000000,367.00,58.01920070000,
"Kepler-102 c",0.69000000,718.00,7.07134000000,
"WASP-42 b",12.57649800,1021.00,4.98168190000,
"HR 858 c",1.93900000,1326.00,5.97293000000,
"TOI-2345 c",2.34047319,384.38,42.12898932555,
"TOI-286 c",1.88000000,475.00,39.36182600000,"K3 V"
"Kepler-1266 b",2.61000000,489.00,28.47474800000,
"TOI-1749 d",2.24937461,495.16,9.04470385496,
"TOI-1260 c",2.82000000,643.00,7.49325000000,"K6 V"
"HATS-75 b",9.90873894,772.30,2.78865560000,
"HIP 67522 c",7.93595834,917.00,14.33489200000,
"K2-127 b",11.43763082,1057.30,3.58685471250,
"Qatar-10 b",19.05360000,1818.00,1.64532650000,
"Kepler-102 c",0.58000000,723.00,7.07136076000,
"HD 35843 c",2.54000000,479.00,46.96220000000,
"TOI-913 b",2.45280000,712.01,11.09864400000,
"Kepler-450 c",2.49000000,941.00,15.41308581000,
"HAT-P-50 b",14.43719200,1862.00,3.12201090000,
"TOI-1659.01",2.18229043,1031.14,5.87755477969,
"K2-77 b",2.49960270,806.00,8.20008440000,
"Kepler-1404 b",1.89000000,606.00,15.93147390000,
"Kepler-143 c",3.25000000,703.00,27.08239734000,
"Kepler-177 c",7.48000000,545.00,49.41117582000,
"Kepler-1475 b",2.20000000,441.00,82.17737400000,
"K2-356 b",2.29000000,624.00,21.02673660000,
"Kepler-167 e",10.16000000,134.40,1071.23205000000,
"Kepler-261 b",2.18000000,672.00,10.38122447000,
"TOI-3540 A b",12.17579997,1324.89,3.11984038990,
"Kepler-435 b",7.47000000,1016.00,8.60015330100,
"Kepler-762 b",15.82246197,1388.68,3.77058645414,
"WASP-92 b",16.37634900,1871.00,2.17467420000,"F7"
"TOI-5301 b",13.09208946,1648.00,5.85885800000,
"WASP-123 b",15.13212395,1500.00,,"G5"
"TOI-5350 b",12.41955062,1195.00,7.58136700000,
"TOI-700 c",2.58692117,327.77,16.05110597845,
"Kepler-548 b",12.21000000,1016.00,4.45419433800,
"K2-100 b",3.45000000,1094.00,1.67390240000,
"Kepler-450 d",0.96000000,1199.00,7.51439670000,
"TOI-6041 b",4.39378000,566.00,1094.06216700000,
"TOI-125 d",2.93000000,638.10,19.98000000000,"K0 V"
"TOI-157 b",13.44327050,1463.95,2.08454341780,
"WASP-108 b",14.39233122,1590.00,2.67600000000,
"Kepler-14 b",12.21000000,1445.00,6.79012159900,
"TOI-1749 c",2.12000000,673.00,4.49290000000,"M0 V"
"NGTS-33 b",18.38272835,1991.00,2.82797200000,
"Kepler-770 d",1.14000000,969.00,4.15244722000,
"Kepler-222 b",3.19000000,1004.00,3.93699370600,
"Kepler-978 b",2.40000000,542.00,49.62473000000,
"Kepler-1913 b",1.79000000,835.00,14.19593863000,
"Kepler-1709 b",3.32000000,469.00,65.70462000000,
"Kepler-295 b",1.45000000,741.00,12.64504510000,
"Kepler-147 b",1.29000000,899.00,12.61097080000,
"Kepler-1204 b",3.00000000,445.00,85.74280000000,
"Kepler-945 b",2.48000000,581.00,31.00310000000,
"Kepler-166 d",1.58000000,1326.00,1.55400392800,
"K2-261 b",10.32000000,973.00,11.63395000000,
"K2-34 b",15.43479300,1715.00,2.99562900000,"F"
"TOI-1601 b",14.61010000,1593.00,5.33155000000,
"WASP-81 b",14.55416593,1446.30,2.71612982159,
"Qatar-4 b",12.01577663,1226.81,1.80537598368,
"CoRoT-10 b",7.38532555,510.96,13.23412611048,
"TOI-3819 b",13.13692538,1633.00,3.24431410000,
"Kepler-210 c",3.23000000,497.00,7.97251346900,
"HATS-14 b",11.64615100,1276.00,2.76676410000,
"TOI-2374 b",6.81000000,885.00,4.31361000000,
"Kepler-425 b",9.94000000,972.00,3.79701833500,
"Kepler-319 b",2.95000000,1346.00,4.36274100000,
"Kepler-1822 b",2.08000000,507.00,22.13345106000,
"Kepler-353 c",1.76000000,485.00,8.41100287000,
"Kepler-965 b",2.42000000,340.00,134.25272980000,
"Kepler-1600 c",1.75000000,794.00,7.29814580000,
"Kepler-122 f",2.22000000,543.00,56.25908810000,
"Kepler-350 d",2.46000000,738.00,26.13635110000,
"Kepler-528 b",1.96000000,675.00,19.78302000000,
"Kepler-423 b",12.43000000,1291.00,2.68432848500,
"K2-182 b",2.69000000,969.00,4.73696830000,
"WASP-41 b",13.75940000,1199.00,3.05240180000,
"Kepler-18 d",5.94000000,720.00,14.85890852000,
"HATS-74 A b",12.02994928,778.12,1.73185293965,
"Kepler-410 A b",2.71000000,845.00,17.83438100000,
"Kepler-94 b",2.49000000,828.00,2.50805735200,
"Kepler-487 d",2.79000000,1270.00,2.41840544500,
"Wendelstein-2 b",20.31776565,1045.45,1.75221701511,
"HD 219666 b",4.71000000,1073.00,6.03607000000,
"HD 89345 b",6.86000000,1053.00,11.81399000000,
"Kepler-1656 b",4.52000000,570.00,31.57865121600,
"LTT 3780 c",2.39000000,359.00,12.25228400000,
"Kepler-641 b",2.16000000,926.00,9.48965527000,
"Kepler-1054 b",1.95000000,1177.00,4.30656389000,
"TOI-3976 A b",12.27383387,1295.00,6.60766200000,
"HD 213885 b",1.74500000,2128.00,1.00803500000,"G"
"WASP-25 b",13.97762300,1210.00,3.76483270000,
"TOI-1683.01",2.63820000,929.25,3.05753560000,
"WASP-142 b",17.62674047,1909.34,2.05286837160,
"K2-238 b",14.57170000,1587.00,3.20466000000,"G2 V"
"TOI-2449 b",11.90820000,1215.00,16.65424310000,
"TOI-3493 b",3.22000000,1102.00,8.15946670000,"G1/2 V"
"TOI-4961 b",12.34108775,919.00,7.47918200000,
"TOI-2416 b",9.86390302,1080.00,8.27547900000,
"TOI-1288 b",5.24000000,1266.00,2.69983500000,"G V"
"Kepler-207 b",1.17000000,1709.00,1.61188100000,
"Kepler-238 c",1.88000000,980.00,6.15555756000,
"Kepler-282 b",1.29000000,910.00,9.22123000000,
"HD 93963 A b",1.35000000,2042.00,1.03913530000,"G0 V"
"Kepler-731 b",11.10000000,1115.00,3.85560240000,
"HAT-P-36 b",14.31389300,1780.97,1.32734683000,
"TOI-2076 e",1.35500000,1138.00,3.02234450000,
"K2-265 b",1.65688484,1243.41,2.36916512782,
"Kepler-63 b",5.73000000,791.00,9.43414171000,
"WASP-132 b",9.75183000,763.00,7.13352100000,"K4"
"OGLE2-TR-L9 b",18.30429700,2034.00,2.48553417000,
"Kepler-805 b",2.75000000,752.00,30.86389310000,
"HD 6061 b",2.19160000,1144.00,5.25448840000,
"Kepler-1827 b",1.48000000,1461.00,3.70062174000,
"Kepler-350 d",2.46000000,738.00,26.13635110000,
"TOI-2338 b",11.20898070,799.00,22.65398000000,
"WASP-147 b",12.49803500,1404.00,4.60273000000,"G4"
"TOI-3593 b",11.02963701,1170.00,3.82128670000,
"Kepler-686 b",12.10000000,1569.00,1.59474469000,
"TOI-784 b",1.84303000,1256.00,2.79703160000,
"LHS 1140 c",1.16900000,708.90,3.77792000000,
"HATS-4 b",11.43300000,1315.00,2.51672900000,"G"
"K2-34 b",15.13215000,1742.00,2.99560700000,"F9 V"
"Kepler-830 b",1.57000000,884.00,11.29695137000,
"Kepler-1687 b",1.34000000,578.00,5.77955922000,
"Kepler-465 b",2.80000000,1032.00,9.94067246600,
"K2-189 c",2.31000000,877.00,6.67932000000,
"Kepler-84 b",2.86000000,985.00,8.72585478000,
"Kepler-189 c",2.98000000,544.00,20.13490007000,
"TOI-615 b",19.15360000,1682.00,4.66160790000,
"TOI-3682 b",12.80065596,1657.00,3.34624060000,
"GJ 1252 b",1.34851206,1019.33,0.51824246094,
"TOI-4438 b",2.49000000,435.00,7.44630000000,"M"
"TOI-406 c",1.32000000,584.00,3.30744100000,"M3"
"Kepler-411 b",2.40100000,1138.00,3.00515600000,"K2 V"
"TOI-1776 b",1.40339155,1240.89,2.80099147080,
"HD 219134 b",1.28153171,950.54,3.09293860000,
"BD-14 3065 b",21.59000000,2001.00,4.28897310000,
"HATS-24 b",15.88246379,1839.67,1.34849612642,
"Kepler-425 b",10.07000000,982.00,3.79701825900,
"TOI-1883 b",5.55217343,524.92,4.50638380838,
"Kepler-435 b",22.31000000,1729.00,8.60015360000,
"HIP 9618 b",3.82838127,640.88,20.77285800000,
"TOI-1136 f",3.73591482,598.11,26.31782200000,
"K2-136 c",3.72750000,658.00,17.30706310000,
"TOI-1411 b",1.40400000,1125.00,1.45204860000,
"K2-185 b",1.15000000,809.00,10.61638400000,
"TOI-1472 c",3.33400000,662.00,15.53817470000,
"KOI-94 e",6.07000000,584.00,54.31996151000,
"TOI-712 c",2.70100000,369.90,51.69906000000,"K4.5 V"
"HD 15337 b",1.69900000,1006.00,4.75642000000,
"K2-388 b",3.91968000,922.00,6.33926770000,
"LTT 3780 c",2.29679437,330.10,12.25343082024,
"KELT-18 b",17.59813000,2085.00,2.87175180000,"F4 V"
"KOI-94 b",1.55000000,1391.00,3.74317555600,
"TOI-6029 b",11.02200000,1484.00,5.79986260000,
"HATS-51 b",15.80469000,1553.00,3.34887020000,
"K2-37 c",2.41000000,839.00,6.42966000000,
"Kepler-917 b",1.43000000,818.00,2.97043900000,
"Kepler-1728 b",2.76000000,886.00,4.78300451000,
"Kepler-898 b",1.38000000,603.00,5.87061910000,
"Kepler-277 b",3.14000000,964.00,17.32419108000,
"Kepler-741 b",2.80000000,1057.00,7.03907800000,
"Kepler-178 c",2.94000000,683.00,20.55280793000,
"Kepler-1674 b",3.00000000,415.00,62.56259000000,
"Kepler-558 b",2.34000000,497.00,29.00790538000,
"Kepler-1834 b",1.26000000,821.00,4.60299600000,
"Kepler-941 b",3.49000000,722.00,17.42395198000,
"Kepler-1014 b",2.21000000,619.00,16.57110363000,
"Kepler-172 b",2.21000000,1253.00,2.94030411100,
"Kepler-244 b",3.11000000,1038.00,4.31178026200,
"WASP-83 b",11.65736000,1120.00,4.97125200000,"G8"
"Kepler-326 c",2.79000000,1258.00,4.58033862200,
"Kepler-76 b",10.70117770,1991.47,1.54493336287,
"TOI-150.01",15.46842000,1493.00,5.85734200000,
"TOI-4342 b",2.27214086,585.02,5.53832899924,
"TOI-2076 b",2.50000000,870.00,10.35566000000,"K"
"EPIC 211945201 b",6.12000000,886.35,19.49213000000,"G0"
"HATS-17 b",9.68176000,787.00,16.25468020000,
"TOI-561 e",2.51700000,416.00,77.14400000000,
"Kepler-134 b",5.02186247,529.18,,
"K2-27 b",4.48000000,902.00,6.77131500000,
"CoRoT-18 b",12.84551400,1487.00,1.90009000000,
"HD 1397 b",11.50043400,1228.30,11.53533000000,
"Kepler-18 c",4.98000000,899.00,7.64157153300,
"KELT-10 b",15.68139100,1377.00,4.16627390000,"G0 V"
"Kepler-37 d",1.97488372,355.22,79.58399946872,
"TOI-1883 b",5.65000000,524.92,4.50638000000,"M"
"Kepler-422 b",12.24000000,1000.00,7.89144847400,
"KOI-94 e",5.79000000,570.00,54.31998605000,
"Kepler-887 b",1.62000000,781.00,20.42228798000,
"Kepler-180 b",2.04000000,781.00,13.81733587000,
"Kepler-115 c",2.80000000,997.00,8.99091600000,
"Kepler-1286 b",2.43000000,888.00,11.25402929000,
"Kepler-342 d",2.32000000,631.00,39.45715220000,
"Kepler-1058 b",2.11000000,239.00,110.96437060000,
"Kepler-400 c",1.50000000,786.00,17.34088462000,
"Kepler-720 b",8.50000000,1044.00,4.70832700000,
"HAT-P-9 b",15.84930000,1369.00,3.92280420000,
"WASP-124 b",14.20180300,1270.19,3.37287700000,
"NGTS-5 b",12.65180000,883.00,3.35754770000,
"OGLE-TR-113 b",12.19539200,1342.00,1.43247425000,
"HAT-P-52 b",10.71070000,1082.00,2.75359930000,
"Gaia-1 b",12.65581119,1159.07,3.05226855124,
"TOI-270 d",2.13300000,387.00,11.37957300000,"M"
"TOI-2458 b",2.83000000,1509.40,3.73659000000,"F9-F9.5"
"HD 110113 c",2.11384817,951.65,6.74187956280,
"Kepler-65 b",1.50000000,1726.00,2.15490903900,
"TOI-1266 c",2.13000000,354.00,18.80161100000,"M3 V"
"TOI-4559 b",1.41500000,554.16,3.96599100000,
"WASP-88 b",19.05500000,1772.00,4.95400000000,"F6"
"WASP-57 b",12.90077515,1313.00,2.83862150637,
"TOI-815 b",2.62397000,672.00,11.19727690000,
"TOI-3321 b",15.55806521,1616.00,3.65251450000,
"TOI-2076 d",3.17021000,388.00,35.12574720000,
"HAT-P-46 b",13.39344025,1561.62,4.46266465618,
"TOI-1801 b",1.98891000,504.00,10.64393850000,
"Kepler-32 d",2.29000000,327.00,22.78076945000,
"Kepler-150 b",1.34000000,1189.00,3.42804168000,
"Kepler-856 b",7.40000000,761.00,8.02767290000,
"Kepler-422 b",11.27000000,976.00,7.89145020000,
"Kepler-93 b",1.47800000,1037.00,4.72673978000,
"TOI-2202 b",11.37540568,652.07,11.91249418654,
"HD 77946 b",2.89646124,1128.86,6.52736300000,
"GJ 9827 d",2.02200000,681.00,6.20147000000,
"Kepler-1514 c",1.92000000,1364.00,10.51420148000,
"Kepler-54 d",1.73000000,348.00,20.99540000000,
"Kepler-692 b",3.62000000,639.00,21.81293494000,
"Kepler-20 b",1.78000000,1095.00,3.69612127200,
"Kepler-1953 b",1.11000000,739.00,6.24563503000,
"KOI-1783.01",7.50000000,372.00,134.47867230000,
"Kepler-1537 b",2.03000000,1800.00,1.44445234000,
"Kepler-169 e",2.75000000,678.00,13.76708539000,
"Kepler-1604 b",1.39000000,1612.00,0.68368425600,
"Kepler-763 c",1.39000000,943.00,4.09666758000,
"Kepler-1063 b",1.15000000,694.00,14.07971466000,
"K2-99 b",11.88151954,1184.00,18.24783000000,
"Kepler-46 b",8.83000000,495.00,33.60122066000,
"Kepler-36 b",1.48600000,978.00,13.83989000000,
"Kepler-1038 c",1.17000000,805.00,7.12768673000,
"Kepler-201 c",2.47000000,378.00,151.88518810000,
"KOI-351 f",3.37000000,407.00,124.92251600000,
"Kepler-1821 b",2.00000000,674.00,16.45880000000,
"Kepler-1298 b",1.14000000,1235.00,7.12826000000,
"Kepler-549 b",2.70000000,468.00,42.95011000000,
"Kepler-679 b",2.69000000,680.00,12.39358604000,
"Kepler-1813 b",1.45000000,1052.00,2.81812500000,
"Kepler-1061 b",2.24000000,1553.00,2.75798266600,
"Kepler-198 d",1.35000000,1535.00,1.31184510000,
"Kepler-1468 b",1.59000000,917.00,8.23984869000,
"TOI-4603 b",14.23950000,1637.00,7.24559970000,
"TOI-3819 b",12.92730565,1567.79,3.24429897599,
"TOI-5489 b",1.40000000,624.00,3.15222000000,
"TOI-1448 b",2.74900000,426.00,8.11224500000,
"HATS-67 b",18.88716500,2193.00,1.60917880000,
"WASP-22 b",13.47490500,1372.12,3.53282200000,
"Kepler-489 b",8.34000000,587.00,17.27629611900,
"Kepler-37 d",1.94000000,436.00,39.79223200000,
"HD 28109 d",3.11000000,561.00,84.28990000000,"F8"
"TOI-5174 b",4.80454584,808.37,12.21933924299,
"TOI-3785 b",4.73219000,513.00,4.67472180000,
"Kepler-68 b",2.21000000,1140.00,5.39875286200,
"Kepler-1130 d",0.65000000,993.00,4.27225316000,
"Kepler-252 c",2.30000000,519.00,10.84850700000,
"Kepler-1253 b",1.25000000,478.00,68.88619150000,
"Kepler-20 d",2.84000000,397.00,77.61153000000,
"Kepler-250 c",2.41000000,773.00,7.15681773000,
"Kepler-103 c",5.47000000,389.00,179.60980300000,
"Kepler-1081 b",0.93000000,972.00,3.85690686000,
"Kepler-1205 b",1.75000000,1665.00,1.07839035200,
"Kepler-519 b",2.11000000,535.00,24.30789460000,
"Kepler-555 b",3.00000000,694.00,16.21750400000,
"TOI-5210 b",11.60290000,1228.00,4.56613090000,
"Kepler-53 c",3.50000000,553.00,38.55831000000,
"Kepler-44 b",12.71000000,1460.00,3.24673265100,
"TIC 237913194 b",12.52045300,974.00,15.16886500000,"G3"
"K2-182 b",2.71257333,965.80,4.73696960000,
"TOI-1268 b",9.10000000,918.90,8.15770940000,"K1-K2"
"HAT-P-65 b",17.85436992,1729.58,2.60526736721,
"K2-114 b",10.44677001,701.00,11.39093110000,
"Kepler-7 b",17.95681800,1621.00,4.88549480000,
"HATS-70 b",14.47764261,2800.50,1.88823101642,
"TOI-5005 b",6.25000000,1040.00,6.30850440000,"G2 V"
"Kepler-244 c",2.60000000,745.00,9.76731600000,
"Kepler-1549 b",2.71000000,266.00,214.88654500000,
"LHS 1140 c",1.27200000,422.00,3.77794000000,"M4.5 V"
"HATS-7 b",6.31066700,1084.00,3.18531500000,"K2"
"Kepler-96 b",2.27000000,682.00,16.23846776700,
"NGTS-30 b",9.93012000,1010.00,,
"XO-7 b",15.38995700,1743.00,2.86414240000,"G0 V"
"WASP-193 b",13.46147557,1094.47,6.24622520491,
"TOI-2374 b",10.38357034,865.43,4.31359170579,
"TOI-6478 b",4.60000000,204.40,34.00501900000,"M4.0+/-0.5"
"HIP 113103 c",2.40000000,585.00,14.24564800000,
"HD 219134 c",1.50700000,715.90,6.76514900000,
"TOI-1184 b",2.40974309,715.47,5.74843200000,
"Kepler-1394 b",0.77000000,1585.00,3.93771300000,
"Kepler-286 c",1.49000000,1196.00,3.46805200000,
"GJ 486 b",1.30500000,701.00,1.46711900000,"M3.5 V"
"Kepler-471 b",10.53000000,1284.00,5.01423457500,
"Kepler-1517 b",22.27000000,2336.00,5.54608308900,
"HD 77946 b",2.89726371,1149.83,6.52738841375,
"K2-165 d",3.19087767,629.38,14.06660140645,
"GJ 357 b",1.21700000,525.00,3.93072000000,"M2.5 V"
"TOI-2803 A b",18.11371281,1893.00,1.96229325000,
"HIP 67522 b",9.98720180,1175.00,6.95947310000,
"Kepler-169 b",1.30000000,1096.00,3.25058053000,
"Kepler-310 b",1.47000000,726.00,13.93078000000,
"Kepler-1274 b",1.31000000,1398.00,6.98152703000,
"Kepler-1961 b",1.11000000,866.00,5.60473115000,
"Kepler-137 b",1.50000000,742.00,8.43639829000,
"Kepler-1618 b",1.07000000,1311.00,6.10826019000,
"K2-110 b",2.59200000,638.00,13.86375000000,
"Kepler-146 c",3.10000000,481.00,76.73240000000,
"Kepler-495 b",4.55000000,986.00,3.41303622100,
"Kepler-720 b",10.60000000,1162.00,4.70832645100,
"K2-132 b",9.02881000,1152.00,9.17205350000,
"TOI-4940 b",6.75553691,643.25,25.86638689150,
"Kepler-40 b",14.23543000,1666.00,6.87349000000,
"WASP-119 b",15.69260000,1600.00,2.49979000000,"G5"
"Kepler-102 d",1.15400000,686.00,10.31176700000,
"KELT-19 A b",21.40919000,1935.00,4.61170930000,"A8 V"
"Kepler-493 b",11.42000000,1433.00,3.00387658100,
"K2-285 c",3.53000000,741.40,7.13804800000,"K2 V"
"Kepler-7 b",16.56700000,1540.00,4.88552500000,
"Kepler-953 c",1.32000000,873.00,9.10969334000,
"Kepler-1656 b",5.02000000,651.00,31.57865900000,
"K2-321 b",2.32710652,733.88,2.29799150846,
"TOI-451 b",1.93236572,1309.62,1.85866242291,
"HD 332231 b",10.39840000,1008.00,18.71225300000,
"Kepler-37 c",0.75500000,615.00,21.30184800000,
"Kepler-7 b",16.66000000,1496.00,4.88548859600,
"Kepler-803 b",3.20000000,479.00,50.28638192000,
"Kepler-997 b",1.07000000,1516.00,2.70729000000,
"Kepler-265 d",2.20000000,557.00,43.13080820000,
"Kepler-1168 b",2.13000000,379.00,55.82247750000,
"Kepler-22 b",2.17000000,267.00,289.86445600000,
"Kepler-1199 b",1.51000000,931.00,15.04470980000,
"Kepler-255 d",1.37000000,1628.00,1.04562265800,
"K2-212 b",2.52000000,542.00,9.79551000000,
"KOI-94 d",9.77000000,767.00,22.34296958500,
"TOI-620 b",3.05033809,538.19,5.09880377728,
"HIP 8152 c",2.48000000,699.00,19.60530000000,
"Kepler-77 b",12.14160424,1171.96,3.57875698546,
"WASP-164 b",12.90846349,1449.48,1.77711087925,
"KOI-351 h",10.01000000,293.00,331.60110810000,
"V2376 Ori b",87.20586985,2100.00,,"M"
"TOI-1062 b",2.30057000,826.00,4.11505760000,
"HATS-47 b",12.52045300,852.90,3.92280380000,
"TOI-2096 c",2.04147104,357.90,6.38782015732,
"Kepler-485 b",14.58000642,1278.50,3.24324876797,
"Kepler-43 b",13.66377100,1620.00,3.02409490000,
"HD 136352 d",2.56200000,431.00,107.24500000000,
"HATS-39 b",17.59813000,1645.00,4.57763480000,
"LTT 3780 b",1.33200000,892.00,0.76844800000,"M4 V"
"TOI-1431 b",16.70138124,2370.00,2.65023700000,"Am C"
"Kepler-1655 b",2.25000000,863.00,11.87290814000,
"Kepler-1896 b",2.68000000,536.00,44.86983820000,
"Kepler-1155 b",2.45000000,609.00,33.46985710000,
"Kepler-806 b",1.46000000,1150.00,8.09214000000,
"Kepler-104 b",2.14000000,801.00,11.42751200000,
"Kepler-109 b",2.29000000,1150.00,6.48162809200,
"Kepler-487 b",11.31000000,686.00,15.35876840300,
"HIP 97166 b",2.48013380,701.66,10.28891400000,
"TOI-561 e",2.55000000,415.00,77.03000000000,"G9 V"
"TOI-4602.01",2.55044900,1380.27,3.98120910000,
"Kepler-37 d",1.88000000,456.00,39.79223792000,
"TOI-5616 b",10.95230000,769.00,2.00344780000,
"Kepler-289 c",18.17000000,487.00,125.86543389000,
"TOI-5322 b",16.61170940,1350.00,5.42332070000,
"Kepler-33 b",1.54000000,1336.00,5.66815436000,
"TOI-3693 b",12.89740000,765.00,9.08816380000,
"Kepler-318 b",5.80000000,1299.00,4.66272270000,
"TOI-2018 b",2.27615636,576.34,7.43557089552,
"TOI-2587 A b",12.07207221,1445.00,5.45664000000,
"K2-222 b",2.53826377,779.17,15.38866065560,
"Kepler-450 c",2.49000000,941.00,15.41308581000,
"Kepler-424 b",9.13000000,1158.00,3.31186449900,
"HD 118203 b",12.77823800,1361.00,6.13497790000,
"TOI-3464 b",12.48680000,1150.00,3.65157040000,
"WASP-167 b",17.71022000,2329.00,2.02195960000,"F1 V"
"TOI-3540 A b",23.53885947,1498.00,3.11999900000,
"WASP-90 b",18.27067000,1840.00,3.91624300000,"F6"
"HAT-P-49 b",17.45010000,2267.00,2.69154080000,
"TOI-5489 c",1.27838966,492.16,4.92127878928,
"GPX-1 b",16.47720163,2300.00,1.74457900000,"F2"
"HATS-41 b",14.90797000,1710.00,4.19364900000,
"TOI-122 b",2.72000000,471.00,5.07803000000,"M3 V"
"Kepler-970 b",2.40000000,473.00,16.73695500000,
"Kepler-176 d",2.90000000,539.00,25.75260028000,
"Kepler-968 b",1.62000000,767.00,3.69298800000,
"TOI-954 b",9.05543000,1659.00,3.68497000000,
"Kepler-102 f",0.86100000,495.00,27.45359200000,
"HATS-63 b",12.51826934,1265.78,3.05662771116,
"Kepler-314 c",2.87000000,907.00,5.96040108000,
"TOI-837 b",7.00110000,704.00,8.32491720000,
"K2-266 e",2.73000000,490.10,19.48200000000,
"Kepler-102 c",0.58000000,723.00,7.07136076000,
"TOI-1260 c",2.76000000,651.00,7.49313400000,
"HATS-52 b",15.43700000,1676.00,1.36665630000,
"Kepler-856 b",8.89000000,825.00,8.02768059500,
"WASP-110 b",13.83053770,1033.06,3.77834011974,
"Kepler-471 b",10.53000000,1284.00,5.01423457500,
"CoRoT-13 b",9.92000000,1700.00,4.03519000000,"G0 V"
"TOI-2589 b",11.73920000,601.00,61.62770000000,
"TOI-2096 c",1.91400000,349.00,6.38784000000,"M4"
"HAT-P-59 b",12.58768533,1277.80,4.14197710000,
"Kepler-1090 b",2.51000000,288.00,198.68017900000,
"Kepler-235 b",2.18000000,635.00,3.34021995000,
"Kepler-1308 b",0.96000000,716.00,2.10431600000,
"Kepler-179 c",2.48000000,792.00,6.40010400000,
"TOI-2818 b",14.22820000,1515.00,4.03971890000,
"Kepler-412 b",12.53000000,1681.00,1.72086132400,
"TOI-1333 b",15.64776400,1679.00,4.72021900000,
"TOI-2322 c",1.87400000,496.80,20.22552800000,"K4"
"HATS-2 b",12.57647635,1550.00,1.35413379000,
"TOI-4438 b",2.52000000,435.00,7.44628000000,"M3.5 V"
"TOI-2719 b",5.98000000,1710.00,3.37594000000,
"TOI-1696 b",3.17138532,491.65,2.50052909833,
"Kepler-45 b",9.85000000,774.00,2.45524051000,
"HD 23472 d",0.75000000,909.00,3.97664000000,"K4 V"
"Kepler-426 b",11.38000000,1185.00,3.21751851100,
"Kepler-102 f",0.79000000,460.00,27.45372940000,
"TOI-4153 b",16.66323365,1504.86,4.61742539074,
"Kepler-723 b",10.85000000,1019.00,4.08227506800,
"TOI-3807 b",10.09280000,1247.00,2.89897580000,
"TOI-669 b",2.51666000,1146.00,3.94513590000,
"TOI-2260 b",1.76224000,1825.00,0.35245970000,
"TOI-1693 b",1.41000000,764.00,1.76669570000,
"Kepler-856 b",11.98097704,908.67,8.02768209251,
"Kepler-925 b",2.31000000,394.00,33.86777830000,
"Kepler-1872 b",3.45000000,1005.00,3.82590050000,
"Kepler-1396 b",1.78000000,786.00,18.22060240000,
"Kepler-10 c",2.28000000,521.00,45.29431717000,
"TOI-1410.01",3.43106000,980.00,1.21687320000,
"HD 93963 A c",3.11976057,1212.45,3.64513890000,
"Kepler-1554 b",2.74000000,266.00,198.08877400000,
"LHS 475 b",0.99100000,586.00,2.02908800000,"M3.5 V"
"TOI-1695 b",2.03000000,590.00,3.13427900000,
"K2-284 b",2.78000000,653.00,4.79506900000,
"TOI-2158 b",10.79880000,837.00,8.60075570000,
"TOI-6303 b",12.30240000,488.00,9.48524790000,
"WASP-166 b",7.06167000,1270.00,5.44354000000,"F9 V"
"TRAPPIST-1 f",1.04500000,219.00,9.20669000000,
"WASP-165 b",14.12334000,1624.00,3.46550900000,"G6"
"TOI-615 b",18.97680433,1666.00,4.66159830000,"F2 V"
"TOI-663 b",2.43128540,672.93,2.59890311538,
"TOI-4010 c",5.93000000,907.00,5.41465400000,"K V"
"Kepler-410 A b",2.47000000,859.00,17.83368211000,
"Kepler-435 b",8.00000000,1032.00,8.60014530000,
"Kepler-423 b",13.97484988,1288.42,2.68430809911,
"Kepler-855 b",12.40482907,1109.50,7.88642182497,
"Kepler-758 e",1.46000000,1117.00,8.19380000000,
"TOI-480 b",2.81449145,1224.62,6.86595824423,
"TOI-1855 b",19.58760000,1505.00,1.36414820000,
"WASP-148 b",8.90060000,813.00,8.80368030000,
"Kepler-1517 b",8.86018514,1588.55,5.54608929351,
"HAT-P-21 b",12.66614819,1367.00,4.12449009000,
"TOI-2076 b",2.41032056,671.74,10.35635955149,
"Kepler-1783 b",2.40000000,1086.00,8.27737900000,
"Kepler-654 b",2.13000000,831.00,13.72462702000,
"Kepler-1917 b",1.47000000,680.00,12.90237151000,
"Kepler-1197 b",1.15000000,975.00,2.03231845000,
"Kepler-1109 b",1.77000000,508.00,37.64673840000,
"Kepler-328 b",2.39000000,602.00,34.91683990000,
"Kepler-1669 b",1.83000000,516.00,9.51212300000,
"Kepler-337 c",1.76000000,1004.00,9.69315566000,
"Kepler-226 c",2.37000000,914.00,5.34956900000,
"Kepler-1610 b",1.37000000,750.00,8.70179611000,
"Kepler-621 b",1.90000000,738.00,2.62811374600,
"Kepler-1343 b",2.30000000,1297.00,3.35182400000,
"TOI-1235 b",1.69400000,775.00,3.44471700000,"M0.5 V"
"Kepler-712 b",3.31000000,522.00,21.02236000000,
"TOI-1294 b",9.43435000,1170.00,3.91527370000,
"Kepler-720 b",11.10000000,1162.00,4.70832654200,
"TOI-2134 b",3.21883000,690.00,9.22920780000,
"HAT-P-11 b",4.73000000,878.00,4.88781620000,"K4"
"WASP-68 b",13.35263443,1374.48,5.08433397784,
"LTT 3780 c",2.30000000,353.00,12.25190000000,"M4 V"
"Kepler-399 c",1.58000000,508.00,26.67570540000,
"HIP 116454 b",2.53000000,745.00,9.09490000000,
"Kepler-26 e",2.11000000,273.00,46.82771400000,
"Kepler-394 b",1.72000000,1063.00,8.00505342000,
"TOI-2384 b",11.62641524,799.55,2.13570257297,
"TOI-1648 b",2.77433000,637.00,7.33156840000,
"Kepler-242 c",2.82000000,613.00,14.49643531000,
"Kepler-1686 b",1.00000000,898.00,9.30955000000,
"Kepler-976 b",3.81000000,322.00,105.95641480000,
"Kepler-763 b",1.02000000,1347.00,1.19657700000,
"Kepler-164 d",2.50000000,667.00,28.98687000000,
"Kepler-223 e",31.46000000,692.00,19.72408910000,
"Kepler-87 c",3.20000000,202.00,573.96000000000,
"Kepler-1592 b",1.02000000,1209.00,3.05710069000,
"Kepler-1255 b",2.02000000,572.00,36.29193360000,
"Kepler-140 b",1.35000000,1323.00,3.25427405400,
"Kepler-358 b",2.96000000,554.00,34.06076770000,
"Kepler-1058 b",2.60000000,254.00,110.96550000000,
"Kepler-1062 b",1.67000000,583.00,9.30413878000,
"Kepler-1868 b",3.69000000,212.00,211.03387410000,
"Kepler-1227 b",2.16000000,393.00,94.28875770000,
"Kepler-165 b",2.46000000,746.00,8.18086953000,
"Kepler-444 e",0.62000000,727.00,7.74347801000,
"Kepler-335 b",1.59000000,971.00,6.56229500000,
"Kepler-138 c",1.51000000,410.00,13.78150000000,
"Kepler-1383 b",1.33000000,928.00,13.90935440000,
"Kepler-1500 b",1.08000000,760.00,15.03301050000,
"Kepler-231 c",1.93000000,393.00,19.27153892000,
"Kepler-437 b",1.37000000,294.00,66.65054820000,
"Kepler-1699 b",1.41000000,1013.00,3.49078834000,
"Kepler-621 b",1.77000000,737.00,2.62811732200,
"Kepler-1130 b",0.86000000,916.00,5.45298175000,
"Kepler-1985 b",2.10000000,1083.00,3.42063800000,
"Kepler-1029 b",1.20000000,852.00,4.41769647900,
"Kepler-132 c",1.24000000,1042.00,6.41490515000,
"Kepler-899 b",2.40000000,630.00,19.17903000000,
"Kepler-606 b",2.60000000,676.00,24.31587000000,
"Kepler-1106 b",1.39000000,1775.00,1.25275217400,
"Kepler-1009 b",1.75000000,403.00,11.35010642000,
"Kepler-1799 b",2.60000000,751.00,11.92957000000,
"Kepler-758 e",1.47000000,1171.00,8.19347190000,
"Kepler-211 b",2.49000000,1301.00,4.13853676900,
"Kepler-1849 b",2.13000000,355.00,57.29315500000,
"Kepler-957 b",5.04000000,769.00,5.90741353700,
"Kepler-671 b",2.33000000,1014.00,4.28095858800,
"Kepler-233 b",2.46000000,734.00,8.47239600000,
"Kepler-1140 b",2.78000000,500.00,24.08632177000,
"Kepler-547 b",4.02000000,768.00,6.01038428900,
"Kepler-1385 b",0.55000000,1187.00,2.88879862000,
"Kepler-698 b",3.50000000,725.00,16.32986000000,
"Kepler-281 b",2.33000000,694.00,14.64627064000,
"Kepler-258 c",3.05000000,470.00,33.65284740000,
"Kepler-834 b",1.35000000,378.00,13.32388301000,
"Kepler-707 b",1.35000000,1129.00,2.23749275100,
"Kepler-403 c",1.43000000,525.00,54.28120310000,
"Kepler-367 b",1.15000000,393.00,37.81562190000,
"Kepler-1068 b",3.40000000,702.00,16.92342126000,
"Kepler-1951 b",1.27000000,728.00,20.65794430000,
"Kepler-1470 b",1.18000000,581.00,16.29509030000,
"Kepler-1904 b",1.33000000,567.00,4.57700160000,
"Kepler-305 c",3.34000000,745.00,8.29087418000,
"Kepler-737 b",2.48000000,326.00,28.59878000000,
"Kepler-130 c",2.81000000,651.00,27.50868200000,
"Kepler-436 c",1.70000000,423.00,16.79713874000,
"Kepler-754 b",1.64000000,758.00,14.55985560000,
"Kepler-20 e",0.82100000,1004.00,6.09848820000,
"Kepler-657 b",3.40000000,618.00,24.54362000000,
"Kepler-866 b",1.57000000,996.00,2.61702837300,
"WISEP J121756.91+162640.2 A b",10.46800000,450.00,,"T8.5"
"Kepler-760 b",2.86000000,748.00,8.70420525000,
"Kepler-602 b",1.84000000,773.00,15.28469497000,
"Kepler-638 b",3.18000000,1221.00,6.07972888000,
"Kepler-822 b",1.49000000,1247.00,3.22296100000,
"Kepler-862 b",2.27000000,1097.00,3.14866453400,
"Kepler-1549 b",2.68000000,286.00,214.88145600000,
"Kepler-702 b",8.50000000,713.00,10.52629406300,
"Kepler-1606 b",2.23000000,324.00,196.43560000000,
"Kepler-1194 b",1.51000000,676.00,16.22378479000,
"Kepler-959 b",3.23000000,1035.00,14.80074836000,
"CFHTWIR-Oph 98 b",20.84870410,1800.00,8040000.00000000000,"M9-L1"
"Kepler-275 b",1.89000000,976.00,10.30109000000,
"Kepler-1989 b",4.62000000,904.00,10.16102352800,
"Kepler-1321 b",6.63000000,547.00,11.12830484000,
"Kepler-1153 b",1.68000000,1349.00,1.75583532700,
"Kepler-1915 b",3.15000000,809.00,13.83541420000,
"Kepler-67 b",2.81000000,599.00,15.72589061000,
"Kepler-561 b",7.04000000,446.00,58.36204950000,
"Kepler-194 d",2.41000000,516.00,52.81472840000,
"Kepler-1412 b",0.61000000,1206.00,3.61460510000,
"Kepler-123 c",1.31000000,669.00,26.69516590000,
"Kepler-288 b",2.22000000,1197.00,6.09747233000,
"Kepler-1710 b",2.54000000,676.00,14.91094205000,
"Kepler-336 c",1.42000000,841.00,9.59993139000,
"Kepler-1901 b",1.39000000,1223.00,3.48412534000,
"Kepler-349 c",1.97000000,775.00,12.24764145000,
"Kepler-213 c",1.68000000,1030.00,4.82297735000,
"Kepler-767 b",8.19000000,366.00,161.52783470000,
"Kepler-197 b",1.07000000,1143.00,5.59931973000,
"Kepler-721 b",2.76000000,851.00,5.39202538800,
"Kepler-1251 b",2.44000000,487.00,45.09092010000,
"Kepler-999 b",2.75000000,1355.00,5.99185827000,
"K2-226 b",1.53899305,1187.00,3.27109000000,
"Kepler-1095 b",1.29000000,1115.00,4.27102400000,
"Kepler-1818 b",1.38000000,1209.00,4.64495172000,
"Kepler-1704 b",11.94877343,253.80,988.88112000000,
"Kepler-1826 b",1.34000000,881.00,1.61534900000,
"Kepler-225 c",1.81000000,330.00,18.79419535000,
"Kepler-1850 b",0.55000000,1008.00,1.38578774100,
"Kepler-1473 b",1.15000000,783.00,14.42735510000,
"Kepler-344 b",2.57000000,643.00,21.96401646000,
"K2-255 b",2.90000000,1034.00,1.96417000000,
"Kepler-1492 b",3.69000000,801.00,16.75255007000,
"Kepler-775 b",1.16000000,1612.00,0.97486889600,
"Kepler-122 e",2.39000000,618.00,37.99623690000,
"Kepler-1669 c",1.57000000,958.00,1.60932194100,
"Kepler-1027 b",1.90000000,1859.00,1.90780519900,
"Kepler-927 b",1.78000000,906.00,9.11499030000,
"EPIC 201595106 b",1.20000000,1874.00,0.87703000000,
"Kepler-1286 b",2.43000000,888.00,11.25402929000,
"Kepler-621 b",1.78000000,827.00,2.62810530000,
"Kepler-228 b",1.56000000,1360.00,2.56659092000,
"Kepler-1176 b",1.90000000,552.00,24.17385790000,
"Kepler-238 b",1.10000000,1327.00,2.09087900000,
"Kepler-327 c",1.24000000,544.00,5.21231585000,
"Kepler-1096 b",1.17000000,771.00,2.89221750600,
"Kepler-512 b",2.78000000,652.00,34.43593870000,
"HATS-22 b",10.68217700,858.00,4.72281240000,"K V"
"TOI-4487 A b",14.60530185,1639.00,3.95407090000,
"Kepler-1297 b",1.19000000,1691.00,1.68187300000,
"Kepler-333 c",1.16000000,390.00,24.08826000000,
"Kepler-887 c",0.95000000,1058.00,7.63861000000,
"Kepler-1491 b",1.39000000,695.00,16.58617620000,
"KOI-1833 d",1.95000000,586.00,7.68433487400,
"K2-351 b",2.54000000,934.00,7.80616400000,
"Kepler-782 b",4.40000000,395.00,158.69240000000,
"Kepler-278 b",4.54000000,836.00,30.15994110000,
"Kepler-1548 b",2.57000000,350.00,124.82779700000,
"Kepler-23 d",2.81000000,1036.00,15.27448000000,
"Kepler-1206 b",1.64000000,1315.00,1.21699766300,
"K2-388 b",3.90000000,874.00,6.33932000000,
"Kepler-186 e",1.15000000,319.00,22.40777833000,
"Kepler-543 b",2.18000000,496.00,13.89964500000,
"Kepler-316 c",1.32000000,562.00,6.82778390000,
"Kepler-1096 b",1.17000000,771.00,2.89221750600,
"Kepler-135 b",1.73000000,1177.00,6.00255100000,
"Kepler-137 b",1.61000000,778.00,8.43640400000,
"Kepler-11 c",2.88000000,786.00,13.02493307000,
"Kepler-221 c",3.10000000,860.00,5.69059163000,
"Kepler-53 c",3.57000000,550.00,38.55759140000,
"Kepler-1171 b",3.10000000,2745.00,1.44259530000,
"Kepler-524 b",2.16000000,1062.00,7.97419807000,
"Kepler-354 c",1.33000000,508.00,16.93477480000,
"K2-229 b",1.14000000,1818.00,0.58426000000,
"Kepler-798 b",2.10000000,887.00,13.71933369000,
"Kepler-963 b",2.89000000,802.00,9.97683705000,
"Kepler-1805 b",1.15000000,479.00,8.84784273000,
"OGLE-TR-182 b",16.47723000,1550.00,3.97910000000,
"Kepler-1130 b",0.86000000,916.00,5.45298175000,
"Kepler-1575 b",1.25000000,1312.00,2.55315031000,
"Kepler-351 c",3.19000000,431.00,57.24885180000,
"Kepler-1542 b",0.83000000,1160.00,3.95116635000,
"Kepler-1204 b",2.94000000,448.00,85.73572020000,
"Kepler-1315 c",1.72000000,777.00,6.56606842000,
"Kepler-271 d",0.70000000,1039.00,5.24948000000,
"Kepler-968 b",1.61000000,748.00,3.69298372800,
"Kepler-205 b",1.17000000,669.00,2.75563710300,
"Kepler-128 c",1.42000000,846.00,22.80298080000,
"Kepler-30 d",9.36000000,308.00,143.20635180000,
"Kepler-1118 b",4.32000000,636.00,38.66952000000,
"Kepler-1099 b",3.11000000,1557.00,2.16845259300,
"Kepler-173 b",1.28000000,1179.00,4.26374847000,
"K2-37 d",2.73000000,663.00,14.09189000000,"G3 V"
"Kepler-298 d",2.89000000,291.00,77.47407240000,
"Kepler-242 c",2.82000000,613.00,14.49643531000,
"Kepler-390 c",0.81000000,630.00,13.06004220000,
"Kepler-1010 b",2.47000000,498.00,34.26857050000,
"Kepler-1666 c",2.97000000,578.00,40.71554030000,
"Kepler-1135 b",2.09000000,451.00,76.95705600000,
"Kepler-208 b",1.43000000,1126.00,4.22867700000,
"Kepler-20 b",2.11000000,1095.00,3.69611967500,
"Kepler-406 c",0.76000000,1053.00,4.62333557000,
"Kepler-169 d",1.91000000,800.00,8.34818817000,
"Kepler-198 d",1.43000000,1562.00,1.31184296800,
"Kepler-331 d",1.92000000,345.00,32.13407370000,
"Kepler-1681 b",1.84000000,387.00,69.89571580000,
"Kepler-1379 b",1.28000000,1565.00,0.88184114600,
"Kepler-631 b",2.89000000,828.00,17.97979816000,
"Kepler-1452 b",1.63000000,604.00,42.91375100000,
"Kepler-224 e",2.14000000,517.00,18.64349986000,
"Kepler-338 b",2.47000000,1005.00,13.72707449000,
"Kepler-998 b",1.97000000,1010.00,5.65371700000,
"Kepler-1247 b",2.40000000,679.00,13.71220213000,
"Kepler-777 b",1.58000000,588.00,5.72825600000,
"Kepler-104 d",3.41000000,588.00,51.75529576000,
"Kepler-144 b",1.10000000,1106.00,5.88528169000,
"Kepler-770 d",1.24000000,993.00,4.15238600000,
"Kepler-151 b",2.80000000,638.00,15.22899700000,
"Kepler-114 c",1.36000000,508.00,8.04144001000,"M0 V"
"Kepler-1418 b",1.38000000,435.00,22.47697000000,
"Kepler-1437 b",1.32000000,773.00,10.92954610000,
"Kepler-1729 b",2.76000000,600.00,4.22096714800,
"Kepler-30 b",1.91000000,524.00,29.15986150000,
"Kepler-101 c",0.91000000,1075.00,6.02979518000,
"Kepler-1608 b",1.80000000,612.00,16.47356860000,
"Kepler-304 d",2.41000000,611.00,9.65349016000,
"Kepler-204 b",2.20000000,810.00,14.40104100000,
"Kepler-1370 c",1.20000000,1108.00,7.44142113000,
"Kepler-336 d",2.42000000,749.00,20.67876365000,
"Kepler-290 b",2.18000000,596.00,14.58932462000,
"Kepler-1215 b",1.54000000,1050.00,4.76702900000,
"Kepler-111 b",1.49000000,1319.00,3.34184000000,
"Kepler-860 b",2.91000000,1050.00,5.10137945400,
"Kepler-871 b",3.01000000,624.00,22.04579000000,
"KOI-984 b",2.78000000,998.00,4.28745547300,
"Kepler-167 d",1.11000000,473.00,21.80370800000,
"Kepler-748 b",2.23000000,938.00,7.40742793000,
"Kepler-966 b",3.94000000,391.00,99.74688040000,
"Kepler-1791 b",2.53000000,1021.00,7.72085047000,
"Kepler-1887 b",2.50000000,620.00,19.94738000000,
"Kepler-1709 b",2.78000000,472.00,65.70452750000,
"Kepler-677 b",5.38000000,1015.00,6.57531678000,
"Kepler-223 b",1.80000000,961.00,7.38441403000,
"Kepler-1403 b",2.03000000,1238.00,5.19492747000,
"Kepler-164 c",2.50000000,924.00,10.94572900000,
"Kepler-105 b",2.94000000,1093.00,5.41220392700,
"Kepler-243 c",1.73000000,554.00,20.02623100000,
"K2-187 d",3.17000000,865.00,7.14921000000,
"Kepler-1991 c",2.18000000,584.00,22.79021423000,
"Kepler-207 c",1.06000000,1380.00,3.07154539600,
"Kepler-588 b",2.87000000,1176.00,4.22162619300,
"Kepler-256 e",1.80000000,825.00,10.68167916000,
"Kepler-1820 b",2.64000000,561.00,31.03259910000,
"Kepler-1336 b",1.30000000,592.00,23.19868100000,
"Kepler-297 b",3.31000000,579.00,38.86840425000,
"Kepler-1598 b",0.96000000,1237.00,4.34195123000,
"Kepler-1508 b",0.98000000,655.00,20.70565040000,
"Kepler-188 b",1.66000000,1562.00,2.06190735800,
"Kepler-237 b",1.50000000,824.00,4.71510365000,
"Kepler-929 b",0.86000000,1762.00,0.92103213500,
"K2-32 c",3.48000000,583.00,20.65614000000,"G9 V"
"K2-43 c",2.42000000,1093.70,2.19888400000,
"HATS-72 b",8.09738160,739.30,7.32794740000,
"Kepler-253 b",1.69000000,959.00,3.78403393000,
"Kepler-783 b",0.68000000,991.00,4.29263699000,
"Kepler-620 b",2.74000000,849.00,12.91375431000,
"Kepler-1071 b",1.47000000,661.00,6.17998440000,
"Kepler-1886 b",2.26000000,578.00,24.27623730000,
"Kepler-1534 b",1.95000000,955.00,5.71668872000,
"TOI-4155 b",3.02356000,1371.00,3.32076420000,
"HAT-P-31 b",11.99000000,1450.00,5.00542500000,
"HIP 113103 c",3.68209000,1021.00,14.24566030000,
"Kepler-250 d",2.50000000,562.00,17.64822000000,
"Kepler-352 b",0.84000000,669.00,10.05548000000,
"K2-110 b",2.59200000,640.00,13.86375000000,"K3 V"
"Kepler-1486 b",2.26000000,517.00,54.64957590000,
"Kepler-271 b",1.32000000,778.00,10.43547805000,
"Kepler-1009 b",2.08000000,445.00,11.35011917000,
"Kepler-1317 b",1.51000000,1801.00,0.56887442700,
"Kepler-221 d",2.81000000,723.00,10.04155500000,
"Kepler-28 c",1.94000000,509.00,8.98584768000,
"Kepler-1874 b",2.19000000,317.00,56.57359970000,
"Kepler-1206 b",1.45000000,1237.00,1.21699700000,
"Kepler-80 c",2.27000000,495.00,9.52165015900,
"Kepler-315 b",3.89000000,378.00,96.10547100000,
"Kepler-1085 c",3.12000000,491.00,56.77722900000,
"Kepler-806 b",1.44000000,1089.00,8.09221050000,
"Kepler-167 b",1.61500000,914.00,4.39316320000,"K4"
"Kepler-353 b",1.08000000,549.00,5.79529710000,
"Kepler-636 b",2.80000000,461.00,16.08066114700,
"Kepler-890 b",9.04000000,545.00,52.75875577000,
"Kepler-142 b",1.94000000,1597.00,2.02414356800,
"K2-181 b",2.69000000,949.00,6.89410000000,
"Kepler-1065 c",1.56000000,1256.00,2.37030743000,
"Kepler-1895 b",1.41000000,796.00,6.07032030000,
"Kepler-1987 e",1.92000000,643.00,8.74292005000,
"Kepler-566 b",2.24000000,526.00,18.42794957000,
"Kepler-20 c",3.03000000,765.00,10.85409783500,
"Kepler-1427 b",1.25000000,1743.00,0.96896780000,
"Kepler-1964 b",14.68000000,997.00,2.44083640400,
"Kepler-1283 b",1.63000000,799.00,12.94771000000,
"Kepler-594 b",2.50000000,666.00,13.64625000000,
"Kepler-1603 b",1.05000000,1563.00,2.27163926000,
"Kepler-105 c",1.88000000,1191.00,7.12594591000,
"Kepler-1794 b",1.96000000,703.00,9.76295220000,
"Kepler-221 b",1.49000000,1082.00,2.79589407300,
"Kepler-562 b",5.12000000,658.00,18.00931443600,
"Kepler-1610 b",1.45000000,749.00,8.70181574000,
"Kepler-769 b",2.35000000,999.00,7.42608998000,
"Kepler-304 c",2.80000000,864.00,5.31595347400,
"Kepler-611 b",1.61000000,1371.00,2.43703330200,
"Kepler-737 b",1.88000000,295.00,28.59915399000,
"Kepler-29 c",1226.40000000,714.00,13.28689074000,
"Kepler-1301 b",1.38000000,727.00,9.08238600000,
"WASP-145 A b",10.08810000,1200.00,1.76903810000,"K2 V"
"CoRoT-11 b",15.98403400,1735.00,2.99433000000,
"Kepler-65 c",2.91896139,1287.67,5.85993922192,
"TOI-2589 b",12.10569916,592.00,61.62770000000,
"Kepler-1653 b",1.73000000,257.00,140.25251500000,
"Kepler-411 c",3.47000000,689.00,7.83443367600,
"Kepler-1636 b",3.22000000,248.00,425.47785000000,
"Kepler-1735 b",0.92000000,502.00,7.71792296000,
"Kepler-1130 b",0.86000000,916.00,5.45298175000,
"Kepler-916 b",1.84000000,496.00,32.29687980000,
"Kepler-160 b",1.66000000,1091.00,4.30940500000,
"Kepler-1097 b",3.60000000,277.00,187.74650000000,
"Kepler-553 b",4.74139884,1089.00,4.03046700000,
"TOI-561 d",2.82000000,598.00,25.71240000000,"G9 V"
"Kepler-276 c",3.15000000,605.00,31.88415690000,
"K2-183 c",2.87000000,787.00,10.79263500000,
"Kepler-882 b",0.96000000,901.00,3.98953966600,
"Kepler-1818 b",1.48000000,1209.00,4.64493642000,
"Kepler-249 d",1.21000000,336.00,15.36843606000,
"Kepler-1408 b",0.84000000,1459.00,2.99790500000,
"Kepler-1802 b",1.24000000,557.00,7.72515184000,
"Kepler-1680 b",1.75000000,771.00,8.77425786000,
"Kepler-1111 b",1.77000000,938.00,8.79618433000,
"Kepler-1950 b",1.06000000,753.00,10.77704620000,
"Kepler-172 d",2.70000000,736.00,14.62709685000,
"Kepler-304 d",3.25000000,709.00,9.65347640000,
"Kepler-713 b",2.50000000,890.00,7.41113800000,
"Kepler-391 b",2.21000000,1300.00,7.41680902000,
"Kepler-1509 b",2.00000000,667.00,25.43378640000,
"Kepler-282 d",2.30000000,624.00,24.80568031000,
"Kepler-193 c",2.85000000,558.00,50.69844480000,
"Kepler-780 b",0.90000000,2099.00,0.67737468700,
"Kepler-1950 b",1.06000000,753.00,10.77704620000,
"Kepler-1940 b",1.40000000,892.00,4.95062352000,
"Kepler-232 b",2.80000000,1047.00,4.43118500000,
"Kepler-52 c",1.93000000,425.00,16.38500000000,
"Kepler-248 b",3.16000000,810.00,6.30820323400,
"TOI-1136 d",5.58857000,1393.00,12.51872790000,
"Kepler-55 c",1.77000000,343.00,42.14334000000,
"TOI-2986 b",8.32327000,1605.00,3.27834450000,
"Kepler-191 b",1.93000000,722.00,9.93962361000,
"Kepler-1038 c",1.17000000,805.00,7.12768673000,
"Kepler-198 b",2.37000000,643.00,17.78974200000,
"Kepler-1886 b",2.26000000,578.00,24.27623730000,
"Kepler-971 b",4.28000000,1086.00,9.59070716000,
"Kepler-312 c",2.62000000,754.00,19.74733983000,
"Kepler-865 b",2.42000000,694.00,14.16399294000,
"Kepler-1206 b",1.64000000,1315.00,1.21699766300,
"Kepler-1039 b",3.48000000,2081.00,0.93488424200,
"Kepler-372 c",2.50000000,834.00,20.05414000000,
"Kepler-1045 b",2.40000000,514.00,26.41045478000,
"Kepler-272 d",1.76000000,723.00,10.93730071000,
"Kepler-33 f",4.69000000,697.00,41.02795000000,
"Kepler-52 b",2.33000000,500.00,7.87740709000,
"Kepler-865 b",2.50000000,705.00,14.16399400000,
"Kepler-338 b",2.21000000,938.00,13.72686000000,
"Kepler-1577 b",2.65000000,1125.00,6.30560247000,
"Kepler-1311 b",1.06000000,939.00,11.17269940000,
"Kepler-342 b",1.82000000,868.00,15.17026179000,
"Kepler-55 c",27.87000000,356.00,42.14126640000,
"Kepler-367 c",1.16000000,357.00,53.57830520000,
"Kepler-1310 b",1.40000000,1883.00,0.67933674700,
"Kepler-1739 b",1.90000000,838.00,7.34372823000,
"Kepler-1186 b",2.36000000,723.00,16.07677615000,
"Kepler-419 b",30.64000000,551.00,69.72664060000,
"Kepler-87 b",9.51000000,444.00,114.73635190000,
"Kepler-1893 b",1.52000000,1194.00,4.17939037000,
"Kepler-1346 b",1.70000000,1295.00,3.40164800000,
"Kepler-222 b",3.19000000,1004.00,3.93699370600,
"Kepler-208 e",1.52000000,875.00,16.25945734000,
"Kepler-1650 b",1.54000000,774.00,1.53816250000,
"Kepler-82 c",6.11000000,471.00,51.53998542000,
"Kepler-1827 b",1.37000000,1403.00,3.70056300000,
"Kepler-80 e",1.64000000,740.00,4.64536600000,
"Kepler-53 b",2.90000000,700.00,18.64929678000,
"Kepler-367 c",1.36000000,350.00,53.57783760000,
"Kepler-982 b",2.87000000,978.00,15.77382210000,
"Kepler-1387 b",0.90000000,1078.00,2.27953300000,
"Kepler-1160 b",1.97000000,842.00,7.97034958000,
"Kepler-1095 b",1.24000000,1108.00,4.27103091000,
"Kepler-1187 b",2.67000000,701.00,18.87058705000,
"Kepler-250 b",1.16000000,928.00,4.14808732000,
"Kepler-1170 b",2.60000000,704.00,9.98969327000,
"Kepler-482 b",1.94000000,331.00,56.35387000000,
"Kepler-750 c",1.58000000,1344.00,4.08899022000,
"Kepler-1529 b",1.94000000,817.00,5.33905686000,
"Kepler-848 b",1.44000000,978.00,6.91134416000,
"Kepler-1291 b",1.39000000,733.00,8.62989000000,
"Kepler-170 c",2.72000000,685.00,16.66591162000,
"K2-204 b",3.17214154,1148.00,7.05590800000,
"Kepler-985 b",3.53000000,371.00,116.33190100000,
"Kepler-284 b",2.44000000,701.00,12.69902995000,
"Kepler-395 c",1.33600000,341.00,34.98956000000,
"HD 136352 b",1.66400000,905.00,11.57797000000,
"Kepler-1024 b",3.77000000,376.00,66.41621330000,
"K2-137 b",0.89000000,1471.00,0.17971500000,"M3 V"
"Kepler-264 c",4.16000000,559.00,140.10394000000,
"Kepler-166 c",2.49000000,473.00,34.25951372000,
"Kepler-80 b",2.16000000,547.00,7.05352714500,
"Kepler-150 d",2.90000000,772.00,12.56091000000,
"Kepler-1840 b",2.55000000,249.00,131.18771100000,
"Kepler-414 b",1.74000000,1024.00,4.69965282100,
"Kepler-477 b",2.08000000,649.00,11.11990280000,
"K2-263 b",2.41000000,470.00,50.81894700000,"G9 V"
"Kepler-1410 b",1.39000000,244.00,60.86609740000,
"Kepler-187 c",2.87000000,963.00,10.64021008000,
"Kepler-1145 b",1.45000000,957.00,3.97076766000,
"WASP-41 b",13.20420200,1242.00,3.05240154000,
"Kepler-701 b",2.47000000,777.00,10.35533116000,
"Kepler-749 b",2.10000000,454.00,17.31716585000,
"Kepler-1445 b",0.87000000,911.00,10.60052251000,
"TOI-2136 b",2.09000000,403.00,7.85191000000,
"Kepler-1306 b",1.80000000,671.00,16.29571000000,
"Kepler-236 b",1.53000000,462.00,8.29559431000,
"Kepler-103 c",5.42000000,385.00,179.60766020000,
"Kepler-1845 b",2.04000000,588.00,11.60658000000,
"K2-8 c",2.31000000,877.00,5.06468000000,
"Kepler-214 b",1.92000000,785.00,15.66057659000,
"TOI-3261 b",3.82000000,1722.00,0.88313310000,"K1.5+/-1"
"Kepler-546 b",7.43000000,1257.00,4.14702025800,
"Kepler-345 c",1.69000000,575.00,9.38740646000,
"Kepler-1198 b",1.79000000,941.00,7.68477160000,
"Kepler-1676 b",1.88000000,613.00,29.92205802000,
"Kepler-359 c",5.14000000,512.00,57.68962120000,
"KOI-142 b",3.93000000,758.00,10.91610834200,
"Kepler-431 d",1.22000000,1109.00,11.92162140000,
"Kepler-505 b",2.51000000,313.00,27.52197994000,
"Kepler-1190 b",1.26000000,601.00,10.45843441000,
"Kepler-1084 b",1.14000000,1859.00,2.05333679000,
"Kepler-1492 b",3.69000000,801.00,16.75255007000,
"Kepler-544 b",2.02000000,743.00,21.41616926000,
"Kepler-913 b",2.14000000,689.00,10.29678000000,
"Kepler-907 b",1.18000000,874.00,15.86621821000,
"Kepler-169 c",1.47000000,884.00,6.19543693000,
"Kepler-1920 b",2.81000000,663.00,30.25420641000,
"Kepler-1814 c",1.71000000,1708.00,0.62628137800,
"Kepler-128 c",1.42000000,846.00,22.80298080000,
"Kepler-1060 b",2.39000000,517.00,46.87793670000,
"Kepler-229 c",5.76000000,600.00,16.06864674000,
"Kepler-732 c",1.22000000,886.00,0.89304123600,
"GQ Lup b",51.56140000,2400.00,,
"Kepler-1035 b",1.13000000,1288.00,2.71406000000,
"Kepler-1732 b",4.84000000,699.00,32.31228670000,
"Kepler-561 b",6.50000000,434.00,58.36209000000,
"Kepler-299 d",1.73000000,719.00,15.05486890000,
"Kepler-1242 b",2.61000000,639.00,13.62798432000,
"Kepler-331 b",1.99000000,538.00,8.45747483000,
"Kepler-537 b",1.34000000,1176.00,3.24755521900,
"Kepler-109 c",2.50000000,774.00,21.22258525000,
"Kepler-827 b",5.14000000,449.00,51.92927591000,
"Kepler-179 c",2.26000000,807.00,6.40014739400,
"HD 108236 d",2.62316413,691.00,14.17589472545,
"TOI-677 b",13.11453000,1252.00,11.23660000000,"F8"
"Kepler-212 b",0.94000000,774.00,16.25831000000,
"Kepler-1649 c",1.06000000,234.00,19.53527000000,
"Kepler-169 d",1.91000000,800.00,8.34818817000,
"Kepler-537 b",1.53000000,1211.00,3.24758300000,
"Kepler-392 b",1.19000000,1360.00,5.34185804000,
"Kepler-80 e",1.37000000,629.00,4.64539708800,
"Kepler-326 b",2.55000000,1594.00,2.24828853800,
"Kepler-32 d",2.49000000,361.00,22.78080600000,
"Kepler-1843 b",1.92000000,770.00,25.54342890000,
"TOI-1199 b",10.51402390,1486.00,3.67146300000,
"Kepler-715 b",3.57000000,876.00,10.00652995000,
"Kepler-978 b",3.33000000,546.00,49.62206690000,
"Kepler-261 b",2.23000000,678.00,10.38123451000,
"Kepler-1831 b",1.90000000,1004.00,5.78392600000,
"Kepler-1851 b",5.40000000,793.00,12.02298000000,
"Kepler-1193 b",1.37000000,1453.00,2.83264724900,
"Kepler-209 b",2.56000000,668.00,16.08786246000,
"Kepler-1262 b",1.91000000,954.00,8.67900242000,
"Kepler-207 c",1.11000000,1371.00,3.07156300000,
"Kepler-1272 b",2.70000000,541.00,51.12950000000,
"Kepler-723 b",11.10000000,1037.00,4.08227693000,
"Kepler-949 c",3.72000000,582.00,20.99747771000,
"KOI-94 c",4.22000000,1058.00,10.42370700000,
"Kepler-763 c",1.39000000,943.00,4.09666758000,
"Kepler-1579 b",0.59000000,1136.00,0.84990788900,
"Kepler-1196 b",2.01000000,431.00,66.18490310000,
"Kepler-48 c",2.61000000,729.00,9.67395347400,
"Kepler-336 c",1.42000000,841.00,9.59993139000,
"Kepler-4 b",4.14000000,1507.00,3.21366862800,
"Kepler-1953 b",1.06000000,731.00,6.24564633000,
"Kepler-254 b",3.68000000,983.00,5.82665919400,
"Kepler-310 b",1.21000000,714.00,13.93072278000,
"Kepler-1334 b",2.31000000,710.00,15.64591713000,
"HD 28109 d",3.25000000,506.50,84.25999000000,"F8/G0 V"
"Kepler-903 b",1.97000000,842.00,10.35078415000,
"Kepler-1266 b",2.64000000,489.00,28.47500060000,
"TOI-1244 b",2.37611439,714.86,6.40030000000,
"Kepler-1261 b",2.41000000,409.00,48.43089910000,
"Kepler-727 b",2.65000000,964.00,5.15448441700,
"Kepler-1321 d",3.08000000,683.00,5.72087524000,
"Kepler-1859 b",1.53000000,1455.00,2.72960360000,
"Kepler-796 b",1.95000000,1168.00,6.40095400000,
"Kepler-232 c",3.74000000,784.00,11.37938071000,
"Kepler-1893 b",1.60000000,1198.00,4.17938195000,
"Kepler-1584 b",1.60000000,889.00,13.39970990000,
"TOI-849 b",3.54139000,1932.00,0.76566000000,
"Kepler-138 b",0.58000000,439.00,10.31320643000,
"Kepler-1584 b",1.60000000,889.00,13.39970990000,
"Kepler-1467 b",2.99000000,413.00,47.05690430000,
"Kepler-276 d",2.58000000,525.00,48.64766010000,
"Kepler-1398 b",0.79000000,1417.00,2.78814900000,
"Kepler-1959 b",1.19000000,811.00,6.38671206000,
"Kepler-947 b",2.40000000,573.00,26.96443170000,
"Kepler-33 f",3.92000000,691.00,41.02834240000,
"Kepler-987 b",3.54000000,394.00,105.30331480000,
"Kepler-584 b",4.00000000,647.00,35.18112000000,
"HAT-P-11 b",4.84000000,801.00,4.88780270600,
"Kepler-1044 b",2.61000000,1064.00,6.77408868000,
"Kepler-1867 b",0.67000000,770.00,9.88736112000,
"Kepler-66 b",2.81000000,699.00,17.81595067000,
"Kepler-1746 b",7.25000000,310.00,321.21243650000,
"Kepler-286 b",1.37000000,1476.00,1.79632438900,
"Kepler-1988 b",2.59000000,1394.00,11.49499722000,
"Kepler-358 b",2.91000000,554.00,34.06076310000,
"Kepler-365 c",1.63000000,732.00,17.78355980000,
"NGTS-35 b",10.90000000,451.00,25.24119200000,"K3.5 V"
"TOI-5489 c",1.28000000,536.00,4.92126000000,
"Kepler-1141 b",0.86000000,1490.00,2.34451194400,
"Kepler-1008 b",2.83000000,927.00,12.43931193000,
"Kepler-18 d",6.01000000,690.00,14.85894000000,
"Kepler-128 b",1.43000000,971.00,15.08960174000,
"Kepler-1996 b",1.82000000,382.00,32.37670000000,
"Kepler-1400 b",2.30000000,729.00,9.06687800000,
"Kepler-607 b",0.99000000,1876.00,0.63816320400,
"Kepler-1200 b",1.05000000,1182.00,1.11854971700,
"TOI-4504 b",2.66002553,1234.03,2.42615378456,
"Kepler-587 b",2.16000000,767.00,10.94027841000,
"Kepler-937 b",3.27000000,495.00,67.66882700000,
"Kepler-62 c",0.54000000,578.00,12.44170000000,"K2 V"
"K2-4 b",2.37000000,563.00,10.00329000000,
"Kepler-1243 b",1.60000000,694.00,16.83192000000,
"Kepler-436 c",2.75000000,503.00,16.79716262000,
"Kepler-969 c",1.06000000,1270.00,1.68293460700,
"Kepler-309 c",2.09000000,203.00,105.35859640000,
"Kepler-402 e",1.41000000,986.00,11.24284000000,
"Kepler-1126 b",1.58000000,375.00,108.59332900000,
"K2-36 b",1.32000000,1232.00,1.42266000000,"K2 V"
"Kepler-1972 b",0.98000000,1392.00,7.54591190000,
"Kepler-578 b",2.54000000,1536.00,1.61688369600,
"Kepler-1197 b",1.15000000,975.00,2.03231845000,
"Kepler-1416 b",0.86000000,1727.00,1.49514952000,
"Kepler-1813 b",1.42000000,1055.00,2.81815010600,
"Kepler-1452 b",1.63000000,604.00,42.91375100000,
"Kepler-1386 b",1.09000000,930.00,6.73972381000,
"Kepler-371 c",1.71000000,443.00,67.96865600000,
"Kepler-1346 b",1.19000000,1236.00,3.40165668000,
"Kepler-1963 b",0.83000000,1448.00,1.96227924000,
"Kepler-109 c",2.50000000,774.00,21.22258525000,
"Kepler-11 b",1.84000000,849.00,10.30401132000,
"Kepler-11 d",3.26000000,653.00,22.68714105000,
"Kepler-501 c",1.41000000,1263.00,3.62271400000,
"Kepler-781 b",2.88000000,639.00,13.21415000000,
"Kepler-50 c",2.79000000,1200.00,9.37613700000,
"Kepler-1730 b",4.75000000,833.00,13.81020094000,
"Kepler-891 b",5.82000000,486.00,53.44944498000,
"Kepler-1711 b",1.94000000,685.00,21.06075647000,
"Kepler-678 b",4.91000000,833.00,7.27503724000,
"Kepler-814 b",1.68000000,1114.00,6.14691800000,
"Kepler-1937 b",3.18000000,1025.00,9.68866460000,
"Kepler-541 b",1.92000000,1212.00,5.08005848000,
"Kepler-1646 b",0.95000000,365.00,4.48559215000,
"Kepler-666 b",2.10000000,1133.00,4.49876511000,
"Kepler-338 e",1.36000000,1065.00,9.34131000000,
"Kepler-1079 b",3.14000000,1152.00,13.24503188000,
"Kepler-998 b",1.88000000,1020.00,5.65377733000,
"TOI-1759 b",3.06000000,433.00,18.84997500000,
"KOI-1831 d",1.13000000,474.00,34.20693950000,
"Kepler-959 b",3.23000000,1035.00,14.80074836000,
"Kepler-187 b",1.26000000,1175.00,4.93886507000,
"Kepler-1245 b",1.56000000,1043.00,4.35409304000,
"Kepler-569 b",3.40000000,537.00,34.18896000000,
"Kepler-318 c",3.48000000,762.00,11.81501740000,
"Kepler-1233 b",2.32000000,604.00,45.12621600000,
"Kepler-299 e",1.71000000,527.00,38.28563380000,
"K2-346 b",2.26000000,450.00,26.20144600000,
"K2-31 b",46.00000000,1688.00,1.25784906000,
"TOI-1246 e",3.24164296,462.43,37.92519833654,
"WASP-159 b",15.46842000,1850.00,3.84040100000,"F9"
"K2-370 b",2.59639000,1267.00,2.14080630000,
"TOI-4342 c",2.46422452,469.88,10.68860835067,
"Kepler-723 b",10.85000000,1019.00,4.08227506800,
"Gaia-2 b",14.72447081,1213.23,3.69155898990,
"HD 63433 c",2.58229101,622.31,20.54384700000,
"Kepler-696 b",6.21000000,1234.00,4.19042565900,
"Kepler-1490 b",2.59000000,349.00,92.43629730000,
"Qatar-6 b",12.85761953,927.51,3.50616494168,
"K2-3 c",1.58200000,371.80,24.64672900000,"M V"
"TOI-3288 b",12.38180000,989.00,1.43386150000,
"TOI-762 A b",8.02723405,517.89,3.47168080203,
"HATS-33 b",12.91712883,1337.86,2.54956107674,
"TOI-329 b",4.94057819,1213.02,5.70439000000,
"K2-261 b",9.52763359,1046.00,11.63347800000,
"WASP-93 b",17.26183028,1910.00,,"F4"
"WASP-154 b",11.08350000,955.00,3.81236140000,
"K2-39 b",6.40000000,1550.00,4.60547000000,
"TOI-1260 b",2.34000000,860.00,3.12748000000,"K6 V"
"TOI-1266 b",2.46914140,390.82,10.89484209817,
"Kepler-1603 b",1.05000000,1563.00,2.27163926000,
"Kepler-206 b",1.29000000,1071.00,7.78220000000,
"Kepler-1588 b",0.78000000,925.00,7.84931739000,
"TOI-2989 b",13.45390000,850.00,3.12283960000,
"TOI-1448 b",2.63540428,388.13,8.09708185596,
"Kepler-1785 b",3.72000000,668.00,19.58557219000,
"Kepler-586 b",2.96000000,1367.00,2.10472218400,
"Kepler-369 b",1.00000000,597.00,2.73276661900,
"Kepler-1928 b",2.41000000,755.00,19.57776570000,
"Kepler-186 c",1.23000000,469.00,7.26730117000,
"K2-29 b",13.33871000,1171.00,3.25883210000,"G7 V"
"Kepler-48 d",2.02000000,443.00,42.89605505000,
"Kepler-851 b",1.92000000,900.00,8.50699658000,
"TOI-2992 b",12.78240000,1606.00,3.00782000000,
"HAT-P-58 b",14.95447888,1391.58,4.01357004878,
"WASP-92 b",14.23187097,1618.64,2.17470623850,
"WASP-41 b",13.22662000,1244.00,3.05240400000,
"Kepler-411 c",3.37000000,715.00,7.83442787700,
"TOI-1723 b",3.29206019,782.98,13.72641000000,
"Kepler-1103 b",2.02000000,738.00,19.79243000000,
"Kepler-1174 b",1.40000000,962.00,6.89225223000,
"Kepler-968 c",1.42000000,647.00,5.70940491800,
"Kepler-608 b",4.00000000,1064.00,6.41246000000,
"TOI-771 b",1.36000000,543.00,2.32601550000,"M3"
"Kepler-129 c",2.40000000,521.00,82.20001050000,
"NGTS-20 b",11.99360935,688.00,54.18915000000,"G1 IV"
"Kepler-593 b",2.60000000,706.00,21.21708973000,
"K2-279 b",1.21000000,879.00,7.12260500000,
"HAT-P-55 b",14.54318286,1233.53,3.58522837273,
"Kepler-770 c",5.88000000,2740.00,1.47532322200,
"Kepler-290 c",3.44000000,438.00,36.77047310000,
"Kepler-374 d",1.29000000,1063.00,5.02818614000,
"Kepler-1509 b",1.91000000,653.00,25.43381970000,
"HD 108236 b",1.55313499,1072.07,3.79588997084,
"Kepler-487 d",2.79000000,1270.00,2.41840544500,
"IRAS 04125+2902 b",9.05959039,647.03,8.83492609575,
"TOI-5005 b",6.00429000,1012.00,6.30847280000,
"TOI-1260 d",3.83191349,323.12,49.82516596484,
"TOI-2152 A b",14.35870428,1802.00,3.37735120000,"F4 V"
"TOI-3693 b",12.59889431,801.00,9.08851600000,
"TOI-6054.02",2.82000000,1143.00,12.56363600000,
"LP 714-47 b",4.95231335,635.49,4.05203680000,
"TOI-1260 b",2.41000000,871.00,3.12746300000,
"Kepler-856 b",8.89000000,825.00,8.02768059500,
"TOI-2084 b",2.47000000,527.00,6.07842470000,"M2+/-0.5"
"KOI-94 e",8.92050856,875.07,,
"TOI-5800 b",2.68000000,1119.00,2.62788200000,"K3 V"
"TOI-5704 b",3.34096413,852.91,3.77110663034,
"Kepler-435 b",26.52000000,1703.00,8.60015392900,
"TOI-6420 b",11.93756445,1213.00,6.96150800000,
"HD 42813 b",3.48000000,777.00,13.63083000000,
"TOI-270 c",2.35500000,488.00,5.66057310000,"M"
"TOI-1860 b",1.08830000,1515.00,1.06620820000,
"TOI-2015 b",3.30900000,530.90,3.34823700000,"M4 +/- 0.5"
"Kepler-625 c",1.18000000,1202.00,4.16536510000,
"Kepler-1194 b",1.84000000,783.00,16.22371307000,
"Kepler-925 b",2.26000000,394.00,33.86785310000,
"Kepler-1979 b",2.80000000,671.00,18.50687000000,
"Kepler-616 c",3.37000000,413.00,90.41135560000,
"TOI-558 b",12.17295304,1061.00,14.57407100000,"F V"
"Kepler-18 b",2.03000000,1165.00,3.50469125200,
"Kepler-1345 b",2.17000000,693.00,44.61695570000,
"TOI-858 B b",14.06064510,1402.26,3.27972061219,
"K2-117 b",2.45117748,856.69,1.29160335703,
"CoRoT-19 b",14.46000000,2000.00,3.89713000000,"F9 V"
"TOI-1728 b",4.93950000,718.00,3.49139520000,
"Kepler-15 b",10.77000000,1008.00,4.94278339900,
"WASP-180 A b",15.91629987,1404.03,3.40915679219,
"KOI-94 b",1.73000000,1488.00,3.74324500000,
"TOI-5386 A b",14.70618268,1488.00,3.62156552000,
"Kepler-1798 b",1.70000000,408.00,16.85592593000,
"Kepler-1998 b",0.61000000,1197.00,3.03266154000,
"LHS 1678 d",0.85669246,462.95,4.96520685528,
"KELT-12 b",15.39990000,1656.00,5.03163470000,
"K2-264 c",2.66800000,331.00,19.66030200000,
"Kepler-1739 b",1.84000000,839.00,7.34373964000,
"Kepler-1290 b",1.52000000,1098.00,4.69500134000,
"Kepler-1992 b",0.88000000,683.00,15.61130000000,
"Kepler-1033 b",2.40000000,914.00,7.56052209000,
"Kepler-1796 b",2.21000000,598.00,29.45571540000,
"Kepler-1787 b",2.14000000,540.00,39.31348320000,
"Kepler-1619 b",0.76000000,679.00,23.62259130000,
"Kepler-11 e",3.89000000,582.00,31.99550624000,
"Kepler-1540 b",2.30000000,238.00,125.41311770000,
"HATS-40 b",15.09024862,1912.75,3.26331647417,
"Kepler-32 f",0.81000000,1100.00,0.74296000000,"M1 V"
"MASCARA-4 b",17.78610000,2332.00,2.82406910000,
"HD 1397 b",11.46680700,1519.00,11.53660000000,
"HD 15337 c",2.39000000,642.00,17.17840000000,"K1 V"
"HD 15337 c",2.52200000,656.10,17.17840000000,
"HD 23472 b",1.87042000,462.00,17.66716870000,
"HD 23472 f",1.15643000,638.00,12.16233160000,
"pi Men c",2.04200000,1169.80,6.26790000000,"G0 V"
"TOI-201 b",11.29867200,759.00,52.97818000000,"F6 V"
"HD 63433 c",2.69200000,678.92,20.54382810000,"G5 V"
"HD 108236 b",1.58600000,1099.00,3.79523000000,"G3 V"
"HD 5278 b",2.29632326,841.94,14.33921442256,
"HD 63935 b",2.99000000,911.00,9.05881100000,
"HD 63935 b",2.91575244,825.22,9.05880700000,
"TOI-544 b",2.03000000,1082.00,1.54835100000,
"HD 25463 c",1.36354953,1585.57,3.04405000000,
"HD 135694 b",2.53201320,750.83,15.92346000000,
"HD 235088 b",2.07506422,753.95,7.43415100000,
"HD 6061 b",2.45000000,1194.00,5.25446700000,
"HD 136352 c",2.60800000,682.00,27.59090000000,
"Kepler-23 c",3.06000000,1008.00,10.74241765000,
"Kepler-242 b",3.04000000,742.00,8.20396870000,
"Kepler-959 b",17.38000000,1912.00,14.80075082000,
"Kepler-154 c",2.73000000,437.00,62.30278730000,
"Kepler-1031 b",0.78000000,1769.00,1.22621732000,
"Kepler-124 d",1.37000000,470.00,30.95053000000,
"Kepler-122 d",1.82000000,674.00,21.58738000000,
"Kepler-786 b",2.28000000,348.00,53.52927020000,
"Kepler-1272 b",2.43000000,542.00,51.13193460000,
"Kepler-286 e",1.78000000,587.00,29.22144000000,
"Kepler-311 c",1.46000000,719.00,19.73839130000,
"Kepler-1776 b",2.97000000,603.00,35.01190875000,
"Kepler-177 c",7.48000000,545.00,49.41117582000,
"Kepler-1321 d",1.78000000,509.00,5.72084599000,
"Kepler-1743 b",1.78000000,1258.00,7.64972303000,
"Kepler-181 b",1.33000000,1031.00,3.13784882900,
"Kepler-943 b",5.12000000,455.00,49.77009070000,
"Kepler-309 b",1.03000000,529.00,5.92365634000,
"K2-124 b",3.03000000,445.00,6.41376600000,
"Kepler-496 b",2.42000000,747.00,8.30865307000,
"Kepler-1129 c",2.75000000,471.00,76.53695860000,
"Kepler-258 c",2.40000000,412.00,33.65304000000,
"TOI-1710 b",5.20315158,602.99,24.28337700000,
"Kepler-94 b",3.25000000,997.00,2.50805749700,
"K2-43 b",4.51000000,939.30,3.47114900000,
"TOI-2379 b",11.72459381,624.00,5.46938270000,
"Kepler-1018 b",2.72000000,477.00,49.10135140000,
"Kepler-655 b",2.66000000,588.00,46.40626000000,
"Kepler-1865 b",1.56000000,1203.00,2.52401811500,
"Kepler-874 b",3.41000000,560.00,40.06867270000,
"Kepler-1916 b",2.43000000,646.00,31.25483470000,
"Kepler-722 c",3.43000000,401.00,105.14595900000,
"Kepler-188 c",3.08000000,1094.00,5.99653499700,
"Kepler-100 b",1.24000000,1071.00,6.88709900000,
"Kepler-358 b",2.91000000,554.00,34.06076310000,
"Kepler-51 b",7.88000000,523.00,45.15530074000,
"Kepler-1671 b",1.25000000,993.00,4.16785600000,
"Kepler-1222 b",0.69000000,1134.00,1.91694425400,
"Kepler-920 b",3.09000000,907.00,6.53194024000,
"Kepler-1807 b",2.09000000,1108.00,10.86062378000,
"Kepler-122 c",4.70000000,807.00,12.46607100000,
"Kepler-432 b",12.39000000,816.00,52.50107680000,
"HD 207897 b",2.34302132,581.75,16.20166000000,
"HD 219134 c",1.51100000,782.00,6.76458000000,
"HD 219134 b",1.60200000,1015.00,3.09292600000,
"TOI-1728 b",5.05000000,767.00,3.49151000000,"M0"
"TOI-411 c",2.30530583,941.92,9.57307063556,
"KOI-94 c",3.72000000,1012.00,10.42367743900,
"TOI-1064 c",2.60147660,575.35,12.22655951887,
"HATS-58 A b",12.27385500,1721.00,4.21808960000,
"TOI-2714 b",13.72000000,1603.00,2.49938700000,
"WASP-136 b",15.46842000,1742.00,5.21535700000,
"TOI-3757 b",12.43773089,705.15,3.43919542546,
"TOI-7149 b",13.20000000,593.00,2.65206166000,"M4 V"
"TOI-6008 b",1.03000000,707.00,0.85743470000,"M5.0"
"K2-121 b",7.52000000,738.00,5.18575390000,
"Kepler-949 b",3.03000000,782.00,8.68930729600,
"Kepler-1754 b",2.04000000,672.00,8.19596647000,
"Kepler-127 b",1.46000000,890.00,14.43594397000,
"Kepler-518 b",2.14000000,839.00,8.51203773600,
"Kepler-1468 b",1.59000000,917.00,8.23984869000,
"Kepler-40 b",13.80000000,1482.00,6.87316523200,
"Kepler-19 b",2.20900000,851.00,9.28699000000,
"Kepler-630 b",5.80000000,450.00,161.47900000000,
"Kepler-231 c",1.69000000,345.00,19.26930046000,"M1 V"
"Kepler-1208 b",2.60000000,648.00,11.08487000000,
"Kepler-997 b",1.36000000,1709.00,2.70730640000,
"Kepler-1639 b",2.50000000,1003.00,9.87848200000,
"Kepler-1709 b",2.57000000,454.00,65.70460002000,
"TOI-1836 c",2.73549000,2058.00,1.77275050000,
"Kepler-65 b",1.50000000,1726.00,2.15490903900,
"WASP-118 b",16.14096000,1729.00,4.04604350000,"F6"
"TOI-122 b",2.63477634,431.25,5.07803253492,
"Kepler-96 b",2.65000000,716.00,16.23846500000,
"HAT-P-51 b",13.50682174,1168.20,4.21802091000,
"Kepler-1473 b",1.53000000,783.00,14.42735088000,
"Kepler-1670 b",2.80000000,717.00,20.49941000000,
"Kepler-1668 b",4.47000000,721.00,15.43397750000,
"Kepler-411 b",1.88000000,1040.00,3.00516000000,
"Kepler-102 b",0.49000000,797.00,5.28695437000,
"HIP 41378 f",9.20000000,294.00,542.07975000000,
"TOI-6109 c",4.04578000,786.00,8.53866330000,
"Kepler-737 b",1.88000000,295.00,28.59915399000,
"TOI-3894 b",15.27784069,1531.00,4.33454000000,
"Kepler-65 d",1.58000000,1117.00,8.13121389000,
"WASP-173 A b",14.40356500,1842.00,1.38665290000,"G2"
"TOI-4443.01",1.71932648,1499.30,1.84985667759,
"TOI-2411 b",1.68000000,1355.00,0.78269420000,
"Kepler-1106 b",2.44000000,2199.00,1.25275388100,
"Kepler-154 b",1.97000000,540.00,33.04056350000,
"Kepler-109 c",2.48000000,771.00,21.22261195000,
"Kepler-1154 c",2.52000000,1117.00,8.45805119000,
"Kepler-1499 b",1.14000000,409.00,44.20184020000,
"Kepler-1717 b",2.86000000,780.00,30.65289350000,
"Kepler-186 e",1.66000000,361.00,22.40768800000,
"Kepler-1231 b",1.27000000,788.00,10.41729000000,
"Kepler-1262 b",1.91000000,954.00,8.67900242000,
"Kepler-1549 b",2.71000000,266.00,214.88654500000,
"Kepler-126 b",1.54000000,1017.00,10.49567752000,
"TOI-4641 b",9.76032934,950.11,22.09339217881,
"EPIC 246851721 b",13.70374653,1406.03,6.18026138745,
"K2-222 b",2.41000000,801.00,15.38630000000,
"Kepler-43 b",12.10000000,1475.00,3.02409254800,
"TOI-1011 b",1.44656000,1364.00,2.47049810000,
"TOI-4666 b",12.86880000,729.00,2.90938560000,
"TOI-2445 b",1.40621466,964.46,0.37113344317,
"HIP 8152 c",2.52442508,650.68,19.60562000000,
"TOI-3884 b",6.43000000,441.00,4.54458280000,
"TOI-1859 b",11.14950000,615.00,63.48393580000,
"TOI-3984 A b",7.90000000,563.00,4.35332600000,"M4+/-0.5"
"K2-178 b",3.54381082,840.29,8.75470797754,
"Kepler-468 b",13.44000000,484.00,38.47875706700,
"TOI-2107 b",13.57407563,1397.00,2.45454670000,
"K2-167 b",2.26421410,1131.00,9.97857000000,
"Kepler-412 b",13.25000000,1647.00,1.72086129000,
"TOI-4582 b",10.15776883,614.66,31.03432139505,
"WASP-22 b",13.43959100,1502.00,3.53273064000,
"LTT 1445 A b",1.38000000,433.00,5.35882000000,
"TOI-257 b",6.37909616,972.38,18.38770808538,
"KELT-4 A b",18.81822184,1694.81,2.98950920000,
"HD 110113 b",2.15331000,1391.00,2.54046790000,
"HD 110067 f",2.60100000,489.00,41.05854000000,"K0.0 V"
"TOI-269 b",2.77000000,531.00,3.69771040000,"M2 V"
"HAT-P-42 b",12.60317930,1304.37,4.64184345361,
"BD-14 3065 b",20.71120000,1404.00,4.28896960000,
"Kepler-19 b",2.69962515,793.90,9.28667326119,
"Kepler-91 b",15.32270300,2040.00,6.24658000000,
"Kepler-41 b",10.05000000,1436.00,1.85555755600,
"Kepler-45 b",11.03000000,730.00,2.45524062000,
"GJ 3929 b",1.15000000,568.80,2.61627450000,"M3.5 V"
"TOI-4364 b",2.09370701,487.36,5.42406914990,
"WASP-84 c",4.98711000,1719.00,1.44689930000,
"Kepler-731 b",13.96546218,1178.70,3.85558968989,
"Kepler-93 b",1.59000000,1039.00,4.72673947500,
"Kepler-644 b",2.95000000,1686.00,3.17391710300,
"Kepler-109 b",2.49000000,1276.00,6.48163070000,
"TOI-2295 b",7.64759000,709.00,60.06632000000,
"Kepler-378 b",2.38000000,812.00,16.09231474000,
"Kepler-769 c",1.48000000,773.00,15.98701740000,
"HD 135344 A b",16.25302201,1585.00,,"A0 V"
"Kepler-341 c",1.88000000,940.00,8.01039290000,
"Kepler-1881 b",2.58000000,289.00,159.38805100000,
"Kepler-892 b",2.74000000,556.00,13.75210720000,
"TOI-2345 b",1.50400000,1478.00,1.05285730000,"K"
"TOI-269 b",2.94204396,533.84,3.69771670923,
"Kepler-62 e",1.73000000,265.00,122.38638120000,
"Kepler-777 b",1.38000000,569.00,5.72812616000,
"HAT-P-53 b",13.21072144,1560.10,1.96179688667,
"CoRoT-12 b",15.13215000,1410.00,2.82804200000,
"HIP 94235 b",3.00000000,1060.00,7.71305700000,"G V"
"TOI-2407 b",4.26000000,705.00,2.70296900000,
"HATS-55 b",12.10250000,1210.00,4.20420780773,
"Qatar-7 b",19.05530000,2053.00,2.03204600000,"F4 V"
"WASP-142 b",17.14977000,2000.00,2.05286800000,"F8"
"Kepler-314 b",0.81000000,1218.00,2.46106655000,
"Kepler-1656 b",4.47000000,563.00,31.57865933800,
"K2-45 b",12.60012690,1073.56,1.72926812424,
"HR 858 d",2.16400000,1075.00,11.23000000000,
"WASP-185 b",14.01125000,1160.00,9.38755000000,"G0 V"
"HATS-2 b",13.09200000,1577.00,1.35413300000,"K"
"Kepler-289 b",3.41000000,750.00,34.54384640000,
"HD 260655 b",1.24000000,709.00,2.76953000000,"M0 V"
"K2-30 b",14.83669218,1078.61,4.09847409321,
"HD 63433 b",2.14000000,967.11,7.10794750000,"G5 V"
"TOI-1853 b",3.46000000,1479.00,1.24362580000,"K2.5 V"
"Kepler-1124 b",3.30000000,708.00,2.85237500000,
"Kepler-926 b",2.92000000,524.00,52.06900200000,
"Kepler-1980 b",2.21000000,564.00,33.02571790000,
"Kepler-914 b",1.49000000,1181.00,4.40967300000,
"Kepler-98 b",1.98000000,1597.00,1.54168290000,
"Kepler-1349 b",0.70000000,1668.00,2.12821621000,
"Kepler-131 b",1.98000000,700.00,16.09197176000,
"Kepler-651 b",2.29000000,602.00,21.38521506000,
"Kepler-248 b",3.16000000,810.00,6.30820323400,
"Kepler-845 b",2.10000000,1470.00,0.92785982100,
"Kepler-497 b",5.95000000,1211.00,3.57320367100,
"TOI-544 b",2.16017407,1004.06,1.54835416755,
"TOI-5143 c",12.02041386,904.48,5.20970995776,
"Kepler-396 c",6.07000000,417.00,88.51125630000,
"Kepler-425 b",9.94000000,972.00,3.79701833500,
"Kepler-450 b",5.93000000,767.00,28.45492088000,
"TOI-620 b",3.76000000,603.60,5.09881790000,"M2.5 V"
"TOI-4087 b",13.04725353,1458.00,3.17748350000,
"TOI-871 b",1.68663141,565.31,14.36273803273,
"TOI-3474 b",14.07350000,1437.00,3.87950230000,
"Kepler-425 b",11.75575788,980.02,3.79700756452,
"Kepler-1357 b",1.12000000,1163.00,3.00913240000,
"Kepler-553 b",4.60000000,987.00,4.03046450000,
"Kepler-795 b",1.74000000,580.00,29.61938910000,
"TOI-2382 b",12.25141591,1426.00,4.66120610000,
"HATS-59 b",12.62133400,1128.00,5.41608100000,
"TOI-4638.01",2.71867163,779.83,10.28295825180,
"Kepler-25 c",4.96046000,705.00,12.72038000000,
"TOI-2095 b",1.25000000,347.00,17.66484000000,"M2.5 V"
"TOI-1295 b",15.69257298,2360.00,3.19688380000,"F"
"TOI-7166 b",2.01000000,249.00,12.92063621000,"M4.5+/-0.5"
"Kepler-1517 b",20.24000000,2335.00,5.54608366500,
"TOI-2322 b",0.99400000,603.10,11.30717000000,"K4"
"TOI-969 b",3.64998000,1002.00,1.82373710000,
"Kepler-423 b",12.40000000,1301.00,2.68432897000,
"K2-108 b",5.38526663,1377.32,4.73355750515,
"Kepler-447 b",4.91698420,829.91,7.79421550591,
"TOI-206 b",1.53326821,840.17,0.73631321993,
"Kepler-49 c",2.63000000,429.00,10.91274807000,
"K2-394 b",1.92318000,643.00,5.09579830000,
"Kepler-426 b",10.55297726,1136.30,3.21751842830,
"HD 118203 b",12.06086323,1360.00,6.13498470000,
"HD 80653 b",1.61300000,2463.00,0.71957300000,
"HIP 29442 d",1.37000000,998.00,6.42975000000,
"TOI-1794 b",3.29701268,992.91,8.76552800000,
"HAT-P-24 b",15.49718740,1529.96,3.35524440733,
"Kepler-410 A b",2.43000000,866.00,17.83367834000,
"HAT-P-54 b",13.26706229,782.65,3.79985358153,
"Kepler-10 b",1.48070890,2130.00,0.83749100000,
"Kepler-491 b",9.16000000,1118.00,4.22538451200,
"Kepler-1775 b",2.21000000,430.00,85.65358490000,
"WASP-89 b",11.65736000,1120.00,3.35642270000,"K3"
"HIP 9618 c",3.42855926,470.31,52.56363000000,
"Kepler-91 b",14.90000000,2132.00,6.24658000000,
"Kepler-641 b",2.02000000,926.00,9.48961571000,
"Kepler-345 c",1.22000000,564.00,9.38742889000,
"TOI-2010 b",11.81426566,400.20,141.83402500000,"F0"
"Kepler-1692 b",1.00000000,898.00,5.95960845000,
"Kepler-24 e",2.36000000,748.00,18.99850923000,
"Kepler-1987 e",1.99000000,647.00,8.74287133000,
"Kepler-21 b",1.72000000,1863.00,2.78581900000,
"Kepler-396 b",3.50000000,525.00,42.99066000000,
"Kepler-411 b",2.27000000,981.00,3.00515690000,
"TOI-1278 b",8.69761726,407.87,14.47510623109,
"HD 191939 b",3.20594000,777.00,8.88032810000,
"Kepler-428 b",11.87000000,955.00,3.52563256100,
"Kepler-75 b",11.77000000,767.00,8.88491160000,"K0 V"
"Qatar-8 b",14.40356500,1457.00,3.71495000000,"G0 V"
"Kepler-289 c",18.60000000,491.00,125.86546000000,
"Kepler-435 b",14.54812099,1382.32,8.60045163405,
"K2-3 b",2.11286662,470.17,10.05460031054,
"GJ 357 b",1.26995000,561.00,3.93060270000,
"K2-46 b",2.04000000,889.00,19.15344000000,
"K2-79 b",4.60346552,699.16,21.99036193738,
"WASP-84 c",1.95000000,1329.00,1.44688490000,"K0"
"K2-277 b",2.29015537,953.97,6.32668003682,
"TOI-3288 b",11.20898070,1059.00,1.43386350000,"K9 V"
"GJ 3470 b",3.88000000,615.00,3.33664900000,"M1.5"
"pi Men c",1.99779000,1052.00,6.26783200000,
"TOI-4994 b",8.54124329,717.60,21.49198400000,
"Kepler-543 b",2.46000000,521.00,13.89963233000,
"GJ 3090 b",2.13000000,693.00,2.85310540000,"M2 V"
"K2-415 b",1.01500000,412.40,4.01796940000,"M5 V"
"K2-97 b",10.61000000,1499.00,8.40672600000,
"TOI-3688 A b",13.29964290,1471.43,3.24620800895,
"Kepler-146 c",2.91000000,474.00,76.73251680000,
"Kepler-382 c",3.14000000,882.00,12.16281950000,
"Kepler-1026 b",2.30000000,431.00,36.51560530000,
"Kepler-1881 b",2.58000000,289.00,159.38805100000,
"Kepler-1121 b",1.70000000,987.00,13.15141081000,
"Kepler-1652 b",1.58000000,242.00,38.09707170000,
"Kepler-1039 b",3.21000000,2080.00,0.93488536500,
"Kepler-1140 b",3.00000000,504.00,24.08638000000,
"TOI-654.01",2.61033183,707.96,1.52756389781,
"Kepler-40 b",13.80000000,1482.00,6.87316523200,
"TOI-172 b",9.80856000,993.00,9.47686000000,
"TOI-4145 A b",12.18270000,856.00,4.06644460000,
"Gliese 12 b",0.95800000,314.60,12.76140800000,"M3.0 V"
"TOI-125 b",2.75500000,1029.00,4.65382000000,"K0 V"
"KELT-15 b",16.02696187,1616.26,3.32946492386,
"Kepler-495 c",0.74000000,839.00,5.89686000000,
"L 98-59 c",1.36751000,479.00,3.69067585780,
"HD 23472 c",1.60982000,374.00,29.79752050000,
"TOI-2406 b",2.94000000,447.00,3.07668960000,"M4 V"
"TOI-3135 b",13.65253849,1292.00,3.70655850000,
"TOI-1136 d",4.62115423,766.21,12.51861000000,
"WASP-81 b",16.01766100,1623.00,2.71647620000,
"K2-108 b",5.28000000,1446.00,4.73401000000,
"TOI-2992 b",13.75341932,1726.00,3.00781200000,
"TOI-5803 b",3.50380000,816.00,5.38297280000,
"TIC 257060897 b",17.55655678,1662.31,3.66003195444,
"Kepler-762 b",13.01000000,1321.00,3.77055209800,
"Kepler-410 A b",2.47000000,859.00,17.83368211000,
"HAT-P-21 b",11.47800000,1283.00,4.12448100000,"G3"
"HATS-55 b",14.02245900,1367.00,4.20420010000,
"CoRoT-10 b",10.54766900,647.00,13.24060000000,
"TOI-2373 b",11.24480000,805.00,13.33681730000,
"WASP-56 b",12.24000000,1216.00,4.61710100000,"G6"
"Kepler-322 c",1.59000000,1016.00,4.33722403900,
"Kepler-187 b",1.36000000,1183.00,4.93892000000,
"Kepler-656 b",3.57000000,1569.00,1.26025882200,
"Kepler-964 b",4.20000000,909.00,13.52260400000,
"Kepler-1043 b",2.50000000,542.00,38.50519000000,
"Kepler-1570 b",2.57000000,836.00,26.54895500000,
"Kepler-1612 b",0.88000000,1019.00,3.91795101000,
"KOI-94 d",11.27000000,806.00,22.34298900000,
"K2-181 b",2.84000000,962.00,6.89425600000,
"Kepler-1042 b",2.41000000,634.00,10.13195000000,
"Kepler-495 b",4.55000000,986.00,3.41303622100,
"HR 858 b",2.08500000,1572.00,3.58599000000,
"HATS-44 b",11.96000300,1161.00,2.74390040000,
"EPIC 211945201 b",5.50689000,662.00,19.49214730000,
"WASP-120 b",16.51085700,1880.00,3.61127060000,"F5"
"Kepler-1955 b",1.06000000,853.00,14.26515450000,
"HD 191939 b",3.41000000,880.00,8.88032560000,"G9 V"
"HAT-P-25 b",13.33900000,1202.00,3.65283600000,"G5"
"WASP-197 b",14.44837612,1665.00,5.16722800000,
"Kepler-134 b",2.26000000,1088.00,5.31743500000,
"KOI-94 c",3.66000000,989.00,10.42367776500,
"K2-3 d",1.52000000,282.00,44.55645600000,
"WASP-58 b",15.36000000,1270.00,5.01718000000,"G2 V"
"TOI-238 b",1.40200000,1311.00,1.27309910000,"K2V"
"HR 2562 b",12.44199000,1200.00,,"F5 V"
"Kepler-491 b",10.00000000,1157.00,4.22538460000,
"TIC 237913194 b",11.79529659,770.71,15.16897229768,
"WASP-161 b",12.81188700,1557.00,5.40604250000,
"Kepler-334 c",1.37000000,791.00,12.75802811000,
"TOI-1347 b",1.80000000,1400.00,0.84742346000,
"KOI-94 e",5.79000000,570.00,54.31998605000,
"Kepler-732 c",1.47000000,973.00,0.89304770000,
"HD 23472 e",0.96981900,720.00,7.90762220000,
"Kepler-15 b",10.77000000,1008.00,4.94278339900,
"WASP-31 b",17.28610645,1423.70,3.40588950341,
"TOI-2076 c",3.78219000,641.00,21.01530470000,
"Kepler-738 b",2.31000000,531.00,24.58721573000,
"Kepler-1632 b",1.66000000,232.00,448.30355800000,
"Kepler-944 b",2.46000000,463.00,43.31677370000,
"Kepler-31 d",4.06000000,484.00,87.64753340000,
"Kepler-286 d",1.48000000,992.00,5.91428767000,
"Kepler-369 b",1.42000000,687.00,2.73276789700,
"Kepler-11 b",1.72000000,851.00,10.30399500000,
"Kepler-1255 b",3.10000000,694.00,36.29201700000,
"TOI-1246 b",3.28198793,954.88,4.30745132484,
"HD 17156 b",12.26262489,888.00,21.21642940000,
"TOI-1173 b",9.01941098,868.95,7.06456000000,
"Kepler-1874 b",2.19000000,317.00,56.57359970000,
"Kepler-118 b",1.67000000,861.00,7.51849479000,
"Kepler-663 b",2.40000000,893.00,4.99677700000,
"Kepler-1453 b",2.74000000,503.00,47.16116960000,
"Kepler-1586 b",1.95000000,1109.00,15.60492120000,
"Kepler-244 d",2.69000000,622.00,20.05044940000,
"Kepler-354 d",1.47000000,451.00,24.21021710000,
"TOI-5082.01",2.64301000,1113.00,4.24035430000,
"Kepler-43 b",12.14000000,1489.00,3.02409250500,
"WASP-22 b",12.55408000,1430.00,3.53269000000,"G1 V"
"OGLE-TR-113 b",12.45319900,1355.00,1.43247570000,
"Kepler-1514 b",12.41957200,387.90,217.83184000000,
"LHS 1140 b",1.84394531,157.09,24.73734116000,
"Kepler-318 b",5.89000000,1327.00,4.66271905800,
"K2-333 b",5.73956170,810.78,14.75650149447,
"TOI-4914 b",12.60540000,574.00,10.59887430000,
"LTT 9779 b",4.72000000,1978.00,0.79205200000,"G7 V"
"HD 80653 b",1.61084174,2301.94,0.71957120984,
"TOI-5573 b",9.75000000,528.00,8.79758977000,
"TOI-5704 b",3.22740000,949.07,3.77111600000,
"HIP 67522 b",9.76300000,1176.00,6.95947180000,
"WASP-132 b",10.09929161,682.00,7.13351640000,"K4 V"
"TOI-1846 b",1.79020058,523.44,3.93067462793,
"Kepler-411 b",1.94000000,985.00,3.00515570400,
"Kepler-826 b",0.89000000,1043.00,4.48758907000,
"Kepler-1338 b",1.05000000,2124.00,0.93511586300,
"Kepler-299 b",1.22000000,1241.00,2.92721559000,
"Kepler-1944 b",2.48000000,803.00,9.84261195000,
"Kepler-282 d",2.30000000,624.00,24.80568031000,
"Kepler-804 c",1.17000000,875.00,9.65185017000,
"Kepler-1381 b",2.41000000,649.00,25.38426860000,
"Kepler-169 c",1.47000000,884.00,6.19543693000,
"Kepler-571 b",2.49000000,980.00,4.79859938800,
"Kepler-1526 b",2.31000000,788.00,3.90863200500,
"Kepler-1171 b",2.67000000,2700.00,1.44259230500,
"Kepler-1419 b",2.60000000,510.00,42.52158950000,
"HATS-10 b",10.86152100,1407.00,3.31284600000,
"Kepler-1760 b",1.83000000,473.00,38.32621800000,
"TOI-1799 b",1.42238884,922.72,7.08573800000,
"TOI-5542 b",11.30986153,441.00,75.12375000000,"G3 V"
"LP 791-18 b",1.12000000,650.00,0.94800500000,"M(6.1+/-0.7) V"
"Kepler-953 b",4.27000000,397.00,88.40655258000,
"HIP 9618 b",3.75000000,685.00,20.77288000000,
"TOI-763 b",2.40970880,937.98,5.60577479919,
"TOI-1824 b",2.45459000,544.00,22.80857190000,
"Kepler-412 b",12.53000000,1681.00,1.72086132400,
"HAT-P-35 b",14.93000000,1581.00,3.64670600000,
"TOI-782 b",2.73400000,435.00,8.02400150000,
"Kepler-365 c",1.63000000,732.00,17.78355980000,
"Kepler-1991 c",2.18000000,584.00,22.79021423000,
"TOI-4600 c",6.90877517,672.67,482.81910000000,
"NGTS-27 b",15.64773706,1783.00,3.37041810000,
"TOI-2194 b",1.98920000,590.88,15.33759700000,
"HATS-53 b",14.71440000,1298.00,3.85376160000,
"Kepler-1990 c",1.09000000,1173.00,4.06854500000,
"Kepler-586 b",2.96000000,1367.00,2.10472218400,
"K2-117 b",2.03000000,868.00,1.29160000000,
"TOI-763 b",2.28000000,1038.00,5.60570000000,"G"
"Kepler-785 b",9.14000000,752.00,1.97376092600,
"TOI-3980 b",14.45958510,1621.00,3.60892540000,
"TOI-1420 b",12.09082297,872.50,6.95611336692,
"Kepler-710 b",1.60000000,985.00,4.34728552700,
"Kepler-1651 b",1.15000000,320.00,9.88470000000,
"TOI-628 b",11.88154000,1586.00,3.40956750000,
"TOI-1685 b",1.70000000,1069.00,0.66914060000,"M3.0 V"
"TOI-1899 b",11.09689089,378.00,29.09031200000,
"Kepler-1388 c",1.96000000,557.00,5.53608151000,
"HATS-39 b",19.15712228,1599.56,4.57686514822,
"KOI-94 b",1.55000000,1391.00,3.74317555600,
"TOI-1450 A b",1.13000000,722.00,2.04392740000,"M3.0 V"
"Kepler-487 c",2.30000000,504.00,38.65154000000,
"HD 21749 c",0.89200000,701.00,7.78993000000,"K4.5"
"TOI-2796 b",17.26183028,1205.00,4.80849830000,
"LHS 475 b",1.04079541,552.81,2.02910665243,
"TOI-411 b",1.54737474,1255.71,4.04041303555,
"K2-30 b",13.40596400,1185.00,4.09850700000,"G8 V"
"Kepler-428 b",11.87000000,955.00,3.52563256100,
"TOI-178 f",2.28700000,521.00,15.23191500000,"K"
"TOI-1820 b",11.42720000,1151.00,4.86067300000,
"Kepler-1167 b",1.70000000,1421.00,1.00393373900,
"TOI-262 b",2.07000000,584.00,11.14529000000,"K0 V"
"Kepler-858 b",6.07620712,241.17,,
"TOI-332 b",3.20000000,1871.00,0.77703800000,"K0 V"
"TOI-1273 b",9.34848000,1078.00,4.63130140000,
"WASP-99 b",12.74428382,1368.47,5.75257972138,
"Kepler-289 b",3.41000000,750.00,34.54384640000,
"TOI-125 d",2.54717000,562.00,19.98157090000,
"Kepler-1319 b",1.24000000,557.00,2.88676240000,
"Kepler-102 b",0.46000000,857.00,5.28696500000,
"WASP-188 b",14.81827249,1666.00,5.74891600000,
"TOI-6008 b",1.24654784,649.33,0.85737269789,
"HAT-P-57 b",17.08611392,1843.00,2.46518010117,
"TOI-3976 A b",12.11250000,1157.00,6.60809890000,
"WTS-2 b",15.27786700,2000.00,1.01870680000,"K2 V"
"Kepler-102 f",0.79000000,460.00,27.45372940000,
"TOI-1136 b",1.90000000,1216.00,4.17278000000,
"Kepler-686 b",11.77000000,1540.00,1.59474546300,
"WASP-70 A b",12.84369364,1287.38,3.71302791209,
"CoRoT-19 b",13.33871000,1630.00,3.89713000000,
"Kepler-37 c",0.71000000,562.00,21.30199109000,
"HATS-46 b",10.12172700,1054.00,4.74237290000,
"TOI-1823 b",8.20695000,486.00,38.81354980000,
"TOI-912 b",2.25248677,495.23,4.67805901868,
"TOI-1386 b",6.05284958,676.40,25.83839000000,"G5V"
"Kepler-292 f",3.00000000,602.00,20.83428000000,
"Kepler-1343 b",2.11000000,1298.00,3.35183158000,
"Kepler-1831 b",2.32000000,1051.00,5.78388573000,
"Kepler-203 d",1.18000000,793.00,11.32984000000,
"Kepler-80 b",2.10000000,546.00,7.05347776000,"M0 V"
"Kepler-1948 b",0.70000000,391.00,15.57131611000,
"Kepler-203 d",1.27000000,806.00,11.32975018000,
"Kepler-42 d",0.69000000,456.00,1.86511477000,
"Kepler-1990 c",0.98000000,1170.00,4.06844957000,
"Kepler-804 c",0.88000000,813.00,9.65190000000,
"WASP-194 b",13.83620000,1269.00,3.18339190000,
"Kepler-40 b",14.61618085,1507.33,6.87337680743,
"Kepler-856 b",8.43000000,824.00,8.02768112300,
"TOI-406.01",1.96023729,325.27,13.17572943453,
"Kepler-1756 b",1.34000000,1083.00,2.35574643400,
"Kepler-1683 b",1.92000000,723.00,15.03366571000,
"HAT-P-64 b",18.16140000,1664.00,4.00723200000,
"TOI-672 b",5.16148540,613.48,3.63358341723,
"Kepler-44 b",13.45080000,1568.00,3.24672200000,
"K2-199 b",1.74000000,842.00,3.22528600000,
"TOI-5350 b",11.58630000,1180.00,7.58110050000,
"LP 890-9 c",1.36700000,272.00,8.45746300000,"M6 V"
"Kepler-875 b",2.58000000,569.00,27.50711140000,
"Kepler-1947 b",1.44000000,1297.00,6.96355103000,
"Kepler-99 b",1.88000000,822.00,4.60357804200,
"Kepler-1568 b",1.26000000,729.00,20.92540830000,
"Kepler-365 b",1.83000000,868.00,10.66487537000,
"Kepler-1802 c",1.48000000,351.00,33.13733000000,
"Kepler-967 c",3.56000000,258.00,198.71062510000,
"Kepler-291 c",1.93000000,1034.00,5.70071153000,
"TOI-5688 A b",10.30000000,742.00,2.94815527000,
"Kepler-548 b",11.10000000,984.00,4.45419130000,
"TOI-2093 c",2.22490963,337.46,53.81087130391,
"TOI-1438 c",2.75000000,794.00,9.42808900000,"K0 V"
"Kepler-18 c",4.91000000,899.00,7.64156758900,
"CoRoT-19 b",13.49322275,1470.09,3.89712026062,
"TOI-1899 b",12.18265167,323.88,29.09022714766,
"TOI-1759 b",3.09094000,435.00,18.85004380000,
"HAT-P-64 b",19.08889413,1766.00,4.00723200000,
"K2-97 b",10.12480000,910.00,8.40715910000,
"TOI-1201 b",2.21875851,639.98,2.49197708495,
"WASP-105 b",10.76064000,900.00,7.87288000000,"K2"
"TOI-500 b",1.16000000,1693.00,0.54815790000,
"Kepler-169 b",1.30000000,1096.00,3.25058053000,
"HATS-66 b",13.07086402,1762.20,3.14138245313,
"TOI-2274 b",2.45000000,771.46,2.67963000000,"M"
"TOI-2274 b",1.83347689,771.46,2.67961636447,
"K2-25 b",3.44000000,494.00,3.48456408000,"M4.5 V"
"TOI-5300 b",9.86390302,1043.00,2.26219600000,"K4 V"
"Kepler-289 e",2.94000000,286.00,330.07155800000,
"TOI-5210 b",10.72699453,1286.00,4.56610610000,
"K2-180 b",2.31000000,731.00,8.86720900000,
"TOI-2842 b",11.87310000,1198.00,3.55140160000,
"Kepler-45 b",11.11000000,727.00,2.45523906000,"M1 V"
"TOI-1279 b",2.66146528,759.00,9.61419000000,
"TOI-128.01",2.32160000,1178.00,4.94047140000,
"Kepler-1817 b",2.30000000,448.00,44.29229000000,
"Kepler-274 b",1.80000000,842.00,11.63486400000,
"LP 791-18 c",2.43800000,324.40,4.98990930000,"M(6.1 +/- 0.7) V"
"TOI-5322 b",16.73050000,1354.00,5.42334280000,
"TRAPPIST-1 h",0.75500000,168.00,20.00000000000,
"Kepler-1689 b",0.89000000,914.00,8.48294900000,
"TOI-5592 b",17.14974047,1789.00,2.60858460000,
"TOI-5716 b",0.96000000,400.00,6.76630000000,
"HATS-54 b",11.96000300,1625.00,2.54418280000,
"K2-127 b",8.37000000,809.00,3.58816300000,
"HD 63935 c",2.90000000,684.00,21.40230000000,
"WASP-190 b",14.26070000,1456.00,5.36777000000,
"TOI-2145 b",11.98240037,1484.00,10.26075000000,
"K2-105 b",3.40000000,805.00,8.26726000000,
"TOI-1758 b",3.55736840,551.44,20.70512700000,
"Kepler-102 e",3.56346695,536.17,16.14558981718,
"TOI-216.01",11.29000000,497.00,34.55600000000,
"WASP-174 b",14.57170000,1490.00,4.23370000000,"F6 V"
"GJ 9827 c",1.13000000,715.94,3.64810300000,"K7 V"
"Qatar-3 b",14.71764298,1839.33,2.50791765457,
"TOI-2107 b",14.18300000,1322.00,2.45457000000,
"HATS-32 b",14.00004100,1437.00,2.81265480000,
"WASP-168 b",12.75950000,1138.00,4.15366240000,
"TOI-2180 b",11.32107051,348.00,260.79000000000,"G5"
"LHS 1815 b",1.11471629,577.97,3.81430089730,
"CoRoT-5 b",14.07850400,1397.00,4.03791560000,
"Kepler-785 b",8.78000000,753.00,1.97376085000,
"Kepler-238 e",7.89000000,731.00,23.65369415000,
"CoRoT-12 b",17.76037065,1293.28,2.82803914989,
"Kepler-15 b",10.62000000,1008.00,4.94278341900,
"TOI-2193 A b",19.83989584,1763.00,2.12257350000,
"Kepler-134 b",2.58000000,1306.00,5.31743541600,
"K2-284 b",3.39850000,919.00,4.79486420000,
"TOI-2768 b",3.01287000,855.00,1.50801970000,
"Kepler-318 c",4.59000000,973.00,11.81500130000,
"LP 791-18 b",1.19263921,542.83,0.94799454358,
"TOI-421 c",5.09000000,635.00,16.06754100000,"G9 V"
"TOI-1694 b",5.45850000,1136.57,3.77017900000,
"TOI-7149 b",11.26060000,555.00,2.65206790000,
"TOI-3071 b",7.16000000,2155.00,1.26693800000,
"Kepler-450 b",5.93000000,767.00,28.45492088000,
"Kepler-134 c",1.28000000,892.00,10.10575764000,
"HD 42813 b",3.42633318,703.39,13.63082800000,
"TOI-2266 b",1.97631873,502.93,2.32634296639,
"TOI-3023 b",16.43236571,1596.00,3.90149710000,
"K2-291 b",1.50436000,1203.00,2.22516390000,
"GJ 486 b",1.32413940,639.36,1.46711903473,
"TOI-3464 b",13.76462830,1693.00,3.65155680000,
"TOI-1753 b",2.61706334,1001.76,5.38462389661,
"Kepler-25 c",6.51000000,1033.00,12.72036500000,
"TOI-6324 b",1.05678000,1143.00,0.27922110000,
"HD 207496 b",2.56374000,853.00,6.44100600000,
"HD 183579 b",3.49000000,752.00,17.47129100000,
"WASP-98 b",12.33000000,1180.00,2.96264000000,"G7"
"L 98-59 c",1.38500000,553.00,3.69067770000,"M3 V"
"GJ 806 b",1.33100000,940.00,0.92632370000,"M1.5 V"
"TOI-640 b",19.77880000,1622.00,5.00377580000,
"HIP 116454 b",2.59387000,644.00,9.10041200000,
"WASP-45 b",11.11932800,1170.00,3.12609600000,"K2 V"
"TOI-1853 b",3.89334000,1272.00,1.24362390000,
"WASP-156 b",5.71659000,970.00,3.83616900000,"K3"
"Kepler-37 d",1.88000000,456.00,39.79223792000,
"TOI-1437 b",2.43471042,794.23,18.84078000000,
"K2-19 b",7.11000000,913.00,7.91943000000,
"GJ 9827 b",1.62000000,1172.00,1.20898020000,"K5 V"
"TOI-4329 b",20.88421891,2027.12,2.92246609239,
"GJ 3090 b",2.02068000,610.00,2.85310160000,
"HATS-56 b",18.92079200,1902.00,4.32479900000,
"HD 86226 c",2.16000000,1311.00,3.98442000000,"G1 V"
"TOI-561 c",2.92706747,738.68,10.77884900000,
"WASP-177 b",17.71022000,1142.00,3.07172200000,"K2"
"GJ 9827 b",1.75000000,1043.50,1.20895700000,"K6 V"
"Kepler-10 c",2.35500000,579.00,45.29430100000,
"TOI-1181 b",16.70870000,3037.00,2.10316470000,
"Kepler-77 b",10.43000000,1144.00,3.57878055100,
"TOI-270 d",2.00000000,383.00,11.38194000000,
"TOI-2842 b",12.84549188,1471.00,3.55140580000,
"TOI-5340 b",15.07607904,1566.00,4.93943920000,
"TOI-540 b",0.90300000,611.00,1.23914910000,"M V"
"WASP-188 b",12.66770000,1475.00,5.74886880000,
"Kepler-37 b",0.31000000,629.00,13.36744000000,
"WASP-163 b",13.47321800,1638.00,1.60968840000,
"TOI-125 b",2.66889000,1343.00,4.65171860000,
"Kepler-210 c",3.79276610,607.65,7.97266437122,
"K2-232 b",11.20900000,1030.00,11.16845400000,
"WASP-173 A b",13.45080000,1880.00,1.38665318000,"G3"
"TOI-5218 b",9.86000000,783.00,4.29145200000,
"Kepler-1517 b",20.24000000,2335.00,5.54608366500,
"WASP-176 b",16.86954500,1721.00,3.89905200000,"F9"
"TOI-1221 b",3.23985502,399.08,91.68278322762,
"HATS-57 b",12.76705100,1413.40,2.35062100000,
"K2-34 b",13.96000000,1559.00,2.99563300000,
"TOI-2088 b",3.51309350,292.66,124.72987003126,
"Kepler-10 c",2.19000000,505.00,45.29406000000,
"TOI-244 b",1.27111313,409.94,7.39721598356,
"TOI-1994 b",11.51590000,1841.00,4.03372010000,
"TOI-2109 b",15.09849700,3646.00,0.67247414000,"F"
"Kepler-493 b",10.96000000,1438.00,3.00387954700,
"TOI-421 b",2.68000000,981.40,5.19672000000,"G9 V"
"TOI-1749 c",1.99802983,625.40,4.48913668478,
"KELT-21 b",19.36620000,2344.00,3.61277100000,
"HD 15337 c",2.19540344,592.77,17.18072135901,
"HD 109833 c",2.61368482,756.70,13.90283906518,
"TOI-1453 b",1.17300000,944.20,4.31352250000,
"TOI-1798.01",2.33810581,737.09,8.02147348949,
"Kepler-43 b",12.10000000,1475.00,3.02409254800,
"WASP-158 b",11.99363000,1590.00,3.65633300000,"F6 V"
"GPX-1 b",15.38981949,2383.76,1.74428305047,
"TOI-544 b",2.01800000,999.00,1.54835200000,
"TRAPPIST-1 d",0.80400000,286.00,4.04921900000,"M8.0 V"
"Kepler-639 b",2.17000000,929.00,10.21420496000,
"HIP 9618 c",3.28372000,542.00,52.56370562152,
"TOI-904 c",2.34083410,219.12,83.99939906877,
"Kepler-426 b",11.68000000,1200.00,3.21751859300,
"TOI-178 e",2.28073266,551.23,9.96163468923,
"TOI-2076 c",3.69441587,543.16,21.01532700000,
"K2-8 c",2.41000000,801.00,5.06416000000,"K3 V"
"pi Men c",2.06000000,1147.00,6.26834000000,
"Kepler-134 c",1.63000000,1054.00,10.10575303000,
"K2-180 b",4.28539694,691.34,8.86528860869,
"K2-275 b",2.24000000,905.00,3.28096100000,
"HATS-22 b",12.08980050,828.40,4.72281595736,
"TOI-5218 b",9.38757809,675.41,4.29148786096,
"KELT-23 A b",14.82950700,1561.00,2.25525100000,"G2 V"
"TOI-776 c",2.09999423,383.27,15.66533218852,
"Kepler-1638 b",6.04000000,449.00,259.34304000000,
"Kepler-249 d",1.11000000,332.00,15.36845737000,
"KOI-12 b",14.59767531,938.34,17.85523216364,
"Kepler-282 b",1.04000000,868.00,9.22068890000,
"Kepler-26 e",2.11000000,273.00,46.82771400000,
"Kepler-267 d",2.01000000,303.00,28.46462622000,
"HIP 67522 b",10.07000000,1174.00,6.95950300000,
"TOI-216.01",10.46251622,448.72,34.50593183130,
"K2-18 b",2.24000000,272.00,32.94488000000,
"Kepler-1305 b",1.75000000,733.00,13.56311570000,
"HATS-62 b",11.81430948,1134.31,3.27711178761,
"K2-3 b",1.98000000,504.00,10.05448000000,
"WASP-144 b",9.52765000,1260.00,2.27831520000,"K2 V"
"TOI-674 b",5.27060027,644.29,1.97716584193,
"HAT-P-63 b",13.62393371,1118.89,3.37774192505,
"WASP-159 b",12.34340000,1761.00,3.84043190000,
"Kepler-19 b",2.13000000,764.00,9.28696882500,
"Kepler-785 b",14.27839740,1029.98,1.97377193553,
"Kepler-549 c",2.99000000,336.00,117.04049800000,
"Kepler-83 c",1.94000000,362.00,20.08922958000,"M0 V"
"Kepler-11 g",3.40000000,376.00,118.37867350000,
"Kepler-1127 b",1.58000000,907.00,5.12330347000,
"Kepler-1207 b",1.53000000,802.00,13.68237119000,
"TOI-2641 b",9.73548966,1275.81,4.88096396158,
"K2-133 e",1.73000000,296.00,26.58410000000,"M1.5 V"
"TOI-2109 b",15.72880000,3053.00,0.67249000000,
"TOI-540 b",0.96547064,550.23,1.23915336351,
"TOI-1231 b",3.65000000,329.60,24.24558600000,"M3 V"
"TOI-333 b",4.78648335,1288.04,3.78523282768,
"Kepler-485 b",13.63000000,1299.00,3.24325979600,
"Kepler-107 e",3.07000000,875.00,14.74913518000,
"TOI-1736 b",3.18175535,1099.79,7.07307600000,
"KOI-12 b",13.40000000,912.00,17.85514900000,
"Kepler-40 b",13.11000000,1620.00,6.87349000000,"F5 IV"
"TRAPPIST-1 b",1.20389172,802.86,1.51094471179,
"TOI-1410.01",2.94363800,1396.13,1.21683500000,
"LHS 1140 b",1.43000000,230.00,24.73712000000,"M4.5 V"
"HR 858 d",2.00100000,1061.00,11.23051100000,
"Kepler-190 c",1.46000000,964.00,3.76304236100,
"Kepler-323 c",1.93000000,1493.00,3.55382967100,
"Kepler-1834 b",1.32000000,848.00,4.60300256000,
"Kepler-1129 b",3.50000000,667.00,24.34003000000,
"Kepler-178 d",3.43000000,408.00,96.67819260000,
"Kepler-99 b",1.88000000,822.00,4.60357804200,
"KOI-2513.01",28.47000000,758.00,19.00540980000,
"Kepler-106 e",2.58000000,538.00,43.84444353000,
"TOI-757 b",2.17884000,618.00,17.46822980000,
"WASP-161 b",13.42370000,1507.00,5.40535830000,
"K2-136 c",2.91000000,425.00,17.30713700000,"K5.5"
"K2-32 c",3.13400000,634.00,20.66093000000,
"TOI-257 b",7.16253867,1027.00,18.38818000000,
"Kepler-288 d",3.62000000,508.00,56.63887910000,
"K2-98 b",5.20000000,1092.00,10.13644800000,
"HAT-P-14 b",12.89000000,1570.00,4.62766900000,"F"
"TOI-1347 c",1.60000000,1000.00,4.84196200000,
"Kepler-396 c",6.07000000,417.00,88.51125630000,
"Kepler-1302 b",1.48000000,778.00,8.83922659000,
"K2-334 b",5.65000000,1380.00,5.11398100000,
"TOI-1203 d",2.91800000,743.60,25.50267200000,"G3 V"
"L 98-59 c",1.32900000,526.00,3.69067640000,"M3 V"
"HAT-P-52 b",11.30988100,1218.00,2.75359530000,
"Kepler-45 b",12.99286305,756.75,2.45523883412,
"TOI-1467 b",1.83300000,558.89,5.97114300000,
"TOI-1753 b",2.47852533,1005.43,5.38461040000,
"TOI-1685 b",1.92004070,964.70,0.66914491422,
"Kepler-18 b",2.11000000,1165.00,3.50468755400,
"TOI-1680 b",1.42024592,370.46,4.80265608125,
"TOI-1811 b",11.72150000,762.00,3.71307010000,
"Kepler-65 d",1.76000000,1109.00,8.13122484000,
"Kepler-1281 b",1.50000000,1086.00,3.11608200000,
"Kepler-27 c",7.34000000,518.00,31.33055400000,
"TOI-836 c",2.58700000,665.00,8.59545000000,"K V"
"LHS 1815 b",1.08800000,617.00,3.81433000000,"M1"
"TOI-1739 b",1.95844000,685.00,8.30334930000,
"HATS-7 b",5.42203496,972.76,3.18531859906,
"LP 791-18 c",2.31000000,370.00,4.98996300000,"M(6.1+/-0.7) V"
"HAT-P-11 b",4.44997300,838.00,4.88781501000,
"TOI-286 b",1.40246000,850.00,4.51172210000,
"WASP-114 b",15.00885100,2043.00,1.54877430000,"G0"
"TOI-1136 c",2.76948277,965.39,6.25690000000,
"HD 93963 A b",1.46954368,1842.23,1.03761090000,
"GJ 143 b",2.61000000,422.00,35.61253000000,"K4.5"
"Kepler-396 b",3.49000000,531.00,42.99255302000,
"Kepler-858 b",5.41000000,425.00,76.13602028000,
"HAT-P-36 b",15.47090000,1697.00,1.32734820000,
"WASP-166 b",7.30242000,1248.00,5.44353540000,
"HD 213885 b",1.72020000,1835.00,1.00823610000,
"LHS 1478 b",1.24200000,595.00,1.94953780000,"m3 V"
"Kepler-953 b",4.55000000,410.00,88.40678718000,
"TOI-1075 b",1.72000000,1336.00,0.60473280000,
"TOI-3894 b",14.35720000,1347.00,4.33453780000,
"Kepler-718 b",22.51056206,1539.42,2.05234165653,
"Kepler-1040 b",2.28000000,300.00,201.11831900000,
"TOI-2583 A b",14.45958510,1456.00,4.52072650000,
"Kepler-447 b",6.06000000,862.00,7.79430131600,
"Kepler-10 c",2.28000000,521.00,45.29431717000,
"LP 791-18 c",2.98584360,312.06,4.98991757887,
"Kepler-1514 b",22.02000000,497.00,217.83176260000,
"TOI-2524 b",13.16120000,1061.00,7.18580291998,
"Kepler-210 b",2.56000000,839.00,2.45323390000,
"TOI-1130 b",3.66000000,825.00,4.07455400000,
"TOI-6054.02",2.79817968,1028.01,12.57599476320,
"TOI-4860 b",8.70000000,694.00,1.52275910000,"M3.5 V"
"Kepler-423 b",13.36100000,1605.00,2.68432850000,"G4 V"
"HD 219134 c",1.39215000,789.00,6.76503980000,
"TOI-4994 b",9.09747000,608.00,21.49214640000,
"Kepler-953 b",4.27000000,397.00,88.40655258000,
"HD 73583 b",2.49000000,655.00,6.39805000000,"K4 V"
"Kepler-328 c",5.18000000,473.00,71.31165830000,
"Kepler-121 b",2.47000000,1008.00,3.17741441800,
"Kepler-305 c",3.34000000,745.00,8.29087418000,
"TOI-1298 b",9.42675277,1388.00,4.53716400000,
"TOI-815 b",2.94000000,686.00,11.19725900000,"K3 V"
"KELT-24 b",12.71098411,1391.00,5.55149296000,
"KELT-19 A b",18.79580000,1722.00,4.61173280000,
"TOI-519 b",11.87031056,754.00,1.26523248000,
"Kepler-718 b",13.12000000,1497.00,2.05234988400,
"Kepler-77 b",10.76100000,1440.00,3.57878087000,"G5 V"
"HD 95338 b",4.36639000,562.00,55.08700000000,
"HD 219666 b",4.24000000,838.00,6.04345000000,"G5 V"
"Kepler-140 c",1.54000000,435.00,91.35158670000,
"Kepler-56 c",7.86000000,944.00,21.40505000000,
"Kepler-322 b",0.96000000,1403.00,1.65389346500,
"Kepler-121 c",2.69000000,430.00,41.00811830000,
"Kepler-1760 b",2.43000000,480.00,38.32622370000,
"Kepler-206 d",1.30000000,740.00,23.44194000000,
"Kepler-575 b",2.31000000,834.00,9.37901200000,
"Kepler-1790 b",2.02000000,606.00,31.58889520000,
"Kepler-1338 b",0.92000000,2021.00,0.93511805700,
"TOI-2382 b",12.77097465,1366.46,4.66120249661,
"TOI-1296 b",13.79825524,1562.00,3.94437150000,
"Kepler-974 b",1.44000000,534.00,4.19449651400,
"Kepler-215 c",1.53000000,768.00,14.66719270000,
"TOI-5108 b",6.28796000,927.00,6.75357280000,
"WASP-60 b",9.64000000,1320.00,4.30500110000,"G1 V"
"HATS-3 b",14.58184100,1504.86,3.54785400000,
"K2-253 b",12.67000000,1238.00,4.00167000000,
"WASP-187 b",18.04110000,1760.00,5.14790500000,
"Kepler-495 c",1.28000000,1000.00,5.89661966000,
"HATS-12 b",7.76000000,1446.00,3.14270200000,
"Kepler-495 b",4.80000000,1011.00,3.41303510000,
"Kepler-718 b",13.38000000,1495.00,2.05234990500,
"Kepler-447 b",6.20000000,880.00,7.79429950000,
"TOI-776 b",1.79800000,520.00,8.24662000000,
"HATS-60 b",12.92397700,1528.00,3.56082900000,
"HATS-65 b",16.82470900,1634.00,3.10516100000,
"TOI-7166 b",2.10045494,264.58,12.92281113051,
"TOI-5108 b",6.60000000,1180.00,6.75358100000,
"Kepler-487 d",2.30000000,1277.00,2.41839850000,
"TOI-451 d",3.92483216,634.22,16.36487303732,
"HD 191939 d",3.16000000,499.00,38.35610000000,"G8 V"
"Kepler-908 b",1.07000000,1692.00,1.34059746800,
"HD 219666 b",4.44029000,788.00,6.03446670000,
"Qatar-3 b",12.28506400,1681.00,2.50792040000,"G0 V"
"TOI-3856 b",13.36050000,1179.00,2.04360290000,
"Kepler-758 c",1.70000000,1372.00,4.75796103000,
"Kepler-657 b",3.17000000,616.00,24.54350418000,
"Kepler-1645 b",1.89000000,754.00,16.17795610000,
"Kepler-304 d",3.25000000,709.00,9.65347640000,
"Kepler-844 b",1.51000000,704.00,2.61302085600,
"Kepler-1530 d",4.90000000,972.00,9.20779890000,
"Kepler-431 c",0.92000000,1231.00,8.70337044000,
"TOI-1453 c",2.22400000,819.80,6.58869820000,
"Kepler-4 b",4.12491200,1620.00,3.21365800000,
"Kepler-347 b",2.88000000,908.00,12.79831740000,
"Kepler-396 c",5.30000000,413.00,88.51658000000,
"TOI-286 b",1.42000000,979.00,4.51172440000,"K3 V"
"TOI-1450 A b",1.09248076,660.39,2.04392678077,
"HD 63433 d",1.07300000,1040.00,4.20907500000,"G5 V"
"TOI-2141 b",3.14700000,728.00,18.26160800000,
"Kepler-685 b",9.73000000,1579.00,1.62552217400,
"TOI-1758 b",3.39245000,531.00,20.70514990000,
"Kepler-292 d",2.57000000,879.00,7.05566710000,
"HAT-P-26 b",6.33300000,1001.00,4.23451600000,"K1"
"TOI-880.02",2.19000000,1085.00,2.57571000000,"K"
"HATS-14 b",12.28673887,1209.57,2.76676000983,
"HD 28109 b",2.19900000,881.20,22.89104000000,"F8/G0 V"
"Kepler-102 e",2.52000000,549.00,16.14569077200,
"HATS-45 b",13.90023688,1361.20,4.18761538150,
"XO-6 b",17.81820000,1367.00,3.76499490000,
"KOI-94 d",9.77000000,767.00,22.34296958500,
"WASP-90 b",16.70837291,1638.77,3.91568480467,
"TOI-5803 b",3.27320000,678.87,5.38305000000,
"TOI-4791 b",12.44196858,1472.00,4.28088000000,
"HD 15337 b",1.72541702,909.53,4.75597367929,
"Kepler-411 c",4.42100000,838.00,7.83443500000,"K2 V"
"CoRoT-5 b",15.55800000,1438.00,4.03789620000,"F9 V"
"TOI-3877 b",11.67975789,1445.00,4.12359600000,
"Kepler-144 c",1.59000000,1046.00,10.10463142000,
"TOI-1224 c",3.38391242,303.12,17.94536449202,
"TOI-6324 b",1.05900000,1216.00,0.27922100000,
"GJ 9827 b",1.58000000,1114.00,1.20896600000,"K6 V"
"TOI-858 B b",14.06727078,1529.00,3.27971780000,"G0"
"LP 714-47 b",4.70000000,700.00,4.05203700000,"M0.0 V"
"CoRoT-10 b",10.87000000,600.00,13.24060000000,"K1 V"
"NGTS-24 b",11.64010000,1239.00,3.46714740000,
"K2-182 b",2.76000000,885.00,4.73683700000,
"TOI-3486 b",10.47590000,946.00,2.21778200000,
"TOI-5181 A b",13.03180000,1236.00,3.89224070000,
"HATS-69 b",10.59250500,1295.70,2.22525770000,
"TOI-481 b",11.09691000,1370.00,10.33111000000,"G"
"WASP-169 b",14.61653600,1604.00,5.61141180000,"F8"
"TOI-4600 b",6.82369247,344.17,82.69014390768,
"DS Tuc A b",5.70000000,850.00,8.13826800000,"G6 V"
"L 98-59 b",0.83700000,620.00,2.25311400000,"M3 V"
"K2-3 d",1.51000000,282.00,44.55983000000,"M0 V"
"Kepler-10 b",2.00462345,1987.08,0.83749967651,
"HD 191939 d",3.04000000,549.00,38.35250000000,"G9 V"
"Kepler-1314 b",5.15000000,625.00,5.42474932700,
"Kepler-96 b",2.27000000,682.00,16.23846776700,
"NGTS-14 A b",4.58576000,1036.00,3.53571300000,
"TOI-2989 b",12.55405838,1001.00,3.12283200000,"K4 V"
"HATS-36 b",13.70940899,1185.55,4.17471430219,
"TOI-1751 b",2.95078450,651.64,37.46852000000,
"TOI-5344 b",10.60369574,689.00,3.79262200000,
"Kepler-468 b",12.56093758,214.07,38.47876130991,
"TOI-778 b",15.40000000,1561.00,4.63361100000,"F3 V"
"Kepler-25 b",2.53000000,1185.00,6.23853544400,
"TOI-1269 b",2.40144286,1004.90,4.25299130000,
"TOI-3785 b",5.14000000,582.00,4.67473730000,"M2 V"
"K2-113 b",11.64590000,1136.00,5.81764520000,
"Kepler-1350 b",2.90000000,649.00,4.49685000000,
"Kepler-1065 b",3.47000000,1092.00,3.60930890700,
"Kepler-546 b",7.31000000,1258.00,4.14702118900,
"Kepler-1010 b",2.40000000,490.00,34.26749000000,
"Kepler-192 b",2.76000000,803.00,9.92672150000,
"Kepler-256 e",2.30000000,897.00,10.68169510000,
"Kepler-1724 b",2.70000000,1010.00,6.45451800000,
"Kepler-707 b",1.35000000,1129.00,2.23749275100,
"Kepler-160 b",1.78000000,1078.00,4.30920108000,
"Kepler-32 b",2.09000000,513.00,5.90128281900,
"Kepler-1824 b",2.21000000,436.00,95.60910000000,
"Kepler-1324 b",1.71000000,895.00,4.11584467900,
"Kepler-600 b",2.81000000,527.00,23.67517607000,
"Kepler-672 b",2.70000000,541.00,38.37746230000,
"TOI-5786 b",6.85813000,1225.00,12.77919640000,
"HATS-32 b",12.06580062,1269.89,2.81264847067,
"Kepler-424 b",9.13000000,1158.00,3.31186449900,
"HATS-29 b",14.02245900,1212.00,4.60587490000,"G"
"TOI-2048 b",2.60168000,646.00,13.79053150000,
"WASP-45 b",10.60371400,1153.00,3.12608900000,
"HD 15906 c",2.93000000,532.00,21.58329800000,"K V"
"TOI-1064 c",2.65100000,634.00,12.22657400000,
"Kepler-1779 b",2.50000000,646.00,16.34356447000,
"Kepler-26 c",2.82000000,381.00,17.25120011000,
"Kepler-446 b",1.73000000,648.00,1.56541261300,
"WASP-172 b",17.59813000,1740.00,5.47743300000,"F1 V"
"TOI-6086 b",1.18000000,634.00,1.38887250000,"M3.0"
"Kepler-233 c",2.72000000,390.00,60.41861370000,
"TOI-3757 b",12.00000000,759.00,3.43875300000,"M0 V"
"TOI-663 b",2.27000000,674.00,2.59890200000,"M1 V"
"HD 191939 b",3.39512346,818.69,8.88032320000,
"WASP-160 B b",12.21781000,1119.00,3.76849520000,"K0 V"
"HR 858 c",2.39177347,1198.74,5.97391244881,
"TOI-1669 c",2.29639770,1285.16,2.68005350000,
"TOI-139 b",2.45660000,561.17,11.07085000000,
"TOI-5205 b",11.11250000,653.00,1.63065230000,
"Kepler-27 b",4.94000000,630.00,15.33525912000,
"Kepler-1316 b",2.70000000,384.00,87.97321360000,
"TOI-561 b",1.42500000,2310.00,0.44656880000,"G9 V"
"Kepler-731 b",13.75000000,1211.00,3.85560355100,
"TOI-712 d",2.03857000,292.00,84.83869000000,
"HAT-P-27 b",10.91473171,1091.99,3.03908506593,
"HR 858 b",2.00400000,1552.00,3.58528700000,
"TOI-2587 A b",10.94080000,1230.00,5.45665630000,
"K2-117 c",2.06000000,537.00,5.44401700000,
"Kepler-1767 b",2.90000000,378.00,59.65943000000,
"XO-5 b",12.78000000,1230.00,4.18775580000,
"K2-19 c",4.86000000,745.00,11.90715000000,"G9 V"
"Kepler-670 b",12.82000000,1253.00,2.81650485200,
"HD 158259 b",1.28228000,1462.00,2.17794070000,
"Kepler-528 b",1.82000000,675.00,19.78297415000,
"Kepler-423 b",12.73000000,1265.00,2.68432854100,
"TOI-2000 b",2.47118000,1185.00,3.09836700000,
"WASP-61 b",14.52229131,1455.98,3.85588998097,
"TOI-4127 b",12.54470000,272.00,56.40437480000,
"G 9-40 b",2.06081000,393.00,5.74599450000,
"HD 17156 b",13.14310000,581.00,21.21646400000,
"TOI-1437 b",2.00342000,868.00,18.84089100000,
"HATS-54 b",10.55770000,1301.00,2.54415370000,
"K2-98 b",5.44119000,1563.00,10.13672830000,
"TOI-757 b",2.50000000,641.00,17.46819000000,"K0 V"
"Kepler-1598 b",0.96000000,1237.00,4.34195123000,
"Kepler-107 e",3.07000000,875.00,14.74913518000,
"Kepler-908 b",1.16000000,1783.00,1.34059678200,
"Kepler-1742 b",1.95000000,462.00,49.47816490000,
"Kepler-1503 b",2.14000000,324.00,96.16987000000,
"Kepler-569 b",3.06000000,544.00,34.18890521000,
"Kepler-92 d",1.99000000,639.00,49.35688490000,
"Kepler-398 d",0.85000000,643.00,6.83437001000,
"Kepler-905 b",1.47000000,960.00,5.08274651700,
"Kepler-8 b",14.83000000,1521.00,3.52249857300,
"TOI-512 b",1.54000000,1009.00,7.18886000000,
"HAT-P-54 b",10.58129600,818.00,3.79984700000,
"MASCARA-4 b",17.14977000,2100.00,2.82406000000,"A7 V"
"TOI-3568 b",6.40203170,861.45,4.41780423888,
"Kepler-37 d",1.88000000,456.00,39.79223792000,
"TOI-1249 b",3.27103010,726.89,13.07915100000,
"Kepler-61 b",2.04000000,258.00,59.87910080000,"M0 V"
"Kepler-381 d",1.31000000,1408.00,8.25630250000,
"Kepler-346 b",2.71000000,1008.00,6.51111985000,
"K2-274 b",2.08000000,655.00,14.13303140000,
"Kepler-784 b",1.78000000,688.00,31.59258090000,
"Kepler-1869 c",1.90000000,2095.00,1.71683330000,
"Kepler-1235 b",0.68000000,986.00,4.16055856000,
"Kepler-1726 b",2.47000000,582.00,18.39629744000,
"Kepler-81 b",2.54000000,646.00,5.95489300000,
"Kepler-22 b",2.17000000,267.00,289.86445600000,
"K2-18 b",2.61000000,254.90,32.94004500000,
"Kepler-357 c",2.50000000,584.00,16.85827722000,
"TOI-4010 b",3.19498757,1358.86,1.34830750212,
"Kepler-8 b",15.87194400,1680.00,3.52249910000,
"TOI-431 d",3.29000000,633.00,12.46103000000,
"HD 118203 b",12.73340208,1494.00,6.13498500000,
"Kepler-75 b",9.40000000,721.00,8.88491760000,
"KOI-94 c",3.66000000,989.00,10.42367776500,
"TOI-2095 c",1.33000000,297.00,28.17232000000,"M2.5 V"
"TOI-1064 b",2.58700000,784.00,6.44386800000,
"Kepler-148 c",3.55000000,962.00,4.18004955200,
"TOI-1431 b",15.93270000,1720.00,2.65023200000,
"TrES-5 b",14.06410000,1278.00,1.48224510000,
"TOI-3807 b",18.49481816,1646.00,2.89897270000,
"TOI-329 b",5.02478678,1249.94,5.70428581412,
"Kepler-471 b",9.00000000,1225.00,5.01423250000,
"WASP-84 b",12.07560000,676.00,8.52349580000,
"HATS-24 b",15.63655500,2166.00,1.34849780000,
"Kepler-45 b",11.19779100,787.00,2.45524122000,
"HAT-P-11 b",4.84000000,801.00,4.88780270600,
"TOI-1296 b",14.57271960,1461.62,3.94436676121,
"HAT-P-58 b",14.93036229,1622.00,4.01383790000,
"TOI-622 b",9.23620010,1388.00,6.40251300000,"F6 V"
"TOI-2134 b",2.69000000,666.00,9.22920050000,"K5 V"
"HATS-6 b",11.50390062,668.97,3.32527029011,
"TOI-3919 b",12.31866979,1198.00,7.43323400000,
"HD 219134 f",1.31000000,522.60,22.71700000000,
"Kepler-74 b",16.73170440,1124.63,7.34056751478,
"Kepler-314 c",2.65000000,928.00,5.96040000000,
"Kepler-490 b",11.00000000,1391.00,3.26869482000,
"CoRoT-4 b",13.00244000,1058.00,9.20205000000,
"HD 207897 b",2.50100000,632.20,16.20215900000,"K0 V"
"K2-100 b",3.57000000,1720.00,1.67389000000,
"Kepler-25 b",2.64000000,1193.00,6.23853477100,
"K2-3 b",2.25000000,513.00,10.05462600000,
"TOI-431 b",1.28000000,1862.00,0.49004700000,
"WASP-98 b",12.65489004,1033.75,2.96264019750,
"GJ 486 b",1.34300000,706.00,1.46712050000,"M3.5 V"
"TOI-2322 b",1.02968000,581.00,11.30717860000,
"K2-115 b",10.43860000,592.00,20.27302820000,
"TOI-2537 b",11.25381662,338.00,94.10220000000,
"TOI-1346 c",2.70497972,811.85,5.50255772451,
"TOI-3714 b",11.32107051,781.00,2.15484900000,
"WASP-73 b",13.00200000,1790.00,4.08722000000,"F9"
"GJ 367 b",0.71800000,1745.00,0.32196200000,"M1.0 V"
"WASP-45 b",10.92571149,1085.53,3.12607775197,
"Kepler-1990 b",3.69000000,1571.00,1.73513650000,
"Kepler-1765 b",3.17000000,855.00,10.41889150000,
"Kepler-281 b",2.33000000,694.00,14.64627064000,
"Kepler-149 b",4.15000000,540.00,29.19899219000,
"TOI-2485 b",12.19600000,1121.00,11.23479820000,
"Kepler-1488 b",1.59000000,594.00,39.81899320000,
"Kepler-76 b",12.35000000,1919.00,1.54492977000,
"KELT-12 b",19.95202000,1800.00,5.03162300000,
"TOI-3688 A b",13.08088048,1534.00,3.24607500000,
"K2-174 b",3.28708684,464.01,19.56204579364,
"TOI-1670 c",10.12710000,544.00,40.75010280000,
"TOI-2580 b",18.38340000,1870.00,3.39786200000,
"TOI-2076 c",3.38000000,734.00,,"K"
"Kepler-68 c",0.92000000,946.00,9.60503867000,
"Kepler-102 d",1.40000000,638.00,10.31173752000,
"HATS-74 A b",11.56766808,895.10,1.73185606000,
"Kepler-1514 b",11.17000000,343.00,217.83184293000,
"TOI-1648 b",2.54000000,799.00,7.33160200000,
"K2-216 b",1.66000000,967.00,2.17478900000,
"TOI-824 b",2.95390567,1148.71,1.39297212731,
"TOI-2420 b",15.02003414,1571.60,5.84264100000,
"TOI-2406 b",2.72261795,410.30,3.07668346845,
"TOI-1224 b",2.10400000,541.00,4.17827450000,
"Kepler-41 b",10.24000000,1436.00,1.85555754000,
"Kepler-68 c",0.92000000,946.00,9.60503867000,
"TOI-2134 c",7.27000000,306.00,95.50000000000,"K5 V"
"LHS 1140 c",1.28200000,438.00,3.77793100000,
"Kepler-150 c",3.70000000,922.00,7.38197725400,
"NGTS-32 b",15.91675259,1750.00,3.31211000000,
"Kepler-91 b",15.68178060,1082.72,6.24688132849,
"K2-19 c",4.10000000,679.00,11.89930000000,
"TOI-3364 b",12.22899794,1264.00,5.87689180000,
"HAT-P-39 b",19.12027571,1687.33,3.54387321129,
"TOI-1235 b",1.73800000,754.00,3.44472900000,
"TOI-3714 b",11.61024861,689.88,2.15474722196,
"TOI-1438 c",2.49195000,623.00,9.42809020000,
"TOI-128.01",2.21898000,1344.51,4.94046810000,
"Kepler-65 d",1.41000000,1028.00,8.13114600000,
"TOI-519 b",11.99363000,760.00,1.26523280000,"M3.5"
"HATS-26 b",17.80799124,1753.94,3.30239073050,
"Kepler-94 b",2.32000000,827.00,2.50809097000,"M0 V"
"WASP-123 b",14.43390000,1461.00,2.97764460000,
"TOI-2025 b",11.98498126,1098.17,8.87205415240,
"TOI-2981 b",13.40000000,1358.00,3.60150100000,
"Kepler-447 b",6.06000000,862.00,7.79430131600,
"TOI-815 c",2.62000000,469.00,34.97614500000,"K3 V"
"Kepler-720 b",11.10000000,1162.00,4.70832654200,
"Kepler-1687 b",1.15000000,607.00,5.77957200000,
"TOI-1451 b",2.61143902,723.33,16.53794400000,
"TOI-6324 b",1.03000000,1167.00,0.27922110000,
"TOI-4860 b",8.47398941,624.00,1.52275959000,"M4.5+/-0.5"
"TOI-1836 b",8.22279941,897.76,20.38078237418,
"TOI-1789 b",16.14093221,1927.00,3.20866400000,"F"
"Kepler-68 b",2.53000000,1143.00,5.39876650000,
"Kepler-454 b",2.07000000,844.00,10.57375144700,
"Kepler-218 b",1.72000000,1161.00,3.61931219500,
"Kepler-868 b",2.04000000,1046.00,5.03251791000,
"Kepler-1392 b",2.04000000,714.00,15.14103970000,
"Kepler-391 c",2.38000000,927.00,20.48544030000,
"Kepler-981 b",2.26000000,1103.00,4.46975464100,
"Kepler-1001 c",1.55000000,806.00,9.18186435000,
"TOI-3160 A b",15.32330000,1240.00,3.97127940000,
"HATS-45 b",14.41477400,1518.00,4.18762440000,
"TOI-1130 c",16.81350000,637.00,8.35038100000,"K7"
"TOI-1135 b",9.02000000,1198.90,8.02773000000,"G0"
"TOI-712 d",2.47400000,313.60,84.83960000000,"K4.5 V"
"TOI-1994 b",13.67495645,2290.00,4.03371420000,
"Kepler-65 d",1.76000000,1109.00,8.13122484000,
"Kepler-228 d",4.02000000,835.00,11.09431923000,
"Kepler-1080 b",4.02000000,562.00,77.25483960000,
"K2-245 b",4.34000000,923.00,11.89307000000,
"Kepler-219 d",3.55000000,598.00,47.90342700000,
"TRAPPIST-1 e",0.91800000,251.30,6.09961500000,
"TOI-238 c",2.18000000,696.00,8.46565100000,"K2V"
"TRAPPIST-1 c",1.04900000,342.00,2.42184800000,
"TOI-2669 b",9.93735000,1226.00,6.20349600000,
"TOI-2411 b",1.74727133,1288.74,0.78276495408,
"HATS-47 b",13.33687048,788.10,3.92280161107,
"K2-121 b",7.16000000,716.00,5.18573800000,
"TOI-1744.01",2.54102000,598.00,22.34172860000,
"K2-34 b",13.19370000,1552.00,2.99563660000,
"NGTS-5 b",12.73342400,952.00,3.35698660000,"K2 V"
"TOI-1803 c",4.29000000,588.00,12.88577900000,
"KOI-1783.02",4.40000000,290.00,284.06095300000,
"Kepler-1518 c",3.33000000,1094.00,9.63095300000,
"Kepler-299 e",1.71000000,527.00,38.28563380000,
"Kepler-172 d",2.21000000,735.00,14.62698952000,
"Kepler-829 b",1.76000000,863.00,6.88337562000,
"Kepler-1554 b",2.74000000,266.00,198.08877400000,
"Kepler-255 c",3.01000000,768.00,9.94603603000,
"Kepler-30 c",14.00000000,428.00,60.32292100000,
"Kepler-397 c",5.70000000,273.00,135.49777450000,
"Kepler-1765 b",2.82000000,855.00,10.41890782000,
"Kepler-1371 b",0.93000000,1105.00,3.44620700000,
"Kepler-970 b",2.94000000,510.00,16.73652231000,
"Kepler-677 b",5.38000000,1015.00,6.57531678000,
"Kepler-984 b",3.01000000,594.00,43.03422720000,
"TOI-261.01",3.04498627,1387.06,3.36392539669,
"TOI-1294 b",10.12369881,1392.74,3.91529200000,
"Kepler-268 b",2.35000000,707.00,25.93406740000,
"Kepler-194 b",2.06000000,1648.00,2.09227115000,
"Kepler-81 d",1.02000000,357.00,20.83766355000,
"Kepler-735 b",2.98000000,658.00,11.51516988000,
"Kepler-78 b",1.20100000,2223.00,0.35500745000,
"Kepler-1213 b",0.92000000,1109.00,5.34982412000,
"Kepler-790 b",2.14000000,634.00,13.73469807000,
"Kepler-208 d",1.47000000,999.00,11.13179010000,
"Kepler-439 b",2.33000000,284.00,178.14045600000,
"HAT-P-25 b",12.72221500,1182.00,3.65281514000,
"Kepler-660 b",2.64000000,643.00,9.27382700000,
"Kepler-431 b",0.97000000,1337.00,6.80252171000,
"Kepler-306 b",2.01000000,902.00,4.64619500000,
"Kepler-394 c",1.81000000,926.00,12.13065293000,
"Kepler-865 c",0.90000000,914.00,6.20925415000,
"Kepler-1919 b",2.33000000,479.00,37.88694820000,
"Kepler-676 b",3.07000000,400.00,11.59822172000,
"Kepler-217 d",1.29000000,1574.00,3.88688862000,
"Kepler-1259 b",1.48000000,1701.00,0.66308525800,
"Kepler-350 c",2.45000000,838.00,17.84848082000,
"Kepler-595 b",3.77000000,519.00,25.30292332000,
"HD 136352 b",1.48200000,911.00,11.57779000000,
"Kepler-523 b",2.17000000,915.00,5.83597300000,
"WASP-73 b",13.62377318,1755.08,4.08729560000,
"Kepler-962 b",1.59000000,652.00,12.05707239000,
"Kepler-1331 b",0.91000000,1176.00,0.78916220000,
"Kepler-1016 b",2.04000000,1481.00,1.95454100000,
"Kepler-458 c",3.29000000,702.00,20.74028413000,
"Kepler-902 b",2.49000000,524.00,40.10995470000,
"Kepler-113 c",2.54000000,624.00,8.92507636900,
"Kepler-956 b",2.69000000,1106.00,5.24867263100,
"Kepler-663 b",2.70000000,917.00,4.99678284000,
"Kepler-1425 b",0.79000000,676.00,14.45413020000,
"Kepler-957 b",5.90000000,783.00,5.90739300000,
"KELT-24 b",15.80430000,1482.00,5.55148880000,
"WASP-85 A b",13.89916000,1452.00,2.65567770000,"G5 V"
"Kepler-657 b",3.08000000,616.00,24.54345660000,
"Kepler-1275 b",1.19000000,1320.00,3.65691115000,
"Kepler-1415 b",1.33000000,1848.00,0.63642408000,
"Kepler-1139 b",1.03000000,1613.00,0.81316671900,
"Kepler-1516 b",1.61000000,967.00,7.25931979000,
"Kepler-1027 b",1.90000000,1859.00,1.90780519900,
"TOI-2193 A b",12.98143672,1596.39,2.12236725101,
"Kepler-645 b",2.18000000,1527.00,3.27582262100,
"Kepler-819 b",2.56000000,468.00,33.19956480000,
"K2-239 b",1.10000000,502.00,5.24000000000,"M3.0 V"
"Kepler-1038 b",3.27000000,293.00,148.46033820000,
"Kepler-1193 b",1.35000000,1362.00,2.83261700000,
"Kepler-722 c",2.71000000,401.00,105.14474900000,
"Kepler-60 b",1.64000000,1102.00,7.13294720000,
"Kepler-825 b",1.35000000,1270.00,3.77360059000,
"Kepler-861 b",2.32000000,966.00,3.94962714400,
"Kepler-625 b",2.17000000,977.00,7.75192492000,
"Kepler-1693 c",0.95000000,957.00,5.36374214000,
"K2-248 b",2.57000000,886.00,7.17256000000,
"Kepler-929 b",0.86000000,1762.00,0.92103213500,
"Kepler-1043 b",2.54000000,532.00,38.50533980000,
"Kepler-163 b",1.04000000,847.00,7.81101000000,
"Kepler-1623 b",1.30000000,1090.00,4.36128348000,
"Kepler-1815 b",2.80000000,763.00,12.19138811000,
"K2-154 c",2.07000000,552.00,7.95486000000,
"Kepler-1344 b",1.78000000,1219.00,4.76831033000,
"Kepler-278 b",3.95500000,586.00,30.15560000000,"K2 III-IV"
"Kepler-1170 b",2.40000000,646.00,9.98965000000,
"Kepler-1785 b",3.72000000,668.00,19.58557219000,
"Kepler-234 c",3.51000000,1015.00,7.21204152000,
"Kepler-1411 b",3.24000000,444.00,86.11508880000,
"Kepler-931 b",3.70000000,1117.00,8.03761700000,
"Kepler-290 b",2.32000000,594.00,14.58932429000,
"Kepler-239 b",2.36000000,614.00,11.76305946000,
"Kepler-580 b",2.28000000,558.00,8.22241355000,
"Kepler-82 c",5.51000000,450.00,51.53997972000,
"Kepler-605 c",0.80000000,1183.00,2.35895151500,
"Kepler-873 b",3.32000000,753.00,20.55338440000,
"Kepler-1531 b",1.27000000,2414.00,1.13854337600,
"Kepler-1605 b",5.18000000,716.00,85.75654950000,
"Kepler-1286 b",2.43000000,888.00,11.25402929000,
"Kepler-48 d",2.02000000,443.00,42.89605505000,
"TOI-6255 b",0.96173856,1256.46,0.23818233358,
"LTT 3780 b",1.14064470,830.89,0.76839038111,
"Kepler-323 b",1.70000000,1915.00,1.67832545000,
"Kepler-281 d",4.52000000,321.00,148.27226710000,
"Kepler-122 b",1.84000000,1040.00,5.76616658000,
"Kepler-325 d",2.80000000,542.00,38.71585000000,
"Kepler-744 b",2.80000000,1024.00,12.06222443000,
"Kepler-370 b",1.27000000,1040.00,4.57949700000,
"Kepler-732 c",1.22000000,886.00,0.89304123600,
"Kepler-366 c",1.79000000,844.00,12.51618164000,
"Kepler-808 b",1.34000000,1461.00,0.63132980000,
"Kepler-1167 b",2.07000000,1429.00,1.00396500000,
"Kepler-282 d",2.16000000,588.00,24.80567750000,
"Kepler-864 b",2.15000000,1024.00,5.83373400000,
"Kepler-1372 b",1.15000000,1655.00,1.31155890900,
"Kepler-357 c",2.50000000,584.00,16.85827722000,
"Kepler-1363 b",1.29000000,988.00,2.94194094000,
"Kepler-108 b",8.97000000,706.00,49.18394922000,
"Kepler-113 b",1.90000000,770.00,4.75400115000,
"Kepler-1650 b",0.75000000,582.00,1.53818152800,
"Kepler-973 b",2.40000000,421.00,49.60805000000,
"Kepler-790 b",2.60000000,645.00,13.73468000000,
"Kepler-1745 b",1.67000000,1305.00,3.01618319000,
"Kepler-185 c",1.88000000,550.00,20.72913358000,
"Kepler-1625 b",5.40000000,253.00,287.37894900000,
"Kepler-109 c",2.50000000,774.00,21.22258525000,
"Kepler-1414 b",1.44000000,1033.00,3.51576315000,
"Kepler-1693 b",1.12000000,729.00,12.09997831000,
"Kepler-1312 c",0.93000000,1595.00,1.11613190000,
"Kepler-233 c",2.72000000,390.00,60.41861370000,
"Kepler-23 b",1.93000000,1174.00,7.10694385000,
"Kepler-1274 b",0.78000000,1139.00,6.98158000000,
"Kepler-312 b",0.98000000,1641.00,1.77244975000,
"K2-257 b",0.83000000,789.00,1.60588000000,
"Kepler-1220 b",1.40000000,899.00,7.42697378000,
"Kepler-438 b",0.98000000,273.00,35.23318000000,
"Kepler-1157 b",0.79000000,732.00,4.45743267000,
"KOI-3680 b",11.49000000,352.00,141.24154050000,
"Kepler-305 e",2.11000000,999.00,3.20538600000,
"Kepler-1361 b",1.00000000,1061.00,3.57554956000,
"Kepler-1006 b",2.46000000,791.00,19.76172042000,
"Kepler-167 d",1.39000000,527.00,21.80387630000,
"Kepler-1852 b",1.88000000,761.00,7.97098825000,
"DH Tau b",30.26430000,2200.00,,
"Kepler-1069 b",2.02000000,693.00,23.89902960000,
"Kepler-1159 b",1.72000000,677.00,22.70823750000,
"Kepler-1875 b",1.88000000,559.00,34.45854950000,
"Kepler-62 c",0.57000000,576.00,12.44180030000,
"Kepler-344 b",2.64000000,643.00,21.96399084000,
"Kepler-924 b",2.23000000,523.00,61.03900000000,
"K2-99 b",12.37000000,1108.00,18.24901000000,
"Kepler-399 b",1.39000000,668.00,14.42516000000,
"Kepler-300 b",2.15000000,828.00,10.44636200000,
"Kepler-775 b",1.19000000,1614.00,0.97486892600,
"Kepler-643 b",10.47000000,963.00,16.33888067000,
"Kepler-1710 b",2.54000000,676.00,14.91094205000,
"Kepler-534 c",1.06000000,932.00,7.37862283000,
"Kepler-1713 b",1.83000000,900.00,18.01164974000,
"Kepler-251 b",1.36000000,990.00,4.79090809000,
"Kepler-620 b",2.74000000,849.00,12.91375431000,
"Kepler-55 f",1.60000000,572.00,10.19851808000,
"Kepler-1004 b",17.10000000,2388.00,5.28801600000,
"Kepler-203 b",2.10000000,1217.00,3.16269470000,
"Kepler-605 c",0.96000000,1278.00,2.35895240400,
"Kepler-502 b",4.07000000,1209.00,4.28686431000,
"Kepler-403 d",1.09000000,833.00,13.61159129000,
"Kepler-815 b",4.43000000,1394.00,8.57503552000,
"Kepler-838 b",2.85000000,774.00,15.74957994000,
"Kepler-1888 b",1.13000000,1011.00,11.39170568000,
"Kepler-46 d",1.97000000,845.00,6.76652928000,
"Kepler-1263 b",1.13000000,907.00,4.55139880000,
"Kepler-358 c",2.70000000,400.00,83.48750000000,
"Kepler-1232 b",2.12000000,583.00,26.78391830000,
"Kepler-1075 b",1.11000000,890.00,1.52373200000,
"Kepler-11 d",3.26000000,653.00,22.68714105000,
"Kepler-1051 b",2.45000000,795.00,25.96200249000,
"Kepler-138 c",1.33000000,398.00,13.78109344000,
"K2-229 c",2.03000000,750.00,8.32727000000,
"Kepler-529 b",1.50000000,1483.00,1.98035766300,
"Kepler-1377 b",1.32000000,1873.00,0.74092842200,
"Kepler-672 b",2.70000000,541.00,38.37746230000,
"Kepler-1773 b",3.20000000,608.00,40.80953000000,
"Kepler-1731 b",2.53000000,486.00,21.76129812000,
"Kepler-350 b",1.50000000,979.00,11.18961000000,
"Kepler-1558 b",0.79000000,1019.00,3.50470358000,
"Kepler-1906 b",1.87000000,901.00,7.36272058000,
"Kepler-1488 b",2.23000000,650.00,39.81883200000,
"Kepler-568 b",2.11000000,418.00,11.02347475000,
"Kepler-278 b",4.23000000,829.00,30.15986300000,
"Kepler-846 b",2.30000000,628.00,19.80792185000,
"Kepler-104 c",3.06000000,763.00,23.66836427000,
"Kepler-1514 c",1.92000000,1364.00,10.51420148000,
"Kepler-1417 b",1.00000000,695.00,20.35052130000,
"Kepler-1715 b",3.15000000,643.00,35.59743000000,
"Kepler-1965 b",1.06000000,494.00,41.86736720000,
"Kepler-128 b",1.43000000,971.00,15.08960174000,
"Kepler-66 b",2.81000000,699.00,17.81595067000,
"Kepler-275 d",2.80000000,644.00,35.67560000000,
"Kepler-1126 b",1.89000000,398.00,108.59300000000,
"Kepler-355 c",2.66000000,633.00,25.76268460000,
"Kepler-517 b",2.87000000,474.00,60.92832271000,
"Kepler-162 c",3.30000000,682.00,19.44631300000,
"Kepler-944 b",3.20000000,473.00,43.31688000000,
"Kepler-1399 b",1.31000000,1609.00,1.63865305800,
"Kepler-1589 b",0.92000000,1919.00,0.99166527400,
"KOI-1831 d",1.13000000,474.00,34.20693950000,
"Kepler-376 c",2.39000000,873.00,14.17222858000,
"Kepler-378 c",0.79000000,414.00,28.90605260000,
"Kepler-1687 b",1.34000000,578.00,5.77955922000,
"Kepler-454 b",1.86000000,848.00,10.57375702900,
"Kepler-256 c",1.79000000,1209.00,3.38801185400,
"Kepler-431 d",0.87000000,851.00,11.92160350000,
"Kepler-219 b",2.64000000,1235.00,4.58546682300,
"Kepler-1358 b",1.16000000,826.00,7.06317341000,
"Kepler-659 b",2.33000000,516.00,17.67179600000,
"Kepler-1615 b",1.94000000,523.00,47.31261920000,
"Kepler-521 b",3.71000000,940.00,22.20813214000,
"Kepler-558 b",2.64000000,498.00,29.00789166000,
"KOI-351 b",1.15000000,1061.00,7.00828076000,
"Kepler-1494 b",3.26000000,415.00,91.07862400000,
"Kepler-1653 b",2.17000000,284.00,140.25240000000,
"Kepler-32 b",2.02000000,512.00,5.90125513000,"M1 V"
"Kepler-1838 b",1.14000000,911.00,12.14692791000,
"Kepler-224 d",2.39000000,610.00,11.34934848000,
"Kepler-337 b",1.39000000,1458.00,3.29276797000,
"Kepler-326 b",2.55000000,1594.00,2.24828853800,
"Kepler-175 c",3.22000000,583.00,34.03505590000,
"Kepler-1933 b",2.24000000,1490.00,4.94328533000,
"Kepler-1350 c",1.48000000,730.00,1.76678906200,
"Kepler-236 c",1.85000000,325.00,23.96799320000,
"Kepler-1896 b",2.68000000,536.00,44.86983820000,
"Kepler-850 b",1.65000000,996.00,7.19303878000,
"Kepler-347 d",1.72000000,430.00,85.52088800000,
"Kepler-1810 b",3.79000000,380.00,101.13265680000,
"Kepler-1752 b",5.04000000,419.00,56.35879870000,
"Kepler-1853 b",1.38000000,385.00,48.88742920000,
"Kepler-598 c",2.91000000,367.00,86.49478070000,
"Kepler-1899 b",1.64000000,807.00,4.09582600000,
"Kepler-1159 b",1.82000000,677.00,22.70816791000,
"Kepler-709 b",3.19000000,613.00,16.08524954000,
"Kepler-103 c",4.46000000,359.00,179.60100000000,
"Kepler-1468 b",1.59000000,917.00,8.23984869000,
"Kepler-1771 b",2.70000000,393.00,88.64578000000,
"Kepler-1903 b",2.20000000,791.00,17.06766000000,
"Kepler-252 c",2.34000000,499.00,10.84845180000,
"Kepler-1105 b",1.92000000,697.00,4.42157218200,
"Kepler-770 c",0.95000000,1368.00,1.47532231400,
"Kepler-1936 b",4.50000000,524.00,126.55752200000,
"Kepler-1240 b",1.29000000,1054.00,4.86659100000,
"Kepler-1837 b",1.55000000,990.00,5.90577000000,
"Kepler-107 d",0.86000000,1173.00,7.95839000000,
"Kepler-603 d",1.22000000,976.00,6.21712920000,
"HATS-58 A b",10.00804679,1128.07,4.21807597560,
"Kepler-243 b",2.06000000,791.00,5.71543000000,
"Kepler-816 b",8.20000000,628.00,10.50682200000,
"CoRoT-11 b",16.03000000,1657.00,2.99433000000,"F6 V"
"Kepler-340 c",5.69000000,1448.00,22.82454850000,
"Kepler-1495 b",3.01000000,443.00,85.27325600000,
"Kepler-1751 b",1.56000000,984.00,7.01734994000,
"Kepler-1301 b",1.41000000,734.00,9.08237046000,
"Kepler-164 d",2.46000000,687.00,28.98683260000,
"Kepler-1168 b",2.21000000,379.00,55.82265390000,
"Kepler-1507 b",0.87000000,674.00,16.05062130000,
"Kepler-603 c",6.80000000,357.00,127.90073000000,
"Kepler-1036 b",2.80000000,325.00,122.87670000000,
"Kepler-360 b",1.62000000,1296.00,3.28972216900,
"Kepler-11 f",2.43000000,514.00,46.68641000000,
"Kepler-1358 b",1.21000000,827.00,7.06321927000,
"Kepler-1063 b",1.26000000,686.00,14.07969800000,
"Kepler-1253 b",1.25000000,478.00,68.88619150000,
"Kepler-1593 b",1.91000000,187.00,174.50983500000,
"Kepler-1623 b",1.30000000,1090.00,4.36128348000,
"Kepler-780 b",0.97000000,2173.00,0.67737516400,
"Kepler-229 c",4.80000000,555.00,16.06861800000,
"Kepler-732 c",1.24000000,893.00,0.89304096900,
"Kepler-864 c",1.35000000,1366.00,2.42149600000,
"Kepler-231 b",1.97000000,503.00,10.06518600000,
"Kepler-1315 c",1.72000000,777.00,6.56606842000,
"Kepler-505 b",2.47000000,314.00,27.52194772000,
"Kepler-277 b",2.92000000,903.00,17.32440000000,
"Kepler-1472 b",1.81000000,633.00,38.13128310000,
"Kepler-1882 b",1.74000000,1032.00,13.78725760000,
"Kepler-1790 b",2.59000000,682.00,31.58889790000,
"Kepler-245 b",2.98000000,821.00,7.49017229000,
"GJ 9827 c",1.36000000,721.90,3.64802000000,"K6 V"
"TOI-1422 b",3.93681551,789.51,12.99670000000,
"Kepler-1102 b",3.06000000,546.00,51.32835270000,
"Kepler-418 c",4.75000000,857.00,12.21827800000,
"Kepler-106 e",2.58000000,538.00,43.84444353000,
"Kepler-762 b",12.05000000,1302.00,3.77055147500,
"Kepler-309 c",3.09000000,268.00,105.35310000000,
"Kepler-339 c",1.18000000,852.00,6.98803345000,
"PH2 b",11.24000000,306.00,282.52548560000,
"Kepler-28 c",1.94000000,509.00,8.98584768000,
"Kepler-1049 b",0.88000000,685.00,3.27345900000,
"Kepler-849 b",8.26000000,337.00,394.62449040000,
"Kepler-2000 b",2.59000000,523.00,6.38316346200,
"Kepler-1607 b",1.09000000,913.00,13.64736760000,
"Kepler-23 b",1.93000000,1174.00,7.10694385000,
"Kepler-1369 b",2.99000000,667.00,25.87314800000,
"Kepler-779 b",0.83000000,428.00,7.09714223000,
"Kepler-797 b",1.94000000,554.00,27.07237711000,
"Kepler-84 d",1.60000000,1254.00,4.22453631000,
"Kepler-946 b",1.78000000,770.00,11.79162572000,
"Kepler-299 d",1.57000000,712.00,15.05482000000,
"Kepler-927 b",1.80000000,900.00,9.11513000000,
"Kepler-249 b",1.09000000,561.00,3.30654897800,
"Kepler-139 d",2.11000000,972.00,7.30570632600,
"Kepler-219 c",4.01000000,766.00,22.71443351000,
"K2-66 b",2.49000000,1372.00,5.06963000000,
"Kepler-293 c",3.20000000,442.00,54.15784000000,
"Kepler-4 b",4.13000000,1515.00,3.21366892600,
"Kepler-770 d",1.14000000,969.00,4.15244722000,
"Kepler-221 c",2.96000000,875.00,5.69058610000,
"Kepler-1164 b",1.22000000,982.00,3.97599768000,
"Kepler-54 d",1.38000000,329.00,20.99589959000,
"Kepler-1904 b",1.37000000,567.00,4.57699384000,
"Kepler-1084 b",1.14000000,1859.00,2.05333679000,
"Kepler-101 c",0.96000000,1032.00,6.02908000000,
"Kepler-681 b",3.16000000,491.00,26.39435646000,
"Kepler-722 c",2.71000000,401.00,105.14474900000,
"Kepler-671 b",2.30000000,1009.00,4.28096900000,
"Kepler-177 c",7.48000000,545.00,49.41117582000,
"Kepler-1526 b",1.86000000,787.00,3.90863457000,
"TOI-5388.01",1.89426000,375.00,2.59467500000,
"Kepler-100 d",1.50000000,674.00,35.33308660000,
"Kepler-1254 d",1.35000000,817.00,5.72717226000,
"Kepler-294 b",1.74000000,1129.00,3.70131100000,
"Kepler-61 b",2.17000000,272.00,59.87782400000,
"Kepler-1969 b",1.72000000,999.00,6.64754478000,
"HD 73583 b",2.79000000,714.00,6.39804200000,"K4 V"
"WASP-178 b",21.74546000,2402.00,3.34484120000,
"Kepler-37 c",0.75000000,538.00,21.30200000000,
"TOI-5340 b",13.61990000,1529.00,4.93931170000,
"Kepler-334 c",1.49000000,822.00,12.75800092000,
"Kepler-750 b",4.39000000,1163.00,9.42889884000,
"HAT-P-29 b",11.92637600,1271.00,5.72339000000,
"HAT-P-29 b",12.38592367,1281.00,5.72337460000,
"TOI-628 b",12.13430000,1586.00,3.40760000000,
"Kepler-529 c",1.57000000,795.00,12.83450220000,
"Kepler-1329 b",2.05000000,577.00,9.33646594000,
"LHS 1140 b",1.72700000,235.00,24.73695900000,
"Kepler-1730 b",4.75000000,833.00,13.81020094000,
"Kepler-228 c",2.80000000,1138.00,4.13440300000,
"Kepler-489 b",8.34000000,587.00,17.27629611900,
"KOI-351 e",2.62000000,450.00,91.94012530000,
"Kepler-361 b",1.29000000,1048.00,8.48653576000,
"Kepler-219 d",2.67000000,561.00,47.90421000000,
"Kepler-1482 b",0.83000000,642.00,12.25383217000,
"Kepler-62 d",1.91000000,481.00,18.16406400000,
"Kepler-1637 b",0.84000000,1093.00,6.10960324000,
"Kepler-257 c",3.40000000,775.00,6.58150100000,
"Kepler-921 b",2.90000000,492.00,51.30063400000,
"Kepler-680 b",1.96000000,1147.00,3.68992629100,
"Kepler-749 b",2.04000000,454.00,17.31711739000,
"EPIC 212297394 c",2.27000000,866.00,5.21396500000,
"Kepler-1083 b",3.13000000,448.00,33.41781730000,
"Kepler-799 c",3.69000000,893.00,15.19423359000,
"Kepler-256 d",1.54000000,973.00,5.83906100000,
"Kepler-484 b",2.19000000,766.00,10.04556377000,
"Kepler-277 c",2.79000000,745.00,33.00630250000,
"TOI-2154 b",16.28664896,1580.00,3.82408010000,
"KOI-351 b",1.16000000,1056.00,7.00823300000,
"KOI-1599.01",1.76000000,660.00,20.40713450000,
"Kepler-835 b",2.91000000,918.00,11.41909375000,
"Kepler-371 b",1.84000000,563.00,34.76359000000,
"Kepler-1457 b",1.75000000,478.00,51.11102430000,
"Kepler-395 b",0.78000000,450.00,7.05427318000,
"Kepler-387 b",1.08000000,1073.00,6.79164786000,
"Kepler-297 b",3.31000000,579.00,38.86840425000,
"Kepler-229 b",2.10000000,755.00,6.25294800000,
"Kepler-656 c",1.03000000,883.00,5.25458200000,
"Kepler-1253 b",1.40000000,485.00,68.88810000000,
"Kepler-33 d",4.76000000,853.00,21.77568158000,
"Kepler-1444 b",1.84000000,542.00,33.42035034000,
"Kepler-1867 b",0.68000000,768.00,9.88736642000,
"Kepler-1812 b",2.49000000,1034.00,7.16521372000,
"Kepler-1217 b",1.91000000,1541.00,2.03232507200,
"Kepler-955 b",3.19000000,664.00,14.53244172000,
"Kepler-1771 b",2.50000000,389.00,88.64423640000,
"Kepler-645 b",2.18000000,1527.00,3.27582262100,
"Kepler-125 b",2.71000000,596.00,4.16438381500,
"Kepler-1446 b",1.86000000,2304.00,0.68996783200,
"Kepler-217 b",1.81000000,1377.00,5.37493491000,
"Kepler-330 b",1.35000000,714.00,8.25980352000,
"Kepler-1688 b",2.30000000,740.00,5.62004700000,
"Kepler-1404 b",24.00000000,611.00,15.93134000000,
"Kepler-258 b",3.10000000,562.00,13.19724400000,
"Kepler-1864 b",1.04000000,1510.00,3.88151335000,
"Kepler-689 b",2.45000000,544.00,22.36656079000,
"Kepler-408 b",0.70000000,1558.00,2.46502615800,
"Kepler-829 b",1.76000000,863.00,6.88337562000,
"Kepler-235 b",2.16900000,731.00,3.34021780000,
"Kepler-797 b",2.18000000,605.00,27.07237655000,
"Kepler-1070 b",1.79000000,1276.00,6.22161470000,
"K2-315 b",0.95000000,460.00,3.14431890000,"M(3.5+/-0.5) V"
"Kepler-156 b",2.51000000,853.00,4.97345141100,
"Kepler-887 b",1.78000000,785.00,20.42224470000,
"Kepler-1543 b",2.22000000,1214.00,6.96710269000,
"Kepler-1832 b",0.98000000,1021.00,3.13878100000,
"Kepler-1242 b",2.61000000,639.00,13.62798432000,
"Kepler-857 b",5.56000000,370.00,85.35129427000,
"Kepler-205 b",1.17000000,669.00,2.75563710300,
"Kepler-1716 b",2.30000000,403.00,35.58355458000,
"Kepler-786 b",2.39000000,353.00,53.52934870000,
"Kepler-100 c",2.26000000,939.00,12.81590421000,
"Kepler-583 b",2.89000000,1017.00,6.51002530000,
"Kepler-1146 b",1.13000000,967.00,2.35223700000,
"Kepler-1416 b",0.86000000,1727.00,1.49514952000,
"Kepler-927 b",1.78000000,906.00,9.11499030000,
"Kepler-238 b",1.62000000,1642.00,2.09081130500,
"Kepler-1905 b",1.14000000,1188.00,3.42391461000,
"Kepler-175 b",2.50000000,802.00,11.90362000000,
"Kepler-875 b",2.28000000,569.00,27.50737990000,
"Kepler-1723 b",2.37000000,568.00,39.75299150000,
"Kepler-165 c",2.24000000,605.00,15.31297659000,
"Kepler-403 b",1.38000000,1194.00,7.03146295000,
"Kepler-1844 b",1.92000000,1077.00,3.92452160000,
"Kepler-1130 c",0.66000000,1086.00,3.26661203600,
"Kepler-215 b",1.76000000,892.00,9.36063971000,
"Kepler-583 b",2.89000000,1017.00,6.51002530000,
"Kepler-1148 b",1.64000000,1396.00,1.10446350900,
"Kepler-511 b",5.04000000,270.00,296.63710000000,
"Kepler-574 b",2.19000000,858.00,7.65880048000,
"Kepler-320 b",1.05000000,1001.00,8.37160502000,
"Kepler-691 b",2.29000000,490.00,8.11436800000,
"Kepler-368 c",4.21000000,575.00,72.38269830000,
"Kepler-672 b",2.70000000,541.00,38.37746230000,
"Kepler-1665 b",5.15000000,906.00,11.95474513000,
"Kepler-1806 b",2.10000000,705.00,9.03340100000,
"Kepler-584 b",4.02000000,656.00,35.18103040000,
"Kepler-533 b",8.21000000,669.00,28.51120525000,
"Kepler-117 c",9.16000000,580.00,50.79034619000,
"Kepler-771 b",1.59000000,890.00,8.73488520000,
"Kepler-489 b",7.30000000,556.00,17.27629040000,
"Kepler-1894 c",1.23000000,1007.00,5.05366499000,
"Kepler-107 b",1.53600000,1593.00,3.18002180000,
"Kepler-135 b",1.72000000,1183.00,6.00253593900,
"Kepler-197 b",1.22000000,1142.00,5.59931543000,
"KOI-984 b",3.19000000,1023.00,4.28737750000,
"Kepler-1740 b",3.75000000,918.00,8.17242018000,
"Kepler-824 b",1.88000000,1266.00,4.51436633000,
"Kepler-305 e",1.70000000,1000.00,3.20539622000,
"Kepler-1423 b",2.62000000,741.00,23.95537800000,
"Kepler-1843 b",1.92000000,770.00,25.54342890000,
"Kepler-679 b",2.80000000,701.00,12.39343000000,
"Kepler-730 b",12.32990000,1219.00,6.49168280800,
"K2-100 b",3.88000000,1841.00,1.67390350000,"G0 V"
"Kepler-1414 b",1.44000000,1033.00,3.51576315000,
"TOI-908 b",3.18600000,1317.00,3.18379200000,"G V"
"Kepler-1552 b",2.41000000,268.00,184.77271000000,
"Kepler-1148 b",1.54000000,1362.00,1.10445470000,
"Kepler-221 e",2.43000000,577.00,18.36972310000,
"Kepler-1089 b",1.50000000,562.00,5.13254100000,
"Kepler-1181 b",1.57000000,1358.00,4.89337519000,
"K2-280 b",7.46000000,736.00,19.89500000000,
"Kepler-630 b",4.79000000,440.00,161.47439370000,
"Kepler-233 c",2.36000000,390.00,60.41893690000,
"Kepler-882 b",0.93000000,903.00,3.98954419200,
"Kepler-208 d",1.29000000,992.00,11.13175190000,
"Kepler-1911 b",1.45000000,1379.00,5.99077497000,
"K2-95 b",3.88000000,383.00,10.13401600000,
"K2-281 b",8.18000000,665.00,8.68772100000,
"K2-24 b",5.83000000,709.00,20.88508000000,"G9 V"
"GJ 1214 b",2.73300000,567.00,1.58040453100,
"HD 3167 c",3.01000000,511.00,29.84540000000,
"SPECULOOS-3 b",0.97700000,553.00,0.71912603000,"M6.5+/-0.5"
"Kepler-1651 b",1.76000000,353.00,9.88515530000,
"TOI-880.02",2.77792290,1162.97,2.57359430000,
"HATS-51 b",13.01103804,1330.33,3.34890381843,
"Kepler-685 b",8.70000000,1524.00,1.62552343000,
"HAT-P-45 b",15.98400000,1652.00,3.12899200000,
"KOI-94 c",3.66000000,989.00,10.42367776500,
"Kepler-422 b",12.63000000,1028.00,7.89144883800,
"TOI-4559 b",1.49999347,522.51,3.96490526655,
"Kepler-495 b",4.55000000,986.00,3.41303622100,
"Kepler-1890 b",0.84000000,1350.00,4.82052932000,
"Kepler-1488 c",0.87000000,1107.00,6.15827512000,
"Kepler-653 c",0.70000000,1912.00,0.90037647600,
"Kepler-20 e",0.91000000,927.00,6.09849600000,
"Kepler-1694 b",0.96000000,866.00,3.89523300000,
"Kepler-581 b",2.16000000,475.00,40.60698210000,
"Kepler-267 b",1.65000000,615.00,3.35373200800,
"Kepler-1754 b",2.30000000,659.00,8.19590000000,
"Kepler-292 b",1.54000000,1205.00,2.58078800000,
"Kepler-164 b",1.48000000,1199.00,5.03502300000,
"Kepler-1016 c",3.50000000,392.00,105.65513690000,
"Kepler-498 b",3.46000000,931.00,9.61375356000,
"Kepler-1093 b",2.10000000,795.00,25.08272000000,
"Kepler-787 b",1.17000000,1118.00,0.92829740000,
"Kepler-971 b",3.93000000,1087.00,9.59068586000,
"Kepler-1281 b",1.69000000,1123.00,3.11602791000,
"Kepler-651 b",2.16000000,606.00,21.38450000000,
"Kepler-1401 b",1.37000000,808.00,11.20066445000,
"Kepler-1387 b",0.93000000,1122.00,2.27952665600,
"Kepler-1762 b",2.51000000,714.00,29.53908970000,
"Kepler-1375 b",1.21000000,1442.00,3.30041920000,
"Kepler-1727 b",2.60000000,756.00,9.02930500000,
"Kepler-978 b",2.75000000,539.00,49.62215090000,
"Kepler-1856 b",1.22000000,1278.00,1.30201573400,
"Kepler-433 b",7.93000000,1149.00,5.33408346000,
"Kepler-805 b",3.00000000,804.00,30.86392000000,
"Kepler-928 b",1.80000000,894.00,3.93246130200,
"Kepler-219 b",3.29000000,1307.00,4.58546694100,
"Kepler-1768 b",2.54000000,933.00,15.13591895000,
"Kepler-554 b",3.92000000,1271.00,1.90220855600,
"Kepler-1526 b",2.31000000,788.00,3.90863200500,
"Kepler-275 b",2.25000000,1021.00,10.30065512000,
"Kepler-263 c",2.40000000,418.00,47.33302620000,
"Kepler-1347 b",0.99000000,617.00,14.00947528000,
"Kepler-1006 b",2.81000000,791.00,19.76169247000,
"Kepler-256 b",1.57000000,1681.00,1.62046765400,
"Kepler-255 d",1.45000000,1710.00,1.04562195000,
"Kepler-933 b",2.02000000,610.00,14.20443009000,
"Kepler-1399 b",1.31000000,1609.00,1.63865305800,
"Kepler-890 b",9.04000000,545.00,52.75875577000,
"Kepler-963 b",3.50000000,807.00,9.97683400000,
"Kepler-1312 c",0.84000000,1565.00,1.11612899900,
"V1298 Tau d",6.41000000,845.00,12.40320000000,
"K2-62 c",1.99000000,495.00,16.19697000000,
"Kepler-1320 b",1.71000000,1409.00,0.86838652800,
"Kepler-1637 b",0.79000000,1093.00,6.10968225000,
"Kepler-985 b",3.53000000,371.00,116.33190100000,
"Kepler-307 b",3.43000000,855.00,10.41572924000,
"Kepler-1786 b",2.63000000,434.00,78.54616380000,
"Kepler-208 b",1.68000000,1371.00,4.22864988000,
"Kepler-1073 b",1.95000000,816.00,8.67888593000,
"Kepler-180 c",2.60000000,538.00,41.88574000000,
"Kepler-28 b",1.86000000,583.00,5.91212988000,"M0 V"
"Kepler-364 b",1.45000000,728.00,25.74575290000,
"Kepler-637 b",5.86000000,1002.00,23.20579353000,
"Kepler-586 b",2.96000000,1367.00,2.10472218400,
"Kepler-1693 c",0.95000000,957.00,5.36374214000,
"Kepler-92 c",2.37000000,784.00,26.72320599000,
"Kepler-217 d",1.25000000,1471.00,3.88683100000,
"Kepler-247 c",4.16000000,686.00,9.43945948600,
"Kepler-684 b",2.77000000,812.00,6.77030038500,
"Kepler-1757 b",2.83000000,549.00,19.65639342000,
"Kepler-1791 b",1.96000000,1077.00,7.72084349000,
"Kepler-258 b",4.12000000,641.00,13.19721496000,
"Kepler-587 b",2.10000000,755.00,10.94026600000,
"Kepler-1018 b",2.72000000,477.00,49.10135140000,
"Kepler-701 b",3.09000000,777.00,10.35533177000,
"Kepler-1898 b",0.93000000,1168.00,4.76559135000,
"Kepler-115 b",1.33000000,1540.00,2.40365400000,
"Kepler-903 b",1.75000000,774.00,10.35077210000,
"Kepler-59 c",2.22000000,766.00,17.98012000000,
"Kepler-603 b",2.75000000,731.00,21.05349939000,
"Kepler-543 b",2.43000000,521.00,13.89961966000,
"Kepler-206 c",1.57000000,795.00,13.13745719000,
"Kepler-80 d",1.34000000,722.00,3.07214919600,
"Kepler-534 c",1.11000000,933.00,7.37867551000,
"Kepler-1184 b",2.57000000,529.00,53.59910440000,
"Kepler-1885 b",2.60000000,1163.00,2.52258520000,
"Kepler-263 c",2.89000000,417.00,47.33465000000,
"Kepler-1047 c",0.79000000,1219.00,3.18897601000,
"Kepler-109 b",2.29000000,1150.00,6.48162809200,
"Kepler-1235 b",0.79000000,961.00,4.16069300000,
"Kepler-1192 b",2.20000000,583.00,25.20330000000,
"Kepler-157 c",2.33000000,762.00,13.54056874000,
"Kepler-253 d",2.90000000,538.00,18.11978000000,
"Kepler-497 b",5.20000000,1163.00,3.57321000000,
"Kepler-974 b",1.44000000,534.00,4.19449651400,
"Kepler-1689 b",0.84000000,909.00,8.48293296000,
"Kepler-1362 b",2.43000000,251.00,136.20562600000,
"Kepler-105 b",3.28000000,1306.00,5.41220713000,
"Kepler-1054 b",1.99000000,1177.00,4.30655689000,
"Kepler-1378 b",2.10000000,525.00,11.95401876000,
"Kepler-591 b",3.41000000,412.00,81.16942990000,
"Kepler-107 c",1.84000000,1263.00,4.90143807000,
"Kepler-1299 b",2.45000000,606.00,19.93990000000,
"Kepler-529 c",2.55000000,891.00,12.83447710000,
"Kepler-194 c",2.60000000,748.00,17.30797625000,
"Kepler-1166 b",1.51000000,486.00,33.24079850000,
"Kepler-1920 b",2.80000000,660.00,30.25411860000,
"Kepler-338 d",2.80000000,680.00,44.43013610000,
"Kepler-1808 b",2.36000000,602.00,23.34031664000,
"Kepler-350 b",1.64000000,993.00,11.18969000000,
"Kepler-1249 b",1.82000000,647.00,24.33471270000,
"Kepler-1753 b",2.03000000,569.00,16.00451000000,
"Kepler-244 b",2.87000000,986.00,4.31177990600,
"Kepler-57 b",2.41000000,850.00,5.72931757700,
"Kepler-153 c",2.50000000,458.00,46.90251120000,
"Kepler-1453 b",2.74000000,503.00,47.16116960000,
"Kepler-348 b",1.33000000,1110.00,7.05675289000,
"Kepler-107 d",1.08000000,991.00,7.95792000000,
"Kepler-345 b",0.79000000,610.00,7.41557859000,
"Kepler-373 c",1.15000000,665.00,16.72605200000,
"Kepler-1153 b",1.51000000,1313.00,1.75584600000,
"Kepler-514 b",1.65000000,1230.00,5.65183800000,
"Kepler-1217 b",1.91000000,1541.00,2.03232507200,
"Kepler-1582 b",0.77000000,321.00,4.83817712000,
"Kepler-931 b",1.35000000,744.00,8.03755877000,
"Kepler-1245 c",1.77000000,1190.00,2.93658794600,
"K2-245 b",2.67000000,769.00,11.89376000000,
"Kepler-870 b",2.67000000,691.00,21.35876210000,
"Kepler-532 b",2.62000000,642.00,12.92491623000,
"Kepler-98 b",1.82000000,1437.00,1.54167662800,
"Kepler-1505 b",1.13000000,625.00,30.86093660000,
"Kepler-1577 b",2.52000000,1125.00,6.30558387000,
"Kepler-1165 b",1.43000000,950.00,9.47852200000,
"Kepler-1480 b",2.97000000,721.00,22.12679948000,
"Kepler-1313 b",2.25000000,1012.00,3.83308764300,
"Kepler-1593 b",1.91000000,187.00,174.50983500000,
"Kepler-452 b",1.09000000,220.00,384.84755600000,
"Kepler-930 b",2.30000000,561.00,71.45177750000,
"Kepler-861 b",2.43000000,966.00,3.94963137500,
"Kepler-594 b",2.13000000,681.00,13.64618192000,
"Kepler-120 b",2.26000000,639.00,6.31250400000,
"Kepler-890 b",9.04000000,545.00,52.75875577000,
"Kepler-220 c",1.63000000,622.00,9.03419546900,
"Kepler-215 c",1.53000000,768.00,14.66719270000,
"K2-9 b",2.25000000,314.00,18.44980000000,"M2.5 V"
"Kepler-647 c",2.83000000,644.00,29.66631669000,
"Kepler-140 c",1.68000000,455.00,91.35250000000,
"Kepler-85 c",1.92000000,725.00,12.51366754000,
"Kepler-1426 b",1.73000000,797.00,14.25632720000,
"Kepler-306 b",1.82000000,930.00,4.64621076000,
"Kepler-1609 b",2.09000000,429.00,114.33605200000,
"Kepler-187 c",2.58000000,910.00,10.64022272000,
"Kepler-1199 b",1.44000000,858.00,15.04463000000,
"Kepler-1502 b",2.19000000,608.00,41.70840630000,
"Kepler-1174 b",1.43000000,974.00,6.89225000000,
"Kepler-196 c",2.30000000,432.00,47.42693000000,
"Kepler-136 b",1.97000000,912.00,11.57891140000,
"Kepler-51 c",9.00000000,439.00,85.31200000000,
"Kepler-971 b",4.28000000,1086.00,9.59070716000,
"Kepler-1139 b",1.14000000,1693.00,0.81316635700,
"Kepler-1294 b",2.80000000,342.00,115.68790000000,
"Kepler-868 b",2.04000000,1046.00,5.03251791000,
"Kepler-1873 b",1.39000000,1795.00,0.55884130700,
"Kepler-389 c",1.45000000,636.00,14.51230990000,
"Kepler-1589 b",0.92000000,1919.00,0.99166527400,
"Kepler-1917 b",1.49000000,675.00,12.90235874000,
"Kepler-219 d",2.56000000,565.00,47.90352110000,
"Kepler-1266 b",2.10000000,443.00,28.47520000000,
"Kepler-1914 b",2.42000000,585.00,30.82782450000,
"Kepler-1578 b",1.21000000,1700.00,1.45088983600,
"Kepler-1599 b",1.83000000,408.00,122.36355300000,
"Kepler-107 b",1.55000000,1460.00,3.18002463500,
"Kepler-155 b",1.95000000,562.00,5.93119293900,
"Kepler-1402 b",0.73000000,1240.00,2.03387914000,
"Kepler-604 b",2.40000000,641.00,25.85515000000,
"Kepler-20 d",2.62000000,397.00,77.61159870000,
"Kepler-1094 b",2.65000000,447.00,78.10002310000,
"Kepler-1469 b",2.50000000,555.00,21.86353010000,
"Kepler-382 c",1.68000000,771.00,12.16281552000,
"Kepler-346 c",3.30000000,654.00,23.85163032000,
"Kepler-388 c",0.96000000,515.00,13.29706969000,
"Kepler-1050 c",1.40000000,707.00,21.12845690000,
"Kepler-259 b",3.10000000,879.00,8.11528727000,
"Kepler-144 c",1.26000000,959.00,10.10464800000,
"Kepler-186 d",1.81000000,429.00,13.34302500000,
"Kepler-184 b",2.90000000,791.00,10.68754900000,
"Kepler-116 c",1.85000000,912.00,13.07148900000,
"Kepler-1473 b",1.15000000,783.00,14.42735510000,
"Kepler-355 c",2.83000000,662.00,25.76245240000,
"Kepler-145 b",2.65000000,902.00,22.95036000000,
"Kepler-1310 b",1.25000000,1814.00,0.67933627200,
"Kepler-1528 b",1.29000000,1549.00,1.79110997000,
"Kepler-1052 b",2.45000000,524.00,34.85382760000,
"Kepler-818 b",4.42000000,786.00,10.03538180900,
"Kepler-763 d",1.58000000,808.00,6.50323791000,
"Kepler-250 d",2.23000000,573.00,17.64830992000,
"Kepler-654 b",2.76000000,974.00,13.72446000000,
"K2-3 b",2.14000000,463.00,10.05462600000,
"Kepler-371 b",1.69000000,560.00,34.76299230000,
"Kepler-1045 b",2.50000000,526.00,26.41073000000,
"Kepler-224 c",2.84000000,798.00,5.92501600000,
"Kepler-1330 b",1.72000000,814.00,10.10769068000,
"Kepler-645 b",3.54000000,1730.00,3.27582198200,
"Kepler-1012 b",1.29000000,931.00,5.50860439000,
"Kepler-565 b",3.40000000,1096.00,4.24374300000,
"Kepler-1122 b",2.35000000,526.00,42.19183310000,
"Kepler-407 b",1.23000000,1968.00,0.66933560000,
"Kepler-24 b",2.80000000,997.00,8.14503500000,
"Kepler-353 b",1.08000000,549.00,5.79529710000,
"Kepler-169 f",2.95000000,321.00,87.09125940000,
"Kepler-194 c",2.65000000,752.00,17.30693000000,
"Kepler-1811 b",2.81000000,455.00,76.42150100000,
"K2-124 b",2.90000000,442.00,6.41365100000,
"Kepler-1267 b",2.20000000,699.00,13.03139450000,
"K2-24 c",7.82000000,606.00,42.36330000000,"G3"
"Kepler-1392 b",1.93000000,714.00,15.14089160000,
"Kepler-1652 b",1.39000000,288.00,38.09824000000,
"Kepler-704 b",2.59000000,1120.00,3.76182115000,
"K2-5 c",1.92000000,511.00,10.93406000000,
"K2-318 b",1.66000000,456.00,7.01000000000,
"Kepler-69 c",1.71000000,299.00,242.46130000000,"G4 V"
"Kepler-1412 b",0.61000000,1206.00,3.61460510000,
"Kepler-1194 b",1.84000000,783.00,16.22371307000,
"Kepler-1340 b",0.98000000,2070.00,0.66502691600,
"Kepler-1492 b",3.69000000,801.00,16.75255007000,
"Kepler-1330 b",1.90000000,789.00,10.10767400000,
"Kepler-315 b",3.40000000,382.00,96.10090000000,
"Kepler-201 b",2.77000000,710.00,25.67210000000,
"Kepler-300 b",1.88000000,812.00,10.44636649000,
"Kepler-1946 b",3163.54000000,1143.00,3.03520868800,
"Kepler-682 b",7.66000000,753.00,12.61190667200,
"Kepler-195 b",2.22000000,753.00,8.30784498000,
"Kepler-449 b",1.57000000,923.00,12.58227990000,
"Kepler-967 b",2.22000000,638.00,13.22714056000,
"Kepler-1364 b",1.94000000,1104.00,13.32196237000,
"Kepler-1816 b",1.85000000,315.00,91.50092370000,
"Kepler-1579 b",0.59000000,1139.00,0.84990673400,
"Kepler-664 b",2.71000000,1407.00,2.52559331500,
"Kepler-1906 b",2.00000000,895.00,7.36272300000,
"Kepler-268 c",2.52000000,479.00,83.44633350000,
"Kepler-313 b",1.91000000,785.00,14.97020810000,
"Kepler-613 b",2.11000000,713.00,15.77980122000,
"Kepler-246 b",2.37000000,906.00,4.60181685500,
"Kepler-292 c",1.79000000,1088.00,3.71545391000,
"Kepler-111 c",7.52000000,323.00,224.77820930000,
"Kepler-482 b",2.20000000,333.00,56.35418576000,
"Kepler-114 b",1.18000000,588.00,5.18856001000,"M0 V"
"Kepler-1125 b",1.58000000,646.00,17.67006420000,
"Kepler-761 b",2.24000000,902.00,10.12804789000,
"Kepler-609 b",2.60000000,932.00,6.52121066600,
"Kepler-1834 c",1.11000000,1491.00,0.76668953400,
"Kepler-1542 d",1.03000000,1111.00,5.99273738000,
"Kepler-1130 c",0.66000000,1086.00,3.26661203600,
"Kepler-223 d",3.77000000,762.00,14.78769446000,
"Kepler-524 c",1.03000000,1717.00,1.88897906000,
"Kepler-1427 b",1.08000000,1844.00,0.96898078100,
"Kepler-165 c",2.49000000,613.00,15.31307000000,
"Kepler-682 b",7.10000000,739.00,12.61190400000,
"Kepler-942 b",2.00000000,379.00,44.96407458000,
"Kepler-1443 b",0.79000000,1572.00,2.41811321000,
"Kepler-1376 b",1.08000000,1042.00,5.30873978000,
"Kepler-444 f",0.51000000,620.00,9.74048418000,
"HAT-P-49 b",15.83800000,2131.00,2.69154800000,"F"
"Kepler-381 d",1.09000000,1141.00,8.25621500000,
"Kepler-267 d",2.01000000,303.00,28.46462622000,
"Kepler-960 b",5.46000000,1392.00,3.12686223000,
"Kepler-1412 b",0.61000000,1206.00,3.61460510000,
"Kepler-411 d",3.51000000,367.00,58.01920070000,
"Kepler-1257 b",1.55000000,1252.00,2.66831376200,
"GJ 486 b",1.28900000,696.30,1.46712127000,
"Kepler-75 b",10.51000000,770.00,8.88492299500,
"HIP 9618 b",3.91576000,1060.00,20.77243160000,
"K2-32 b",5.38000000,769.00,8.99218000000,"G9 V"
"LHS 1678 c",1.04284070,510.90,3.69426040883,
"Kepler-1651 b",2.10831886,411.78,9.87868379954,
"Kepler-799 b",7.54000000,369.00,133.46052350000,
"Kepler-32 c",2.00000000,470.00,8.75220000000,"M1 V"
"Kepler-1374 b",1.70000000,595.00,10.65279700000,
"Kepler-1350 c",1.40000000,730.00,1.76678950900,
"Kepler-546 b",6.60000000,1238.00,4.14701980000,
"Kepler-1734 b",2.31000000,976.00,6.79685900000,
"Kepler-292 c",1.88000000,1075.00,3.71534500000,
"Kepler-1245 b",1.80000000,1046.00,4.35407500000,
"Kepler-1936 b",4.50000000,524.00,126.55752200000,
"Kepler-171 b",2.44000000,1024.00,4.16696217300,
"Kepler-1382 b",1.08000000,740.00,16.35830550000,
"Kepler-321 b",1.78000000,1116.00,4.91538706700,
"Kepler-373 c",1.15000000,665.00,16.72605200000,
"Kepler-324 e",1.80000000,618.00,13.97925000000,
"Kepler-305 d",2.68000000,590.00,16.73865956000,
"Kepler-740 b",4.87000000,1131.00,3.58410121600,
"Kepler-292 f",2.94000000,613.00,20.83429470000,
"Kepler-595 b",3.80000000,489.00,25.30286800000,
"Kepler-906 b",2.40000000,577.00,41.69831000000,
"Kepler-374 b",1.73000000,1761.00,1.89782881500,
"Kepler-355 b",1.50000000,878.00,11.03173070000,
"Kepler-28 c",2.02000000,604.00,8.98570000000,
"Kepler-884 b",1.16000000,964.00,5.69919592000,
"Kepler-1718 b",2.52000000,344.00,135.18980000000,
"Kepler-895 b",1.46000000,789.00,2.80624200000,
"GJ 3470 b",4.20000000,615.00,3.33714000000,"M1.5"
"KIC 9663113 b",3.78000000,232.00,572.38327700000,
"Kepler-1854 b",3.30000000,418.00,39.83101000000,
"Kepler-139 b",2.63000000,758.00,15.77101900000,
"Kepler-472 b",3.03000000,890.00,4.17625990000,
"HD 73344 b",2.88400000,911.00,15.61100000000,"F6 V"
"Kepler-750 c",1.58000000,1344.00,4.08899022000,
"Kepler-247 c",4.34000000,690.00,9.43946080100,
"Kepler-1600 b",2.96000000,209.00,386.37051200000,
"Kepler-1142 b",2.72000000,902.00,18.30272350000,
"Kepler-1316 b",2.70000000,384.00,87.97321360000,
"Kepler-1095 b",1.24000000,1108.00,4.27103091000,
"Kepler-1245 c",1.64000000,1189.00,2.93658468100,
"Kepler-122 f",1.81000000,487.00,56.25878850000,
"K2-273 b",4.42000000,672.00,11.71633200000,
"Kepler-235 e",1.83000000,273.00,46.18420390000,
"K2-345 b",2.11000000,437.00,10.36743700000,
"Kepler-238 e",5.71000000,625.00,23.65368621000,
"Kepler-1763 b",0.98000000,1821.00,1.48028058800,
"K2-189 b",1.52000000,1197.00,2.58830900000,
"Kepler-83 b",2.34000000,460.00,9.77058983000,"M0 V"
"Kepler-265 d",2.20000000,557.00,43.13080820000,
"Kepler-1463 b",1.76000000,619.00,25.15933890000,
"Kepler-326 d",3.35000000,1159.00,6.76691200000,
"Kepler-291 b",2.17000000,1212.00,3.54653414000,
"Kepler-1165 b",1.47000000,946.00,9.47850818000,
"Kepler-559 b",3.70000000,683.00,17.58756800000,
"Kepler-370 b",1.35000000,1040.00,4.57948235000,
"Kepler-1729 b",2.76000000,600.00,4.22096714800,
"Kepler-954 b",2.25000000,545.00,16.78175788000,
"Kepler-49 b",2.23000000,493.00,7.20385063600,
"Kepler-1209 b",1.67000000,755.00,25.36908680000,
"Kepler-601 b",1.77000000,836.00,5.37886844100,
"KOI-1783.01",7.50000000,372.00,134.47867230000,
"Kepler-80 c",2.16000000,495.00,9.52164463900,
"Kepler-194 b",1.46000000,1510.00,2.09228200000,
"TOI-4443.01",1.71932650,1638.82,1.84985670000,
"Kepler-1022 b",2.02000000,512.00,10.99469878000,
"Kepler-1395 b",1.18000000,1747.00,3.78470649000,
"Kepler-1486 b",2.26000000,517.00,54.64957590000,
"TOI-5319 b",3.74681000,695.00,4.07852730000,
"Kepler-51 b",7.30000000,514.00,45.15550300000,
"Kepler-1115 b",2.17000000,1381.00,23.55407250000,
"Kepler-265 b",1.66000000,1030.00,6.84619299000,
"Kepler-262 b",1.49000000,734.00,13.06076688000,
"Kepler-790 b",2.14000000,634.00,13.73469807000,
"Kepler-269 c",1.70000000,824.00,8.12810000000,
"Kepler-1351 b",0.60000000,1210.00,0.91614076800,
"Kepler-1175 b",3.50000000,520.00,37.94523000000,
"Kepler-1814 c",1.76000000,1711.00,0.62628176600,
"Kepler-944 b",2.46000000,463.00,43.31677370000,
"Kepler-126 d",2.89000000,461.00,100.28340000000,
"Kepler-112 c",2.80000000,608.00,28.57426490000,
"Kepler-1692 b",1.00000000,898.00,5.95960845000,
"Kepler-1815 b",2.50000000,751.00,12.19147100000,
"Kepler-58 b",3.10000000,920.00,10.21866016000,
"Kepler-1702 b",1.56000000,557.00,18.50101970000,
"Kepler-802 b",3.46000000,490.00,40.05874730000,
"Kepler-658 b",1.48000000,975.00,1.28707490000,
"Kepler-444 e",0.42000000,669.00,7.74347614000,
"Kepler-913 c",3.70000000,1357.00,5.93919041000,
"Kepler-1704 b",10.81000000,223.00,988.88111770000,
"Kepler-230 b",3791.05000000,506.00,32.62882975000,
"Kepler-312 b",1.02000000,1685.00,1.77245106600,
"Kepler-32 b",2.20000000,530.00,5.90120000000,"M1 V"
"Kepler-677 b",5.31000000,1015.00,6.57531588100,
"K2-335 b",2.21000000,949.00,12.28321100000,
"Kepler-117 c",12.34100000,704.00,50.79039100000,"F8 V"
"Kepler-633 b",2.18000000,1201.00,8.50340718000,
"Kepler-1990 c",1.10000000,1252.00,4.06844201000,
"Kepler-440 b",1.47000000,201.00,101.11149760000,
"Kepler-1436 b",1.46000000,962.00,9.70542000000,
"Kepler-501 b",4.11000000,1085.00,5.64067757200,
"Kepler-272 d",2.41000000,777.00,10.93725572000,
"Kepler-464 b",3.53000000,1163.00,7.25696244600,
"Kepler-1359 b",4.10000000,391.00,59.49786000000,
"Kepler-431 c",0.92000000,1231.00,8.70337044000,
"TOI-3523 A b",16.96610000,1970.00,2.30458300000,
"TOI-411 b",1.72000000,1378.00,4.04030100000,"F7/F8V"
"Kepler-953 c",1.16000000,846.00,9.10967112000,
"LTT 3780 b",1.32500000,903.00,0.76837931000,
"TOI-663 d",1.98952440,481.31,7.10247485855,
"TOI-3235 b",11.39953337,604.00,2.59261842000,"M V"
"TOI-2443 b",2.77310000,600.83,15.66949400000,
"TOI-2081 b",1.94792902,432.34,10.50543617136,
"TOI-1347 b",1.75365438,1678.55,0.84742180175,
"HAT-P-60 b",18.28184752,1772.00,4.79478130000,
"Kepler-63 b",6.31000000,843.00,9.43415770000,
"HATS-60 b",10.49720000,1390.00,3.56081120000,
"TOI-5542 b",13.80620000,462.00,75.12470370000,
"TOI-2641 b",18.10250383,1387.00,4.88097400000,"F9 V"
"L 98-59 b",0.85000000,627.00,2.25311360000,"M3 V"
"TOI-251 b",2.82698973,1041.19,4.93772273227,
"HATS-9 b",11.93758500,1823.00,1.91530730000,
"Gliese 12 b",0.90000000,315.00,12.76142000000,"M4 V"
"TOI-1680 b",1.46600000,404.00,4.80263450000,"M4.5+/-0.5"
"K2-353 b",5.55000000,735.00,15.46680500000,
"TOI-1203 d",2.96414610,662.89,25.51953069147,
"Kepler-1533 b",2.36000000,298.00,308.54710000000,
"Kepler-267 d",1.87000000,301.00,28.46464804000,
"Kepler-37 b",0.30980000,718.00,13.36702000000,
"Kepler-65 b",1.50000000,1726.00,2.15490903900,
"WASP-42 b",10.78010000,953.00,4.98167840000,
"HD 20329 b",1.67736000,1576.00,0.92606320000,
"Kepler-853 b",1.28000000,1077.00,7.16887900000,
"Kepler-210 b",2.23000000,736.00,2.45323589900,
"TOI-4504 c",11.47563310,182.80,82.92941142400,
"HAT-P-11 b",4.90100000,847.00,4.88780244300,
"Kepler-1424 b",0.90000000,542.00,29.60917440000,
"Kepler-57 c",1.58000000,652.00,11.60925700000,
"Kepler-1687 b",1.34000000,578.00,5.77955922000,
"Kepler-285 c",1.13000000,825.00,6.18677000000,
"Kepler-436 c",1.70000000,423.00,16.79713874000,
"Kepler-1794 b",1.94000000,703.00,9.76293284000,
"Kepler-43 b",12.08990794,1509.61,3.02411095069,
"TOI-4914 b",12.87000000,894.00,10.60057000000,
"TOI-1823 b",7.54062410,423.63,38.80000000000,
"NGTS-33 b",18.51530000,1611.00,2.82797160000,
"Kepler-18 d",5.96000000,720.00,14.85891268700,
"TOI-1346 c",2.23000000,928.00,5.50255800000,
"TOI-1634 b",1.79000000,924.00,0.98934300000,"M2"
"Kepler-1763 b",0.97000000,1822.00,1.48028346400,
"Kepler-291 b",2.17000000,1212.00,3.54653414000,
"HD 23472 c",1.87000000,467.00,29.79749000000,"K4 V"
"HD 73344 b",2.90333467,829.66,15.61136332661,
"HD 108236 e",3.00264281,620.36,19.59015780924,
"HD 108236 d",2.72000000,708.00,14.17555000000,"G3 V"
"HD 5278 b",2.45000000,943.00,14.33915600000,"F V"
"HD 63935 c",3.00104262,621.59,21.40031290000,
"HD 73583 b",2.62025000,671.00,6.39806420000,
"HD 28109 d",3.43591025,520.71,84.26076445013,
"HD 18599 b",2.67576585,918.68,4.13743791667,
"TOI-480 b",2.85372018,1198.94,6.86619600000,
"HD 25463 b",2.84649412,1199.74,7.04916084122,
"TOI-1135 b",9.34085000,1074.28,8.02772830000,
"TOI-1416 b",1.60037000,1590.00,1.06976210000,
"TOI-5076 b",3.20000000,615.00,23.44500000000,"K2 V"
"Kepler-347 b",1.99000000,811.00,12.79830440000,
"HATS-17 b",8.70939300,814.00,16.25461100000,"G V"
"Kepler-62 f",1.42000000,205.00,267.28330100000,
"K2-266 e",3.54834332,466.95,19.48348329613,
"TOI-2257 b",2.19400000,256.00,35.18934600000,"M3"
"K2-141 b",1.51000000,2103.00,0.28032440000,
"GJ 9827 c",1.24000000,771.00,3.64823000000,"K6 V"
"Kepler-1656 b",4.98000000,581.00,31.57868000000,
"KELT-17 b",17.06130004,1937.72,3.08017952767,
"Kepler-134 c",1.63000000,1054.00,10.10575303000,
"TOI-1696 b",3.24000000,533.00,2.50031000000,
"WD 1856+534 b",10.40000000,163.00,1.40794050000,
"TOI-5713 b",1.86054730,317.82,10.44198961033,
"GJ 9827 b",1.57700000,1175.00,1.20898190000,
"GJ 9827 d",1.98000000,675.00,6.20183000000,"K7 V"
"HATS-49 b",8.57488500,834.80,4.14804670000,
"TOI-3364 b",12.39250082,1212.81,5.87694378399,
"Kepler-1307 b",2.39000000,768.00,18.01612270000,
"Kepler-1564 b",1.51000000,635.00,18.05414690000,
"Kepler-366 b",1.48000000,1318.00,3.28192091000,
"Kepler-290 c",3.44000000,438.00,36.77047310000,
"Kepler-7 b",16.10000000,1413.00,4.88548917000,
"Kepler-37 d",2.03000000,499.00,39.79226220000,
"WASP-91 b",11.54527000,1160.00,2.79858100000,"K3"
"Kepler-18 d",5.96000000,720.00,14.85891268700,
"TOI-2136 b",2.19000000,395.00,7.85192800000,"M4.5 V"
"Kepler-685 b",9.74000000,1572.00,1.62552220000,
"TOI-532 b",5.82000000,867.00,2.32665080000,
"Kepler-20 e",0.86800000,1040.00,6.09849300000,
"HAT-P-14 b",13.66377100,1624.00,4.62766910000,
"HD 191939 c",3.08000000,605.00,28.58050000000,"G9 V"
"HD 191939 b",3.42000000,812.00,8.88040300000,"G8 V"
"HD 191939 c",3.23000000,552.00,28.58059000000,"G8 V"
"L 168-9 b",1.39000000,965.00,1.40150000000,"M1 V"
"WASP-117 b",11.76791831,972.96,10.02059977883,
"GJ 9827 d",1.95500000,612.00,6.20183000000,
"HD 2685 b",16.14096000,2061.00,4.12688000000,
"TOI-700 d",1.32965711,247.18,37.42368382742,
"K2-333 b",6.18000000,826.00,14.75928700000,
"TOI-1130 c",11.14240000,588.00,8.34998000000,
"TOI-5634 A b",10.42000000,837.00,2.20353730000,
"KOI-94 d",11.40000000,820.00,22.34300100000,
"TOI-904 c",2.16700000,217.26,83.99970000000,
"Kepler-485 b",13.63000000,1299.00,3.24325979600,
"TOI-1472 b",4.05800000,891.00,6.36338574000,
"Kepler-1086 c",2.88000000,211.00,161.51561700000,
"TOI-3912 b",14.28024141,1512.00,3.49362640000,
"TOI-5126 c",3.86000000,971.00,17.89990000000,"F V"
"TOI-1453 b",1.17405000,963.00,4.31352630000,
"TOI-4666 b",12.44196858,713.00,2.90891680000,"M2.5 V"
"HATS-46 b",10.55059224,970.63,4.74237090118,
"HD 6061 b",2.42763557,1075.31,5.25490000000,
"TOI-1180 b",3.00336000,707.00,9.68675160000,
"HATS-27 b",15.30454650,1543.85,4.63704787370,
"Kepler-548 b",12.21000000,1016.00,4.45419433800,
"TOI-4794 b",14.35870428,1673.00,3.56581160000,
"TOI-2570 b",13.64132951,1431.00,2.98876150000,
"K2-275 b",2.34000000,1166.00,3.28096260000,
"Kepler-1293 b",0.92000000,1183.00,5.57654782000,
"Kepler-1932 b",1.42000000,2045.00,0.52417609400,
"Kepler-139 d",1.95000000,992.00,7.30569992200,
"Kepler-1478 b",1.35000000,598.00,26.08412120000,
"Kepler-1756 b",1.34000000,1083.00,2.35574643400,
"TOI-4527.01",0.90866170,1362.93,0.39944450000,
"TOI-262 b",2.06714559,700.52,11.14527843821,
"HD 95338 b",3.89000000,385.00,55.08700000000,"K0.5 V"
"TOI-1470 c",2.47000000,373.00,18.08816000000,"M1.5 V"
"Kepler-76 b",15.24424000,2140.00,1.54492980000,
"TOI-4860 b",8.99483000,687.00,1.52299850000,
"K2-32 b",4.78034841,595.87,17.97586029496,
"TOI-1453 c",2.12746000,646.00,6.58868770000,
"TOI-558 b",13.53006831,1012.99,14.57289854281,
"HD 73583 c",2.39000000,498.00,18.87974000000,"K4 V"
"HD 152843 b",3.20755401,1003.11,11.62075439967,
"TOI-270 c",2.33000000,489.00,5.66051000000,
"Kepler-619 c",1.50000000,1768.00,1.20846502600,
"TOI-1194 b",8.76741000,1052.00,2.31064280000,
"TOI-1670 b",2.35616000,1043.00,10.98367240000,
"TOI-1347 c",1.61774045,938.91,4.84204381617,
"HAT-P-65 b",18.05766791,1818.00,2.60544751000,
"XO-5 b",11.76950648,1138.80,4.18783747823,
"TOI-4336 A b",2.04924027,290.94,16.33636652404,
"TOI-4507 b",15.82355748,562.01,104.61625569873,
"K2-18 b",2.37000000,284.00,32.93962300000,
"Kepler-143 b",1.82000000,767.00,16.00749754000,
"Kepler-1351 b",0.59000000,1174.00,0.91613900000,
"Kepler-58 c",2.94000000,799.00,15.57363700000,
"Kepler-119 b",3.60000000,1214.00,2.42208444800,
"HD 25463 c",1.33374248,1587.27,3.04404408205,
"TOI-561 d",2.87813921,331.79,25.71221573030,
"TOI-530 b",9.30345398,565.00,6.38759700000,"M0.5 V"
"WASP-108 b",16.33551942,1548.88,2.67555212374,
"TOI-1898 b",9.39553231,674.54,45.52234000000,
"TOI-4734 b",9.02698000,1397.00,6.23563560000,
"TOI-6109 b",3.92346000,700.00,5.69522230000,
"TOI-178 e",2.20700000,600.00,9.96188100000,"K"
"Kepler-24 e",43.17000000,792.00,18.99852790000,
"WASP-175 b",13.35240000,1406.00,3.06529260000,
"TOI-5678 b",4.91000000,513.00,47.73022000000,"G7 V"
"HD 23472 d",0.75758800,855.00,3.97668330000,
"Kepler-1651 b",1.76000000,353.00,9.88515530000,
"TOI-4201 b",13.33868703,728.00,3.58191980000,
"TOI-2977 b",13.15934334,1544.00,2.35056140000,
"HD 108236 c",2.06800000,932.00,6.20370000000,"G3 V"
"Kepler-14 b",12.62133400,1605.00,6.79012300000,
"Kepler-686 b",11.30000000,1539.00,1.59474537400,
"HIP 41378 b",2.44317000,912.00,15.57185520000,
"TOI-1438 b",3.04000000,971.00,5.13967000000,"K0 V"
"TOI-270 b",1.24700000,528.00,3.36008000000,"M3.0 V"
"HAT-P-25 b",12.66750036,1095.63,3.65281123783,
"TOI-3984 A b",7.17236000,548.00,4.35332110000,
"K2-19 d",1.11000000,1142.00,2.50810000000,
"L 98-59 d",1.62700000,416.00,7.45072900000,"M3 V"
"Kepler-19 b",2.13000000,764.00,9.28696882500,
"TOI-261.01",3.04498630,1722.49,3.36392540000,
"TOI-2796 b",15.08390000,797.00,4.80849800000,
"K2-114 b",10.55887800,719.00,11.39109000000,
"K2-19 c",4.31000000,797.00,11.90691000000,
"Kepler-1580 b",1.19000000,550.00,56.64492790000,
"Kepler-1246 b",1.51000000,554.00,11.32269749000,
"Kepler-358 b",2.80000000,539.00,34.06075000000,
"Kepler-1977 b",1.44000000,764.00,4.53699300000,
"K2-18 b",2.38000000,235.00,32.93963000000,
"HAT-P-31 b",13.63145276,1333.32,5.00526050340,
"K2-136 c",3.00000000,470.00,17.30713000000,
"Kepler-10 b",1.41600000,1833.00,0.83749500000,
"HD 191939 d",3.28435831,494.11,38.35112230000,
"Kepler-318 c",4.59000000,973.00,11.81500130000,
"WASP-183 b",15.41128052,1032.63,4.11177308956,
"K2-19 b",6.59307857,782.72,7.91778552860,
"K2-405 b",4.18368000,969.00,3.43551130000,
"TOI-1846 b",1.79200000,568.10,3.93067370000,
"TOI-2236 b",14.21160000,1349.00,3.53158970000,
"TOI-3884 b",6.00000000,463.00,4.54456970000,"M4"
"TOI-2427 b",1.80000000,1117.00,1.30600110000,
"HAT-P-66 b",15.64980000,1848.00,2.97207740000,
"TOI-4527.01",0.90866174,1247.03,0.39944449523,
"GJ 3473 b",1.26400000,773.00,1.19800350000,
"TOI-2818 b",15.27784069,1376.00,4.03970900000,
"TOI-1794 b",3.33026651,992.06,8.76554684874,
"TOI-1789 b",12.39210000,1287.00,3.20871490000,
"TOI-244 b",1.03000000,387.00,7.39726000000,"M2"
"Kepler-93 b",1.45952000,1190.00,4.72672570000,
"Kepler-74 b",8.60000000,922.00,7.34072390000,
"K2-182 b",2.70000000,982.00,4.73697290000,
"Kepler-318 b",5.89000000,1327.00,4.66271905800,
"NGTS-20 b",11.63480000,449.00,54.32124230000,
"TOI-4600 c",9.42000000,191.00,482.81910000000,"K V"
"TOI-1199 b",10.67800000,1182.00,3.67147170000,
"KELT-8 b",21.04984661,1428.21,3.24404536626,
"K2-141 c",7.00000000,695.00,7.74850000000,
"Kepler-18 c",4.75000000,858.00,7.64157060000,
"G 9-40 b",2.02500000,456.00,5.74600700000,"M2.5 V"
"TOI-2169 A b",10.43750000,1068.00,8.21485050000,
"HATS-38 b",6.46377652,1154.21,4.37446138037,
"WASP-114 b",14.50617801,1884.12,1.54872452039,
"Kepler-19 b",2.53000000,781.00,9.28700900000,
"Kepler-210 c",3.23000000,497.00,7.97251346900,
"K2-105 b",3.59000000,928.00,8.26699280000,
"Kepler-44 b",12.71000000,1460.00,3.24673265100,
"TOI-1266 c",1.98000000,346.00,18.80270000000,"M2"
"K2-265 b",1.67600000,1257.00,2.36906000000,
"HIP 65 A b",5.91629233,1320.95,0.98097200000,
"Kepler-1497 b",1.69000000,898.00,8.74199772000,
"Kepler-1465 b",1.74000000,414.00,31.82771110000,
"Kepler-528 b",2.10000000,708.00,19.78302590000,
"Kepler-849 b",8.26000000,337.00,394.62449040000,
"Kepler-700 b",5.40000000,391.00,80.87159000000,
"Kepler-341 d",1.96000000,627.00,27.66659710000,
"Kepler-1745 b",1.67000000,1305.00,3.01618319000,
"Kepler-1302 b",1.48000000,778.00,8.83922659000,
"Kepler-1564 b",1.39000000,623.00,18.05403810000,
"Kepler-659 b",2.33000000,516.00,17.67179600000,
"HATS-56 b",17.02570000,1597.00,4.32477080000,
"TOI-1295 b",14.96857787,1671.12,3.19688379721,
"TOI-6034 b",12.14508691,661.87,2.57617955980,
"TOI-2497 b",11.14172682,1595.00,10.65566900000,
"TOI-2570 b",14.06998283,1307.24,2.98876544176,
"TOI-3682 b",12.17270000,1438.00,3.34626710000,
"WASP-91 b",11.95149929,1089.15,2.79858018417,
"HD 183579 b",3.57668278,689.36,17.47130782378,
"KOI-94 b",1.71000000,1486.00,3.74320800000,
"HATS-33 b",13.78707000,1429.00,2.54955510000,
"K2-131 b",2.13418186,2008.02,0.36930571984,
"TOI-1249 b",3.25485000,735.00,13.07915810000,
"Kepler-686 b",11.77000000,1540.00,1.59474546300,
"Kepler-91 b",15.39000000,1917.00,6.24668005000,
"Kepler-84 f",2.29000000,572.00,44.55202660000,
"K2-27 b",5.77000000,991.00,6.77131000000,
"HAT-P-70 b",20.96083000,2562.00,2.74432452000,
"WASP-145 A b",10.50455992,1073.11,1.76901210453,
"Kepler-396 b",3.49000000,531.00,42.99255302000,
"TOI-6628 b",10.98480109,833.00,18.18424000000,
"HIP 29442 c",1.55100000,1123.00,3.53795590000,
"Kepler-450 c",2.59000000,944.00,15.41308120000,
"Kepler-120 b",2.00000000,575.00,6.31250852500,
"Kepler-545 b",2.47000000,767.00,13.24934059000,
"Kepler-1383 b",1.16000000,910.00,13.90935830000,
"Kepler-430 b",2.95000000,674.00,35.96826920000,
"Kepler-536 b",6.18000000,1876.00,1.82708229900,
"Kepler-1120 b",1.51000000,1028.00,2.94902905200,
"Kepler-529 b",2.10000000,1662.00,1.98035667400,
"Kepler-254 b",3.68000000,983.00,5.82665919400,
"Kepler-63 b",5.57000000,789.00,9.43415108900,
"K2-167 b",2.30000000,1174.00,9.97748000000,
"Kepler-367 c",1.36000000,350.00,53.57783760000,
"Kepler-506 b",2.67000000,1086.00,6.88340550000,
"TOI-1824 b",2.74382690,528.67,22.80853300000,
"L 168-9 b",1.46168531,891.64,1.40151826017,
"TOI-1452 b",1.67200000,326.00,11.06201000000,"M4 +/- 0.5 V"
"K2-334 b",5.67086336,1369.87,5.11383503556,
"Kepler-490 b",12.13000000,1422.00,3.26869515400,
"WASP-83 b",12.19560000,1095.00,4.97129800000,
"TOI-2136 b",2.20000000,378.00,7.85192500000,
"K2-216 b",1.63000000,992.00,2.17478200000,
"TOI-1836 b",8.00321222,966.00,20.38079900000,
"Kepler-74 b",14.41000000,1155.00,7.34071474600,
"TOI-5027 b",10.76062147,1056.00,10.24368000000,
"K2-141 b",1.54000000,2039.00,0.28032260000,"K7 V"
"Kepler-685 b",11.29718035,1513.13,1.62551235522,
"HAT-P-68 b",12.01604800,1027.80,2.29840551000,"K"
"Kepler-41 b",9.98000000,1730.00,1.85555800000,"G6 V"
"TOI-3837 b",11.02330000,954.00,11.88864950000,
"Kepler-425 b",9.94000000,972.00,3.79701833500,
"TOI-1691 b",2.88015000,834.00,16.73689950000,
"Kepler-10 c",2.28000000,521.00,45.29431717000,
"TOI-6002 b",1.65000000,321.40,10.90482100000,"M3.5+/-0.5"
"TIC 257060897 b",17.26183028,1775.00,3.66003639000,"F"
"Kepler-428 b",11.87000000,955.00,3.52563256100,
"K2-32 d",3.48400000,550.00,31.71701000000,
"WASP-151 b",12.66617000,1290.00,4.53347100000,"G1"
"TOI-451 d",4.07000000,722.00,16.36498800000,
"Kepler-606 b",2.78000000,679.00,24.31575992000,
"Kepler-231 b",1.91000000,488.00,10.06524317000,
"Kepler-858 b",5.41000000,425.00,76.13602028000,
"Kepler-313 c",2.31000000,683.00,32.27538530000,
"HAT-P-26 b",7.30825542,1080.00,4.23450213000,
"WASP-147 b",11.72365754,1282.56,4.60274981778,
"Kepler-1224 b",1.11000000,852.00,13.32351601000,
"Kepler-1439 b",1.30000000,392.00,8.07392849000,
"Kepler-1810 b",3.87000000,380.00,101.13234750000,
"Kepler-1675 b",2.59000000,465.00,63.03803660000,
"Kepler-200 c",2.90000000,987.00,10.22208400000,
"Kepler-276 d",2.58000000,525.00,48.64766010000,
"Kepler-577 b",1.68000000,315.00,25.69578251000,
"K2-233 c",1.33500000,728.00,7.06142000000,"K3"
"Kepler-1043 b",2.54000000,532.00,38.50533980000,
"Kepler-325 d",3.01000000,541.00,38.71468330000,
"Kepler-1839 b",1.15000000,1049.00,5.05661302000,
"Kepler-1812 b",2.49000000,1034.00,7.16521372000,
"WASP-192 b",12.86300000,1297.00,2.87866410000,
"Kepler-425 b",10.96200000,1070.00,3.79701816000,"K1 V"
"TOI-532 b",5.59112064,779.15,2.32663999021,
"TOI-157 b",14.41477400,1588.00,2.08454350000,"G9 IV"
"GJ 9827 b",1.68645000,1183.00,1.20897550000,
"Kepler-411 b",2.14343552,940.98,3.00519286222,
"WASP-178 b",20.28829000,2470.00,3.34482850000,"A1 IV-V"
"HATS-15 b",20.82300689,1746.99,1.74763304510,
"TOI-2076 b",2.39000000,738.00,10.35523500000,
"KOI-94 d",9.77000000,767.00,22.34296958500,
"TOI-2141 b",3.05000000,722.00,18.26157000000,
"TOI-1194 b",8.59728820,1391.00,2.31064400000,
"Kepler-18 d",6.39617029,679.13,14.85898876980,
"WASP-113 b",15.79348100,1496.00,4.54216874538,"G1"
"Kepler-10 b",1.43000000,1980.00,0.83749122500,
"Kepler-504 b",1.57000000,374.00,9.54927708900,
"Kepler-1799 b",2.67000000,770.00,11.92976844000,
"HAT-P-67 b",23.37076500,1903.00,4.81010250000,
"K2-155 c",2.60000000,583.00,13.85000000000,
"TOI-1685 b",1.70000000,1069.00,0.66914030000,"M3.0 V"
"K2-3 c",1.56000000,374.00,24.64745000000,
"TOI-654.01",2.37800000,794.00,1.52756100000,"M2 V"
"TOI-4602.01",2.36323000,1561.00,3.98130820000,
"WASP-54 b",18.52800000,1759.00,3.69364110000,"F9"
"Kepler-487 b",11.31000000,686.00,15.35876840300,
"K2-140 b",13.56286665,962.00,6.56918800000,"G6 V"
"HAT-P-68 b",13.70588688,963.63,2.29840578875,
"TOI-5386 A b",15.18930000,1202.00,3.62156150000,
"TOI-2000 b",2.70000000,1488.00,3.09833000000,
"WASP-23 b",12.79215388,1076.55,2.94442730106,
"TOI-406.01",2.08000000,368.00,13.17568200000,"M3"
"Kepler-134 c",1.63000000,878.00,10.10574500000,
"WASP-82 b",18.71903000,2190.00,2.70578200000,"F5"
"WASP-156 b",6.02802815,934.50,3.83616230000,
"LTT 9779 b",4.72000000,1978.00,0.79206410000,
"HIP 67522 b",9.38005266,1096.06,6.95939721380,
"Kepler-428 b",12.11000000,1070.00,3.52563254000,"K1 V"
"TOI-4336 A b",2.12000000,308.00,16.33633400000,"M3.5+/-0.5"
"TOI-1693 b",1.55747344,700.85,1.76669200948,
"Kepler-953 c",1.16000000,846.00,9.10967112000,
"K2-167 b",2.05153324,1062.30,9.97833192740,
"TOI-2337 b",11.56559794,1272.46,2.99426303712,
"Kepler-633 c",2.45000000,853.00,23.78324700000,
"Kepler-54 d",1.30000000,328.00,20.99587872000,
"Kepler-306 c",2.58000000,803.00,7.24022850000,
"Kepler-1964 b",14.68000000,997.00,2.44083640400,
"Kepler-119 b",3.62000000,1201.00,2.42207960000,
"Kepler-1185 b",1.39000000,355.00,104.35196240000,
"Kepler-760 b",4.02000000,892.00,8.70419416000,
"Kepler-163 c",2.23000000,623.00,21.34736120000,
"Kepler-1156 b",1.25000000,812.00,11.89520511000,
"Kepler-662 b",1.54000000,430.00,21.67697486000,
"Kepler-1261 b",2.30000000,395.00,48.43080000000,
"Kepler-526 b",2.18000000,1125.00,5.45849831600,
"K2-291 b",1.58900000,1278.00,2.22517700000,
"TOI-561 c",2.65840000,791.00,10.77883300000,
"Kepler-1514 c",1.25000000,943.00,10.51421162000,
"TOI-1301.01",2.58568531,737.36,6.09640744088,
"Kepler-14 b",12.21000000,1445.00,6.79012159900,
"Kepler-491 b",9.16000000,1118.00,4.22538451200,
"Kepler-1157 b",0.96000000,732.00,4.45743164000,
"Kepler-1611 b",0.66000000,887.00,5.17624290000,
"Kepler-1752 b",5.26000000,419.00,56.35922360000,
"Kepler-527 b",4.03000000,1157.00,13.28536452000,
"NGTS-17 b",13.89913607,1457.00,3.24253000000,"G4 V"
"TOI-1772.01",2.83377057,877.67,8.05422072638,
"KOI-94 d",11.33550324,804.68,22.34287730045,
"HATS-34 b",13.08687204,1308.04,2.10615687963,
"TOI-2364 b",9.57594000,1062.00,4.01975550000,
"TOI-2285 b",1.74000000,284.00,27.26955000000,
"TOI-238 b",1.57925000,1412.00,1.27309650000,
"TOI-1759 b",3.14000000,443.00,18.85019000000,"M0.0 V"
"WASP-173 A b",12.98116186,1679.41,1.38665190413,
"HIP 94235 b",3.00403804,981.46,7.71212084088,
"Kepler-714 b",9.19000000,976.00,8.09888798600,
"Kepler-523 b",1.93000000,892.00,5.83598311100,
"Kepler-210 c",3.39000000,495.00,7.97251320000,"M0 V"
"Kepler-522 b",4.76000000,652.00,38.58422849000,
"TOI-1468 b",1.40100000,683.50,1.88052010000,
"TOI-6130 b",14.34749530,1750.00,2.39267900000,"F"
"Kepler-289 c",18.17000000,487.00,125.86543389000,
"HD 118203 b",13.13830000,1509.00,6.13497830000,
"Kepler-25 c",4.51000000,941.00,12.72037435400,
"Wolf 503 b",2.04300000,789.00,6.00127000000,
"Kepler-1841 b",1.58000000,577.00,25.88612900000,
"Kepler-1921 c",1.41000000,1791.00,3.15722086000,
"Kepler-148 d",8.95000000,416.00,51.84688575000,
"Kepler-349 c",2.09000000,772.00,12.24769000000,
"Kepler-69 b",2.28000000,746.00,13.72237104000,
"K2-346 b",2.99459349,439.45,26.19445485478,
"HATS-35 b",16.40997600,2037.00,1.82099930000,
"TOI-622 b",9.30024126,1274.23,6.40252947289,
"Kepler-731 b",13.61000000,1212.00,3.85560391600,
"Kepler-10 b",1.37000000,1903.00,0.83749080000,
"Kepler-1983 b",88.52000000,797.00,7.32849062000,
"Kepler-318 b",4.47852383,1077.21,4.66263198182,
"NGTS-24 b",13.60770257,1499.00,3.46787960000,"G2 IV"
"Kepler-1624 b",7.52960695,629.40,3.29031359088,
"TOI-674 b",5.25000000,635.00,1.97714300000,"M2 V"
"TOI-4773 b",14.14533494,2012.90,1.74548279134,
"HATS-64 b",15.96197585,1680.07,4.90888191904,
"CoRoT-20 b",9.42000000,1002.00,9.24285000000,"G2 V"
"K2-29 b",11.20900000,1076.00,3.25892630000,"K1 V"
"Kepler-858 b",5.41000000,425.00,76.13602028000,
"TOI-163 b",16.69020100,1669.00,4.23130600000,"F"
"K2-115 b",12.49803500,682.00,20.27303400000,
"K2-3 d",1.61000000,300.00,44.55765000000,"M0 V"
"K2-271 b",7.28000000,893.00,8.56242100000,
"Kepler-15 b",14.44840100,1251.00,4.94278200000,
"WASP-71 b",16.37000000,2049.00,2.90367470000,"F8"
"K2-32 b",5.29900000,837.00,8.99200000000,
"WASP-172 b",20.34330000,1735.00,5.47744330000,
"WASP-44 b",12.25627190,1235.08,2.42382258353,
"Kepler-65 c",2.36000000,1142.00,5.85993300000,
"TOI-3071 b",7.13535000,1985.00,1.26693820000,
"Kepler-730 b",8.70000000,1022.00,6.49167170000,
"TOI-1235 b",2.00495000,1086.00,3.44470150000,
"Qatar-10 b",17.29548700,1955.00,1.64532100000,"F7 V"
"Kepler-196 b",2.10000000,569.00,20.74011000000,
"TOI-2010 b",11.75821955,437.20,1134.67239633331,
"TOI-481 b",11.94280000,1111.00,10.33116640000,
"TOI-1478 b",12.34220000,1119.00,10.18020140000,
"Kepler-10 b",1.45000000,1968.00,0.83749133100,
"HD 136352 b",1.54221286,806.33,11.57783620835,
"K2-35 b",1.40000000,979.00,2.39984000000,"K4 V"
"Kepler-1066 b",2.55000000,1513.00,1.93155983900,
"WASP-158 b",12.80310000,1527.00,3.65688000000,
"Kepler-447 b",16.51000000,882.00,7.79430204300,
"55 Cnc e",2.08000000,1958.00,0.73654370000,
"WASP-70 A b",13.04700000,1387.00,3.71302030000,"G4"
"HD 183579 b",3.53000000,748.00,17.47127500000,"G2 V"
"K2-141 b",1.64829000,2211.00,0.28032460000,
"WASP-61 b",13.56289000,1624.40,3.85589800000,
"HATS-16 b",14.57170000,1592.00,2.68650200000,"G3 V"
"TOI-1266 b",2.45800000,410.00,10.89487900000,"M2 V"
"WASP-167 b",20.15480000,2096.00,2.02195830000,
"TOI-2580 b",17.37392009,2410.00,3.39775000000,"F"
"TOI-1468 c",2.12600000,338.10,15.53247700000,
"K2-105 b",3.44807000,958.00,8.26695890000,
"Kepler-314 b",0.84000000,1195.00,2.46106962000,
"Kepler-8 b",14.83000000,1521.00,3.52249857300,
"K2-32 c",3.01000000,577.00,20.66093000000,
"HAT-P-36 b",15.21061300,1820.20,1.32734660000,
"Kepler-1010 b",2.47000000,498.00,34.26857050000,
"Kepler-1774 b",3.17000000,522.00,59.77114330000,
"Kepler-1714 b",3.17000000,1219.00,10.27531708000,
"Kepler-275 c",2.84000000,838.00,16.08821000000,
"Kepler-661 b",3.14000000,685.00,6.02930132100,
"Kepler-1157 b",0.96000000,732.00,4.45743164000,
"Kepler-1783 b",2.38000000,1088.00,8.27744313000,
"Kepler-1051 b",3.25000000,850.00,25.96190067000,
"Kepler-291 b",2.17000000,1212.00,3.54653414000,
"Kepler-101 b",5.77000000,1513.00,3.48768120000,"G3 IV"
"Kepler-1002 b",1.50000000,1308.00,4.33649100000,
"LP 890-9 b",1.32000000,396.00,2.72990250000,"M6 V"
"HD 207897 b",2.38101000,641.00,16.20168170000,
"Kepler-25 b",2.97282834,1255.46,6.23875501335,
"TOI-1683.01",2.48784863,848.22,3.05752396361,
"Kepler-718 b",13.38000000,1495.00,2.05234990500,
"K2-140 b",12.27385500,1114.00,6.56930000000,"G5"
"GJ 3929 b",1.09000000,568.00,2.61623500000,
"Kepler-118 c",7.19000000,619.00,20.17202386600,
"TRAPPIST-1 d",0.77200000,288.00,4.04961000000,
"Kepler-191 c",2.11000000,578.00,17.73852054000,
"HATS-12 b",15.13215000,2097.00,3.14283300000,"F"
"TOI-3714 b",11.32107051,750.00,2.15484900000,"M2"
"Kepler-468 b",13.26000000,484.00,38.47876629000,
"WASP-153 b",17.37395000,1700.00,3.33260900000,"G0"
"WASP-102 b",14.99720000,1582.00,2.70963100000,
"Kepler-1745 b",1.50000000,1295.00,3.01614800000,
"Kepler-1038 b",3.61000000,285.00,148.46018190000,
"TOI-451 c",2.72510061,768.70,9.19107915063,
"TOI-2095 b",1.29848587,351.27,17.66486600198,
"Kepler-957 b",5.10000000,769.00,5.90741476000,
"Kepler-1581 b",0.75000000,1117.00,6.28385491000,
"Kepler-1158 b",1.55000000,952.00,13.53962930000,
"Kepler-1734 b",2.12000000,985.00,6.79684436000,
"Kepler-1276 b",1.09000000,886.00,12.57228970000,
"Kepler-286 e",1.79000000,582.00,29.22151010000,
"TOI-4010 d",6.18000000,650.00,14.70886000000,"K V"
"HD 56414 b",3.71000000,1133.00,29.04992000000,
"K2-108 b",5.33000000,1360.00,4.73399900000,
"TOI-270 d",2.13000000,340.00,11.38014000000,"M3.0 V"
"EPIC 246851721 b",11.78065900,1401.00,6.18023500000,"F5 V"
"TOI-1420 b",11.89000000,957.00,6.95610630000,
"TOI-836 b",1.70400000,871.00,3.81673000000,"K V"
"Kepler-18 b",2.11000000,1165.00,3.50468755400,
"GJ 238 b",0.56600000,758.00,1.74469990000,"M2.5 V"
"Wendelstein-2 b",12.99347280,2470.00,1.75222390000,"K6 V"
"Kepler-37 c",0.71000000,562.00,21.30199109000,
"TOI-5300 b",11.96920000,944.00,2.26235350000,
"Kepler-7 b",18.17595570,1576.38,4.88548438506,
"Kepler-173 c",2.36000000,956.00,8.00579096000,
"HAT-P-35 b",13.28441341,1434.11,3.64666120531,
"TOI-3082 b",3.42735000,943.00,1.92680370000,
"GJ 3470 b",4.57000000,593.50,3.33664960000,
"Kepler-607 b",0.91000000,1874.00,0.63816293300,
"K2-3 c",1.72000000,344.00,24.64658200000,
"Kepler-1514 c",1.92000000,1364.00,10.51420148000,
"WASP-123 b",14.77346200,1520.00,2.97764120000,"G5"
"Kepler-353 b",1.08000000,549.00,5.79529710000,
"Kepler-1821 b",1.98000000,678.00,16.45819349000,
"Kepler-957 b",5.04000000,769.00,5.90741353700,
"WASP-102 b",14.90794433,1671.00,2.70981300000,
"K2-18 b",2.53362939,260.44,32.93737167947,
"Kepler-447 b",6.06000000,862.00,7.79430131600,
"K2-87 b",7.23871000,1214.00,9.72665000000,
"K2-114 b",11.19847412,667.45,11.39096852897,
"Kepler-37 b",0.27000000,656.00,13.36693090000,
"Kepler-102 b",0.51000000,792.00,5.28691996000,
"HD 73583 c",2.73000000,517.80,18.88050000000,"K4"
"55 Cnc e",2.02311213,1831.27,0.73654625026,
"HD 35843 c",2.46806953,468.46,46.96210526091,
"GJ 3470 b",3.88000000,604.00,3.33664870000,
"TOI-756 b",3.18112137,827.95,1.23925693308,
"TOI-561 e",3.18580584,156.67,,
"Kepler-1341 b",2.51000000,241.00,132.99555030000,
"HD 101581 b",0.97945829,740.94,4.46606796561,
"TOI-1749 b",1.33994008,771.76,2.38890510104,
"K2-265 b",1.70824866,1366.00,2.36902000000,
"TOI-216.02",6.48401246,563.88,17.38904538708,
"Kepler-43 b",10.56000000,1402.00,3.02409489000,
"Kepler-1682 b",2.90000000,725.00,14.83220000000,
"Kepler-338 d",2.80000000,680.00,44.43013610000,
"Kepler-1804 b",3.14000000,913.00,12.28850922000,
"Kepler-164 d",2.70000000,637.00,28.98690160000,
"Kepler-971 b",4.77000000,1088.00,9.59063300000,
"Kepler-585 b",3.64000000,1400.00,2.75235975300,
"GQ Lup b",33.60000000,2650.00,,"K7e V"
"Kepler-1367 b",0.85000000,869.00,1.57409027200,
"Kepler-200 c",1.99000000,987.00,10.22214214000,
"Kepler-278 c",3.36000000,696.00,51.07575600000,
"Kepler-271 c",1.15000000,933.00,7.41103800000,
"Kepler-538 b",2.21500000,380.00,81.73778000000,
"HD 93963 A c",3.22800000,1344.00,3.64513980000,"G0 V"
"Kepler-548 b",12.21000000,1016.00,4.45419433800,
"WASP-171 b",10.98482000,1642.00,3.81862440000,"G0"
"HAT-P-53 b",14.77346200,1778.00,1.96162410000,
"TOI-6086 b",0.96506187,604.35,1.38885844017,
"TOI-2373 b",10.42435205,860.00,13.33668000000,
"Kepler-1276 b",1.09000000,909.00,12.57200950000,
"Kepler-21 b",1.63540000,1956.00,2.78575500000,"F6 IV"
"TOI-1231 b",3.87856800,122.22,24.24549669200,
"Kepler-412 b",13.46463141,1758.40,1.72085545095,
"TOI-2497 b",11.76308570,1433.45,10.65569402603,
"TOI-270 b",1.18437183,538.86,3.36013770678,
"HD 23472 f",1.13700000,630.00,12.16218390000,"K4 V"
"HATS-43 b",13.22662000,1003.00,4.38884970000,
"Kepler-40 b",13.80000000,1482.00,6.87316523200,
"TOI-2368 b",10.83908434,1000.00,5.17500730000,
"TOI-2257 b",2.22536959,230.78,35.18964443753,
"WASP-132 c",2.33320327,1385.85,1.01153358850,
"Kepler-1471 c",1.88000000,841.00,11.60448810000,
"Kepler-1479 b",1.73000000,746.00,14.53261362000,
"Kepler-1666 b",2.57000000,672.00,25.84745960000,
"Kepler-1130 d",0.64000000,981.00,4.27226421000,
"Kepler-671 b",2.33000000,1014.00,4.28095858800,
"Kepler-770 c",0.95000000,1368.00,1.47532231400,
"Kepler-894 b",3.23000000,896.00,9.80322400000,
"Kepler-1086 b",2.27000000,415.00,18.78425728000,
"Kepler-517 b",2.78000000,467.00,60.92818866000,
"Kepler-1842 b",2.34000000,822.00,14.02635723000,
"Kepler-587 b",2.16000000,767.00,10.94027841000,
"Kepler-1056 b",2.32000000,590.00,27.49560600000,
"HD 136352 d",1.62083261,1091.64,,
"TOI-178 d",2.54474000,622.00,6.55785130000,
"Kepler-411 d",3.31900000,410.00,58.02035000000,"K2 V"
"K2-29 b",12.87148683,1047.39,3.25883164155,
"TOI-892 b",11.99363000,1397.00,10.62656000000,"F"
"TOI-3486 b",10.57006880,1190.00,2.21778105000,
"TOI-270 d",2.25394645,358.83,11.37956533963,
"WASP-132 b",10.47865795,722.67,7.13351486122,
"Kepler-173 c",2.41000000,956.00,8.00578366500,
"Kepler-68 b",2.31000000,1280.00,5.39876300000,
"Kepler-396 c",6.07000000,417.00,88.51125630000,
"TOI-3884 b",5.76059038,413.60,4.54455690000,
"HD 101581 b",0.95600000,834.00,4.46569000000,
"CoRoT-20 b",15.39650566,935.32,9.24323029360,
"Kepler-685 b",9.74000000,1572.00,1.62552220000,
"TOI-700 b",1.03700000,417.00,9.97702000000,
"NGTS-2 b",17.87835500,1468.00,4.51116400000,"F5 V"
"TOI-2019 b",3.99579000,933.00,15.34681820000,
"WASP-192 b",13.78707000,1620.00,2.87867650000,"G0 V"
"Kepler-1344 b",1.79000000,1219.00,4.76830490000,
"K2-16 c",2.54000000,485.00,19.07863000000,"K3 V"
"Kepler-773 b",1.57000000,1196.00,3.74910300000,
"Kepler-135 b",1.72000000,1183.00,6.00253593900,
"HIP 116454 b",2.53000000,690.00,9.12050000000,"K1"
"K2-32 e",1.21200000,1066.00,4.34934000000,
"Kepler-19 b",2.13000000,764.00,9.28696882500,
"WASP-53 b",12.03846600,1053.00,3.30984430000,
"TOI-1634 b",1.74900000,920.00,0.98934360000,
"HAT-P-63 b",12.54284940,1237.00,3.37772800000,
"Kepler-1727 b",2.72000000,757.00,9.02930890000,
"Kepler-1594 b",1.04000000,1388.00,2.71603809000,
"Wolf 327 b",1.49695306,988.25,0.57347655189,
"Kepler-302 c",9.32000000,352.00,127.28240310000,
"Kepler-210 c",3.23000000,497.00,7.97251346900,
"TOI-5181 A b",13.34989601,1585.00,3.89222950000,
"Kepler-1484 b",2.30000000,624.00,30.45491360000,
"Kepler-1145 b",1.60000000,965.00,3.97080500000,
"Kepler-1152 b",0.91000000,840.00,1.64680190800,
"Kepler-1411 b",3.24000000,444.00,86.11508880000,
"Kepler-1304 b",2.31000000,627.00,16.12888530000,
"Kepler-348 b",1.49000000,1060.00,7.05674700000,
"Kepler-1964 b",14.68000000,997.00,2.44083640400,
"Kepler-1982 b",1.04000000,1554.00,3.82316376000,
"Kepler-256 e",1.80000000,825.00,10.68167916000,
"Kepler-1585 b",1.72000000,1064.00,3.58274630000,
"Kepler-1240 b",1.14000000,1052.00,4.86638150000,
"Kepler-584 b",4.02000000,656.00,35.18103040000,
"Kepler-1165 c",2.02000000,628.00,29.96819000000,
"Kepler-517 b",3.12000000,462.00,60.92920000000,
"Kepler-230 c",2.13000000,358.00,91.77221000000,
"Kepler-1588 b",0.78000000,925.00,7.84931739000,
"Kepler-908 b",1.17000000,1764.00,1.34063800000,
"K2-225 b",3.49000000,902.00,15.87209000000,
"Kepler-600 b",2.81000000,527.00,23.67517607000,
"Kepler-769 b",2.47000000,1037.00,7.42608123000,
"Kepler-1264 b",1.21000000,1677.00,0.96852768300,
"Kepler-42 b",0.78000000,519.00,1.21376720000,"M"
"Kepler-323 b",1.38100000,1838.00,1.67832800000,
"Kepler-986 b",2.09000000,444.00,56.43499380000,
"Kepler-780 b",0.97000000,2173.00,0.67737516400,
"KOI-1783.01",10.52000000,412.00,134.47851890000,
"Kepler-1547 b",0.82000000,2210.00,0.69297967600,
"Kepler-1802 b",1.24000000,557.00,7.72515184000,
"Kepler-253 c",2.70000000,687.00,10.28192877000,
"Kepler-1754 b",2.20000000,672.00,8.19593235000,
"Kepler-556 b",2.13000000,797.00,11.72292176000,
"Kepler-391 b",2.16000000,1279.00,7.41682000000,
"K2-416 b",2.66000000,447.00,13.10200000000,"M V"
"Kepler-1200 b",1.05000000,1182.00,1.11854971700,
"Kepler-499 b",2.10000000,841.00,5.63252845300,
"Kepler-1192 b",2.57000000,600.00,25.20347870000,
"Kepler-1593 b",1.91000000,187.00,174.50983500000,
"Kepler-1922 b",1.47000000,740.00,13.22262080000,
"Kepler-1990 b",3.27000000,1554.00,1.73513619000,
"Kepler-80 d",1.47000000,851.00,3.07216900000,
"Kepler-1762 b",2.74000000,735.00,29.53913280000,
"Kepler-1121 b",1.87000000,1008.00,13.15140223000,
"Kepler-632 b",2.42000000,524.00,30.99660733000,
"Kepler-444 d",0.65000000,783.00,6.18943952000,
"Kepler-200 b",2.54000000,1045.00,8.59477700000,
"KOI-1783.02",4.40000000,290.00,284.06095300000,
"Kepler-1318 b",2.72000000,202.00,213.25852600000,
"Kepler-660 b",2.52000000,649.00,9.27358194000,
"Kepler-1180 b",1.71000000,765.00,16.86008050000,
"Kepler-384 c",1.61000000,531.00,45.34863810000,
"Kepler-196 b",3.68000000,756.00,20.73991798000,
"Kepler-270 b",1.83000000,1001.00,11.47610130000,
"Kepler-1848 b",1.25000000,774.00,5.60402307000,
"Kepler-652 b",2.57000000,1022.00,4.18200253100,
"Kepler-1777 b",2.59000000,819.00,12.18420006000,
"Kepler-1786 b",2.63000000,434.00,78.54616380000,
"Kepler-1838 b",1.75000000,1097.00,12.14684625000,
"Kepler-55 b",1.90000000,400.00,27.95413370000,
"Kepler-538 b",2.13000000,381.00,81.73780699000,
"Kepler-257 b",2.67000000,1237.00,2.38265216900,
"Kepler-1804 b",3.14000000,913.00,12.28850922000,
"Kepler-1085 b",6.43000000,313.00,219.32175280000,
"Kepler-1408 b",0.84000000,1512.00,2.99793191000,
"Kepler-331 b",1.99000000,538.00,8.45747483000,
"Kepler-172 b",2.59000000,1256.00,2.94030481700,
"Kepler-1604 b",1.39000000,1612.00,0.68368425600,
"Kepler-1388 c",2.30000000,616.00,5.53606800000,
"Kepler-29 c",3.50000000,759.00,13.28992000000,
"Kepler-341 b",1.25000000,1095.00,5.19550000000,
"Kepler-394 c",1.81000000,926.00,12.13065293000,
"Kepler-712 c",4.48000000,244.00,226.89047000000,
"Kepler-1047 b",1.79000000,468.00,56.18868870000,
"Kepler-1749 b",1.38000000,428.00,14.53410194000,
"Kepler-1581 b",0.75000000,1117.00,6.28385491000,
"Kepler-298 c",2.08000000,416.00,22.92886314000,
"Kepler-1401 b",1.37000000,808.00,11.20066445000,
"Kepler-213 b",1.21000000,1290.00,2.46234217500,
"Kepler-246 c",1.46000000,661.00,11.18714000000,
"Kepler-62 e",1.54000000,255.00,122.38742000000,
"Kepler-976 b",3.81000000,322.00,105.95641480000,
"Kepler-507 b",1.22000000,1345.00,3.56809692600,
"Kepler-228 b",1.56000000,1336.00,2.56657500000,
"Kepler-24 d",1.61000000,1234.00,4.24437621000,
"Kepler-1026 b",2.55000000,425.00,36.51576390000,
"Kepler-564 b",4.74000000,1129.00,3.75083228500,
"Kepler-30 d",9.37000000,321.00,143.21515000000,
"Kepler-245 b",2.98000000,821.00,7.49017229000,
"Kepler-49 d",1.51000000,697.00,2.57653594000,"M1 V"
"Kepler-52 d",1.96000000,326.00,36.44591000000,
"Kepler-1942 b",1.60000000,1011.00,4.62602724600,
"K2-11 b",7.55000000,734.00,39.93767000000,
"Kepler-1542 e",0.85000000,1065.00,5.10110666000,
"Kepler-1135 b",2.07000000,457.00,76.96110000000,
"Kepler-299 c",1.98000000,933.00,6.88595559000,
"Kepler-240 b",1.54000000,884.00,4.14451776000,
"Kepler-1941 b",1.99000000,670.00,31.33513970000,
"Kepler-1487 c",7.97000000,991.00,35.80071120000,
"Kepler-676 b",3.07000000,400.00,11.59822172000,
"Kepler-309 b",0.99000000,531.00,5.92365747000,
"Kepler-373 c",1.43000000,671.00,16.72617000000,
"Kepler-307 c",3.21000000,792.00,13.08424096000,
"Kepler-324 b",1.04000000,909.00,4.38531600000,
"Kepler-1259 b",1.48000000,1701.00,0.66308525800,
"Kepler-379 c",2.12000000,523.00,62.78450020000,
"Kepler-538 b",2.21500000,417.00,81.73778000000,
"Kepler-306 c",2.58000000,803.00,7.24022850000,
"Kepler-372 c",2.47000000,792.00,20.05450770000,
"Kepler-1810 b",3.79000000,380.00,101.13265680000,
"Kepler-1835 b",2.70000000,816.00,11.96712000000,
"Kepler-190 b",1.43000000,1186.00,2.02000102100,
"Kepler-1877 b",0.53000000,1278.00,2.37752442000,
"K2-242 b",2.54000000,416.00,6.51389000000,
"Kepler-521 b",4.30000000,953.00,22.20792000000,
"Kepler-1947 b",1.44000000,1297.00,6.96355103000,
"Kepler-1114 b",2.81000000,871.00,14.97441000000,
"Kepler-131 b",1.98000000,700.00,16.09197176000,
"Kepler-1181 b",1.57000000,1358.00,4.89337519000,
"Kepler-376 c",2.03000000,868.00,14.17258000000,
"Kepler-576 b",4.06000000,626.00,29.91136794000,
"Kepler-937 c",2.40000000,377.00,153.34336400000,
"KOI-351 c",1.36000000,981.00,8.71989000000,
"Kepler-238 c",1.70000000,931.00,6.15554100000,
"Kepler-1995 b",5.40000000,391.00,73.75710000000,
"Kepler-1173 b",0.91000000,1643.00,0.76985360000,
"Kepler-204 c",1.47000000,669.00,25.65950000000,
"Kepler-1119 b",1.68000000,938.00,8.32651530000,
"Kepler-1191 b",1.73000000,952.00,5.60013327000,
"Kepler-384 c",1.33000000,499.00,45.34700000000,
"Kepler-1529 b",1.94000000,817.00,5.33905686000,
"Kepler-976 b",3.79000000,324.00,105.95668150000,
"Kepler-344 c",3.10000000,359.00,125.59630000000,
"Kepler-217 d",1.14000000,1533.00,3.88689525000,
"Kepler-30 d",9.36000000,308.00,143.20635180000,
"Kepler-85 d",1.27000000,644.00,17.91337390000,
"Kepler-1370 b",1.77000000,793.00,20.26416840000,
"Kepler-1693 c",0.95000000,957.00,5.36374214000,
"Kepler-1587 b",1.32000000,981.00,9.40604670000,
"Kepler-1449 b",1.72000000,867.00,13.22745280000,
"Kepler-1025 b",2.00000000,598.00,37.32281000000,
"Kepler-771 b",1.67000000,890.00,8.73485836000,
"Kepler-467 b",2.28000000,719.00,24.99324193000,
"Kepler-224 e",2.00000000,540.00,18.64351600000,
"Kepler-1122 b",2.01000000,479.00,42.19173570000,
"Kepler-181 b",1.33000000,1031.00,3.13784882900,
"Kepler-342 e",0.83000000,1820.00,1.64422461300,
"Kepler-1121 b",1.53000000,981.00,13.15127000000,
"Kepler-1513 b",9.16000000,346.00,160.88465087000,
"Kepler-1102 b",3.40000000,546.00,51.32920000000,
"KOI-1599.02",64.05000000,755.00,13.61634560000,
"Kepler-1139 b",1.03000000,1613.00,0.81316671900,
"Kepler-1827 b",1.24000000,1329.00,3.70063251000,
"Kepler-1304 b",2.94000000,715.00,16.12896790000,
"Kepler-874 b",3.10000000,560.00,40.06867130000,
"Kepler-106 d",1.31000000,649.00,23.98008540000,
"Kepler-1357 b",1.26000000,1219.00,3.00912100000,
"Kepler-835 b",2.37000000,859.00,11.41904000000,
"Kepler-1772 b",1.54000000,1155.00,3.21510938500,
"Kepler-1198 b",1.79000000,941.00,7.68477160000,
"Kepler-1107 b",1.38000000,1879.00,0.57103851800,
"Kepler-795 b",1.76000000,579.00,29.61934210000,
"Kepler-205 c",1.85000000,407.00,20.30659100000,
"EPIC 220674823 b",1.72500000,2300.00,0.57129200000,
"Kepler-50 b",1.54000000,1198.00,7.81285840000,
"CoRoT-9 b",11.94879400,420.00,95.27265600000,
"Kepler-254 c",2.28000000,764.00,12.41217869000,
"Kepler-755 c",1.29000000,1047.00,2.85313364400,
"Kepler-58 c",2.93000000,799.00,15.57363551000,
"Kepler-1839 b",1.19000000,1049.00,5.05661845000,
"Kepler-861 b",2.10000000,927.00,3.94963300000,
"Kepler-1019 b",1.71000000,1164.00,1.41123002300,
"Kepler-427 b",10.10000000,898.00,10.29099880000,
"K2-6 b",2.50000000,615.00,30.94191000000,
"Kepler-267 c",2.02000000,487.00,6.87744989700,
"Kepler-1039 b",1.10000000,1305.00,0.93489180000,
"Kepler-184 c",2.04000000,634.00,20.30302457000,
"Kepler-290 b",2.18000000,596.00,14.58932462000,
"Kepler-929 b",1.12000000,1831.00,0.92105600000,
"Kepler-801 b",2.05000000,524.00,11.41926700000,
"Kepler-893 b",3.31000000,1034.00,6.33855946000,
"Kepler-1134 b",2.40000000,586.00,17.13271000000,
"Kepler-1711 b",1.94000000,685.00,21.06075647000,
"Kepler-1261 b",2.41000000,409.00,48.43089910000,
"Kepler-553 c",11.83000000,242.00,328.23995460000,
"Kepler-66 b",3.12000000,699.00,17.81596890000,
"Kepler-571 b",2.51000000,978.00,4.79860021000,
"Kepler-890 b",8.76000000,540.00,52.75878505000,
"Kepler-1004 b",7.10000000,1661.00,5.28790754000,
"Kepler-1227 b",2.13000000,401.00,94.28990000000,
"K2-198 b",4.18900000,715.80,17.04286830000,
"Kepler-525 b",3.64000000,829.00,18.68404933000,
"Kepler-1003 b",1.30000000,1155.00,3.55485691500,
"Kepler-274 b",1.80000000,842.00,11.63486400000,
"Kepler-1305 b",1.76000000,725.00,13.56315000000,
"Kepler-332 c",1.30000000,619.00,15.99561140000,
"Kepler-242 b",2.20000000,692.00,8.20390400000,
"Kepler-1199 b",1.08000000,791.00,15.04471980000,
"Kepler-1844 b",1.92000000,1077.00,3.92452160000,
"Kepler-989 b",2.56000000,805.00,7.96431535200,
"Kepler-390 b",0.84000000,790.00,6.73801900000,
"Kepler-342 e",0.83000000,1820.00,1.64422461300,
"Kepler-990 b",2.85000000,903.00,9.91724268000,
"Kepler-1724 b",2.45000000,999.00,6.45443377000,
"Kepler-1060 b",2.62000000,484.00,46.87767240000,
"Kepler-546 b",7.43000000,1257.00,4.14702025800,
"Kepler-279 d",3.20000000,574.00,54.42054070000,
"Kepler-1117 b",1.14000000,946.00,4.79027800000,
"Kepler-290 c",3.44000000,438.00,36.77047310000,
"Kepler-159 b",1.64000000,448.00,10.13961029000,"M0 V"
"Kepler-245 b",2.56000000,753.00,7.49018305000,
"Kepler-646 b",1.61000000,632.00,15.87364565000,
"Kepler-576 b",4.06000000,626.00,29.91136794000,
"Kepler-199 c",3.90000000,500.00,67.09350000000,
"Kepler-1585 b",1.72000000,1064.00,3.58274630000,
"Kepler-900 b",1.55000000,654.00,6.99130700000,
"PH2 b",11.24000000,306.00,282.52548560000,
"Kepler-259 c",2.71000000,530.00,36.92495310000,
"Kepler-1566 b",0.82000000,1871.00,0.53991503300,
"Kepler-334 d",1.39000000,631.00,25.09852783000,
"Kepler-1296 b",1.04000000,871.00,8.38398650000,
"Kepler-900 b",2.19000000,720.00,6.99130860000,
"Kepler-1577 b",2.65000000,1125.00,6.30560247000,
"Kepler-982 b",2.72000000,955.00,15.77382794000,
"Kepler-575 b",2.03000000,803.00,9.37891944000,
"Kepler-563 b",3.33000000,546.00,22.18432708000,
"Kepler-51 d",10.44000000,367.00,130.17802962000,
"Kepler-393 c",1.12000000,901.00,14.61347810000,
"Kepler-483 b",2.35000000,679.00,30.22910400000,
"Kepler-24 c",4.75000000,864.00,12.33340885000,
"Kepler-805 b",2.75000000,752.00,30.86389310000,
"Kepler-309 b",1.34000000,699.00,5.92358900000,
"Kepler-661 b",3.14000000,685.00,6.02930132100,
"Kepler-155 c",1.76000000,271.00,52.66158360000,
"Kepler-683 b",1.97000000,1348.00,2.53918317900,
"Kepler-306 b",1.82000000,830.00,4.64622383000,
"Kepler-1260 b",1.45000000,673.00,19.11877530000,
"Kepler-21 b",1.63900000,2015.00,2.78582120000,
"Kepler-1737 b",5.41000000,383.00,64.61744650000,
"Kepler-49 e",1.30000000,359.00,18.59604310000,
"Kepler-1669 d",1.38000000,626.00,4.72941969000,
"Kepler-148 b",1.87000000,1291.00,1.72936646700,
"Kepler-231 b",1.61000000,426.00,10.06525843000,
"Kepler-53 d",2.44000000,869.00,9.75193182000,
"K2-233 d",2.64000000,482.00,24.36620000000,"K3"
"Kepler-1930 b",1.65000000,643.00,13.02678441000,
"Kepler-1464 b",1.53000000,564.00,31.77859010000,
"Kepler-406 b",1.32000000,1306.00,2.42630083900,
"Kepler-191 c",2.11000000,578.00,17.73852054000,
"Kepler-1463 b",1.83000000,619.00,25.15864000000,
"Kepler-1944 b",2.48000000,803.00,9.84261195000,
"Kepler-473 b",5.51000000,962.00,14.55733900000,
"Kepler-374 d",2.03000000,1272.00,5.02818253000,
"Kepler-185 b",1.13000000,1237.00,1.63291641900,
"Kepler-1801 b",3.14000000,829.00,10.44091127000,
"Kepler-248 b",2.96000000,819.00,6.30820162900,
"Kepler-1472 b",1.54000000,613.00,38.13033240000,
"Kepler-553 b",4.86000000,1051.00,4.03046803700,
"Kepler-1744 b",3.50000000,514.00,37.10064000000,
"Kepler-1788 b",2.13000000,956.00,2.80011126700,
"Kepler-167 d",1.39000000,527.00,21.80387630000,
"Kepler-374 c",1.19000000,1245.00,3.28278400000,
"Kepler-1614 b",1.56000000,981.00,3.94661410000,
"Kepler-126 d",2.47000000,479.00,100.28286930000,
"Kepler-1894 b",1.26000000,1232.00,2.76263462000,
"Kepler-514 b",2.03000000,1248.00,5.65178922000,
"Kepler-127 d",2.54000000,593.00,48.63038976000,
"Kepler-363 b",1.74000000,1655.00,3.61461353000,
"Kepler-1891 b",1.31000000,1011.00,4.02230932900,
"Kepler-107 c",1.70000000,1262.00,4.90144976000,
"Kepler-683 b",1.97000000,1348.00,2.53918317900,
"Kepler-1213 b",1.21000000,1125.00,5.34932500000,
"Kepler-812 b",3.16000000,1228.00,10.11716531000,
"Kepler-642 b",3.95000000,1810.00,4.41746257000,
"Kepler-42 c",3.38000000,730.00,0.45328799000,"M4 V"
"Kepler-321 b",1.78000000,1116.00,4.91538706700,
"Kepler-796 b",1.91000000,1109.00,6.40087137000,
"Kepler-308 b",2.23000000,833.00,9.69502544000,
"Kepler-1321 c",3.26000000,935.00,2.22649108600,
"K2-8 b",2.97000000,691.00,10.35176000000,
"Kepler-1225 b",1.57000000,1046.00,7.01075434000,
"Kepler-1090 c",3.08000000,482.00,42.42673420000,
"Kepler-865 c",0.89000000,914.00,6.20920207000,
"Kepler-219 c",3.21000000,725.00,22.71444582000,
"Kepler-989 b",2.44000000,805.00,7.96431492000,
"Kepler-1902 b",1.02000000,628.00,3.82222231000,
"Kepler-427 b",13.79000000,1100.00,10.29099400000,"G2 V"
"Kepler-415 c",1.90000000,558.00,8.70778000000,
"Kepler-1160 b",1.95000000,857.00,7.97083000000,
"Kepler-1774 b",2.88000000,522.00,59.77114370000,
"Kepler-514 b",1.49000000,1233.00,5.65179605000,
"Kepler-1370 b",1.77000000,793.00,20.26416840000,
"Kepler-341 e",2.03000000,539.00,42.47290780000,
"Kepler-42 b",0.87000000,525.00,1.21377022200,
"Kepler-1213 b",0.92000000,1109.00,5.34982412000,
"Kepler-1080 b",4.02000000,562.00,77.25483960000,
"Kepler-285 b",1.40000000,1125.00,2.63385723300,
"Kepler-1601 b",0.88000000,1507.00,2.20921951000,
"Kepler-217 d",1.14000000,1533.00,3.88689525000,
"Kepler-377 c",1.70000000,647.00,27.01559000000,
"Kepler-1761 b",0.92000000,582.00,4.04355143000,
"Kepler-416 b",2.62000000,1057.00,6.31942727000,
"KOI-4777.01",0.51000000,1180.00,0.41200000000,
"TOI-1685 b",1.42100000,1000.00,0.66913923000,"M3 V"
"TOI-1749 b",1.39000000,831.00,2.38839000000,"M0 V"
"KOI-94 c",4.32000000,1012.00,10.42364800000,
"TOI-1194 b",8.71664516,1264.29,2.31064460000,
"HATS-18 b",14.89676100,2069.48,0.83784000000,
"Kepler-1270 b",3.01000000,1464.00,6.03356196000,
"Kepler-296 c",1.52000000,440.00,5.84164124000,
"Kepler-1244 b",1.45000000,1839.00,3.70429015000,
"Kepler-114 c",1.28000000,507.00,8.04133120800,
"Kepler-84 c",2.94000000,819.00,12.88296485000,
"Kepler-1036 b",2.91000000,336.00,122.88080580000,
"Kepler-1488 b",1.59000000,594.00,39.81899320000,
"Kepler-405 c",3.81000000,555.00,29.72721420000,
"Kepler-384 c",1.20000000,491.00,45.34852770000,
"Kepler-1783 b",2.46000000,1088.00,8.27745764000,
"Kepler-197 d",1.15000000,811.00,15.67756112000,
"Kepler-235 e",1.94000000,265.00,46.18415000000,
"Kepler-119 b",3.55000000,1213.00,2.42208418800,
"Kepler-220 b",0.86000000,759.00,4.15981655400,
"Kepler-315 c",3.64000000,269.00,265.46762100000,
"Kepler-242 c",3.01000000,613.00,14.49645186000,
"Kepler-462 c",6.00000000,597.00,207.58272340000,
"Kepler-1769 b",3.35000000,468.00,89.19347050000,
"Kepler-1738 b",2.80000000,957.00,7.67466140000,
"Kepler-605 c",0.74000000,1145.00,2.35900200000,
"Kepler-2000 c",1.40000000,354.00,20.61810660000,
"Kepler-558 b",2.34000000,497.00,29.00790538000,
"Kepler-619 c",1.64000000,1767.00,1.20846237800,
"Kepler-594 b",2.13000000,681.00,13.64618192000,
"Kepler-893 b",3.19000000,1034.00,6.33855761000,
"Kepler-251 b",1.80000000,1151.00,4.79091735000,
"Kepler-1982 b",1.04000000,1554.00,3.82316376000,
"Kepler-1615 b",1.94000000,523.00,47.31261920000,
"Kepler-364 c",1.99000000,549.00,59.98105860000,
"Kepler-381 d",1.31000000,1408.00,8.25630250000,
"Kepler-1038 b",3.27000000,293.00,148.46033820000,
"Kepler-206 c",1.57000000,795.00,13.13745719000,
"Kepler-364 c",2.20000000,548.00,59.98020000000,
"Kepler-213 b",1.14000000,1276.00,2.46234500000,
"Kepler-359 b",2.80000000,572.00,25.56294000000,
"Kepler-1935 b",64.89000000,1083.00,3.95138220000,
"K2-243 c",2.01000000,801.00,24.94598000000,
"Kepler-229 d",3.62000000,417.00,41.19708740000,
"KOI-351 c",1.29000000,986.00,8.71982853000,
"Kepler-375 c",2.95000000,629.00,19.98661570000,
"K2-5 b",1.92000000,634.00,5.73491000000,
"Kepler-341 b",1.18000000,1085.00,5.19559398000,
"Kepler-333 b",1.46000000,470.00,12.55109333000,
"Kepler-1368 b",1.44000000,2086.00,0.67564948600,
"Kepler-105 b",2.54000000,1092.00,5.41200000000,
"Kepler-249 d",1.21000000,336.00,15.36843606000,
"Kepler-222 c",4.81000000,734.00,10.08879697300,
"Kepler-1801 b",2.50000000,818.00,10.44088700000,
"Kepler-208 d",1.17000000,820.00,11.13154000000,
"Kepler-32 f",1.88000000,1024.00,0.74295883600,
"Kepler-87 b",13.49000000,478.00,114.73635000000,
"Kepler-11 b",1.85000000,849.00,10.30400497000,
"Kepler-466 c",1.20000000,1185.00,3.70919100000,
"Kepler-228 c",3.02000000,1160.00,4.13443005000,
"Kepler-262 b",1.49000000,734.00,13.06076688000,
"Kepler-251 d",3.80000000,625.00,30.13254000000,
"Kepler-770 d",1.14000000,969.00,4.15244722000,
"Kepler-1246 b",1.23000000,554.00,11.32271513000,
"Kepler-139 c",2.81000000,357.00,157.06548020000,
"Kepler-1158 b",1.58000000,940.00,13.53996000000,
"Kepler-1376 b",1.07000000,1043.00,5.30880656000,
"Kepler-1356 b",1.45000000,1718.00,0.63400293700,
"Kepler-133 c",2.94000000,683.00,31.51780202000,
"Kepler-104 d",2.61000000,515.00,51.75530504000,
"Kepler-551 b",2.11000000,401.00,12.37646610000,
"Kepler-158 b",2.53000000,500.00,16.70920692000,
"Kepler-362 c",1.75000000,521.00,37.86589000000,
"Kepler-1795 b",1.84000000,520.00,13.36019864000,
"KOI-1257 b",7.62000000,366.00,86.64763676000,
"Kepler-221 b",1.66000000,1090.00,2.79590004000,
"Kepler-1907 b",0.88000000,856.00,5.65243986000,
"Kepler-829 b",1.76000000,863.00,6.88337562000,
"Kepler-996 b",1.48000000,1132.00,3.77059058400,
"Kepler-1285 b",1.40000000,994.00,14.79674580000,
"Kepler-1468 c",1.07000000,1215.00,3.54553021000,
"Kepler-1058 b",2.12000000,239.00,110.96546000000,
"Kepler-123 b",2.50000000,770.00,17.23229000000,
"Kepler-211 c",3.82000000,1203.00,6.04047000000,
"Kepler-1873 b",1.39000000,1795.00,0.55884130700,
"Kepler-1194 b",1.90000000,786.00,16.22391000000,
"Kepler-605 b",1.39000000,1015.00,3.38353600000,
"Kepler-1477 b",1.70000000,674.00,11.55532445000,
"Kepler-894 b",3.23000000,896.00,9.80322400000,
"Kepler-374 d",1.29000000,1063.00,5.02818614000,
"Kepler-351 d",2.52000000,318.00,142.54500000000,
"Kepler-1041 b",2.59000000,644.00,24.75764210000,
"Kepler-550 b",4.28000000,760.00,8.60010410900,
"Kepler-1723 b",2.80000000,568.00,39.75302840000,
"Kepler-67 b",3.80000000,648.00,15.72584000000,
"Kepler-1269 b",2.50000000,657.00,37.33311650000,
"Kepler-738 b",2.37000000,530.00,24.58716355000,
"K2-189 c",2.50000000,872.00,6.67919500000,
"Kepler-1175 b",3.01000000,516.00,37.94563000000,
"K2-224 b",1.56000000,1002.00,4.47904000000,
"Kepler-524 c",0.83000000,1574.00,1.88899036000,
"Kepler-120 c",1.64000000,455.00,12.79455062000,
"Kepler-339 d",1.37000000,746.00,10.55803000000,
"Kepler-755 b",1.78000000,1372.00,1.26909037400,
"Kepler-830 b",1.82000000,910.00,11.29714000000,
"Kepler-31 d",4.00000000,484.00,87.64760680000,
"Kepler-872 b",1.63000000,1230.00,2.57885211900,
"Kepler-773 b",1.52000000,1238.00,3.74910006100,
"Kepler-49 c",2.63000000,429.00,10.91274807000,
"Kepler-750 b",2.95000000,1018.00,9.42887179000,
"Kepler-910 b",0.81000000,1723.00,2.36436901500,
"HAT-P-56 b",16.75594879,1705.34,2.79082852671,
"TOI-270 b",1.28000000,600.00,3.35992000000,
"LTT 3780 c",2.42000000,397.00,12.25213100000,"M3.5 V"
"TOI-1338 b",7.84988908,254.65,95.17400000000,
"HD 63935 c",3.06451296,619.59,21.40270000000,
"TOI-1670 b",2.06000000,1062.00,10.98462000000,"F7 V"
"HD 18599 b",2.70000000,863.00,4.13743700000,
"TOI-1803 b",2.98555000,769.00,6.29321110000,
"Kepler-197 d",1.36000000,822.00,15.67757000000,
"Kepler-654 b",3.04000000,996.00,13.72465129000,
"Kepler-118 b",1.42000000,784.00,7.51854537000,
"Kepler-267 b",2.12000000,619.00,3.35373033300,
"Kepler-534 c",1.22000000,971.00,7.37877600000,
"Kepler-265 d",2.57000000,573.00,43.13042000000,
"Kepler-1863 b",1.60000000,588.00,44.99950000000,
"Kepler-141 b",0.73000000,968.00,3.10762684000,
"TOI-2969 b",12.32987877,1186.00,1.82371460000,"K3 V"
"Kepler-102 e",2.54000000,545.00,16.14568500000,
"Kepler-65 b",1.42000000,1740.00,2.15491123600,
"Kepler-1575 b",1.33000000,1312.00,2.55314213000,
"Kepler-256 e",1.62000000,793.00,10.68176000000,
"Kepler-1241 b",2.73000000,614.00,18.55257010000,
"Kepler-311 c",1.61000000,744.00,19.73839920000,
"Kepler-405 b",2.06000000,785.00,10.61368712000,
"Kepler-120 c",1.64000000,455.00,12.79455062000,
"Kepler-303 c",1.15000000,516.00,7.06117359000,
"Kepler-286 d",1.46000000,995.00,5.91425600000,
"Kepler-895 b",1.34000000,708.00,2.80624232800,
"Kepler-233 b",2.71000000,752.00,8.47237844000,
"Kepler-288 b",1.64000000,1068.00,6.09750607000,
"K2-233 b",1.34300000,1121.00,2.46750000000,
"Kepler-786 b",2.26000000,346.00,53.52939000000,
"Kepler-1367 b",0.85000000,869.00,1.57409027200,
"K2-95 b",3.31000000,474.00,10.13464540000,
"OGLE-TR-132 b",13.45000000,2013.00,1.68986800000,
"Kepler-745 b",1.92000000,824.00,9.93143556000,
"Kepler-1006 b",2.46000000,791.00,19.76172042000,
"Kepler-395 b",0.78000000,450.00,7.05427318000,
"Kepler-562 b",4.96000000,658.00,18.00932214000,
"Kepler-1124 b",1.79000000,631.00,2.85234897500,
"Kepler-366 b",1.60000000,1326.00,3.28192056000,
"TOI-5261 b",11.60129502,1244.00,4.15097680000,
"Kepler-953 b",4.27000000,397.00,88.40655258000,
"Kepler-487 b",11.00000000,685.00,15.35877940000,
"K2-180 b",2.52000000,802.00,8.86565110000,
"K2-275 c",2.21000000,653.00,8.43883850000,
"HATS-23 b",20.84874000,1654.00,2.16051560000,"G V"
"Kepler-333 b",1.44000000,486.00,12.55096000000,
"Kepler-23 d",2.28000000,910.00,15.27438229000,
"Kepler-880 b",4.65000000,1622.00,7.71467686000,
"Kepler-228 d",3.90000000,835.00,11.09432054000,
"Kepler-1880 b",1.43000000,605.00,6.30923438000,
"Kepler-1462 b",3.16000000,390.00,65.64883410000,
"Kepler-279 c",4.30000000,699.00,35.74113000000,
"Kepler-1498 b",1.46000000,452.00,48.05140500000,
"Kepler-364 b",1.73000000,753.00,25.74579570000,
"Kepler-122 d",1.52000000,670.00,21.58788750000,
"Kepler-114 d",2.05000000,447.00,11.77613845700,
"Kepler-281 d",4.52000000,321.00,148.27226710000,
"Kepler-245 d",3.10000000,465.00,36.28011000000,
"Kepler-132 d",1.41000000,738.00,18.01017554000,
"Kepler-222 d",3.75000000,522.00,28.08194365000,
"Kepler-765 b",2.21000000,641.00,27.66528470000,
"Kepler-604 b",2.42000000,637.00,25.85501786000,
"Kepler-896 c",3.23000000,517.00,29.54229630000,
"Kepler-1144 b",1.81000000,686.00,17.14647302000,
"Kepler-22 b",2.10000000,279.00,289.86387600000,
"Kepler-107 c",1.59700000,1378.00,4.90145200000,
"Kepler-656 c",1.31000000,977.00,5.25448795000,
"Kepler-1806 b",2.05000000,729.00,9.03322647000,
"Kepler-235 d",1.99000000,350.00,20.06037454000,
"Kepler-597 b",2.22000000,737.00,13.02365861000,
"Kepler-672 b",2.30000000,523.00,38.37784000000,
"Kepler-167 c",1.76000000,755.00,7.40610775000,
"Kepler-39 b",14.77000000,873.00,21.08719422000,
"Kepler-739 b",3.24000000,775.00,12.53248222000,
"Kepler-1782 b",2.24000000,773.00,5.75624524400,
"Kepler-903 b",1.59000000,768.00,10.35113000000,
"Kepler-1796 b",2.30000000,596.00,29.45560000000,
"K2-280 b",7.50000000,787.00,19.89526000000,
"K2-152 b",2.29000000,337.00,32.64790000000,
"Kepler-1406 b",1.06000000,887.00,11.62905828000,
"Kepler-728 b",3.13000000,982.00,5.74346979700,
"Kepler-1572 b",1.33000000,1293.00,5.49548621000,
"Kepler-416 b",2.62000000,1057.00,6.31942727000,
"Kepler-1287 b",1.58000000,796.00,11.47685263000,
"Kepler-634 b",1.61000000,1222.00,5.16950177000,
"Kepler-746 b",1.26000000,1190.00,3.48159251000,
"Kepler-511 c",2.94000000,718.00,26.62946276000,
"Kepler-265 b",1.62000000,1058.00,6.84611300000,
"Kepler-138 d",1.26000000,335.00,23.09040070000,"M1 V"
"Kepler-184 d",2.55000000,559.00,29.02235217000,
"Kepler-119 b",3.60000000,1214.00,2.42208444800,
"Kepler-49 d",1.54000000,694.00,2.57656968900,
"Kepler-739 b",3.10000000,781.00,12.53250700000,
"Kepler-1199 b",1.08000000,791.00,15.04471980000,
"Kepler-652 b",2.46000000,974.00,4.18200188500,
"Kepler-1082 b",0.80000000,1535.00,1.54320660400,
"Kepler-79 d",6.10000000,553.00,52.09110000000,
"Kepler-1948 b",0.70000000,391.00,15.57131611000,
"Kepler-92 c",2.60000000,748.00,26.72428000000,
"Kepler-1829 b",2.40000000,860.00,5.18673726200,
"Kepler-1827 b",1.48000000,1461.00,3.70062174000,
"Kepler-24 d",2.07000000,1305.00,4.24439049000,
"Kepler-1007 b",1.17000000,652.00,5.18500207300,
"Kepler-1612 b",0.88000000,1019.00,3.91795101000,
"Kepler-304 b",3.80000000,1014.00,3.29570364400,
"Kepler-251 d",4.25000000,624.00,30.13293030000,
"Kepler-572 b",2.29000000,553.00,17.20523483000,
"Kepler-783 b",1.05000000,1226.00,4.29280000000,
"Kepler-918 b",1.44000000,1102.00,4.85386933000,
"Kepler-635 b",2.50000000,762.00,23.44955000000,
"Kepler-979 b",2.51000000,733.00,8.08801350000,
"Kepler-1360 b",2.20000000,597.00,40.52864130000,
"Kepler-616 d",2.62000000,499.00,51.06724950000,
"Kepler-862 b",2.27000000,1097.00,3.14866453400,
"Kepler-713 b",2.45000000,905.00,7.41113177000,
"Kepler-208 c",1.49000000,1134.00,7.46662197000,
"Kepler-32 c",2.20000000,449.00,8.75210645000,
"Kepler-1122 b",2.04000000,469.00,42.19301000000,
"Kepler-238 d",3.06000000,888.00,13.23352214000,
"Kepler-307 c",3.21000000,792.00,13.08424096000,
"Kepler-476 b",2.80000000,767.00,14.00640607000,
"Kepler-727 b",2.65000000,964.00,5.15448441700,
"Kepler-230 b",3791.05000000,506.00,32.62882975000,
"Kepler-862 b",2.15000000,1097.00,3.14866155500,
"Kepler-535 b",2.05000000,1169.00,4.90332155100,
"Kepler-791 b",2.14000000,822.00,14.55426000000,
"Kepler-1979 b",29.33000000,683.00,18.50845260000,
"Kepler-1430 b",1.03000000,969.00,2.46050095000,
"Kepler-247 d",5.00000000,533.00,20.47735749000,
"Kepler-1832 b",0.98000000,1021.00,3.13878100000,
"Kepler-466 c",1.24000000,1236.00,3.70921384600,
"Kepler-1863 b",1.59000000,508.00,44.99776040000,
"Kepler-112 c",2.80000000,608.00,28.57426490000,
"Kepler-835 b",3.32000000,921.00,11.41911886000,
"Kepler-1079 b",2.87000000,1097.00,13.24514000000,
"Kepler-920 b",2.57000000,902.00,6.53192704000,
"Kepler-1336 c",1.03000000,941.00,5.77721211000,
"Kepler-627 b",3.36000000,685.00,40.69944430000,
"Kepler-599 b",2.97000000,623.00,15.65562652000,
"Kepler-1833 b",1.35000000,1177.00,6.89213244000,
"Kepler-1618 b",1.07000000,1311.00,6.10826019000,
"Kepler-1775 b",2.21000000,430.00,85.65358490000,
"Kepler-1693 b",1.12000000,729.00,12.09997831000,
"Kepler-55 e",1.51000000,744.00,4.61746693000,
"Kepler-1245 c",1.64000000,1189.00,2.93658468100,
"Kepler-1956 b",1.14000000,674.00,5.94373492000,
"Kepler-1088 b",1.36000000,672.00,23.12748644000,
"Kepler-166 b",2.30000000,772.00,7.65024351300,
"KOI-142 b",3.93000000,758.00,10.91610834200,
"Kepler-574 b",2.25000000,858.00,7.65880414000,
"Kepler-1812 b",2.80000000,981.00,7.16518700000,
"Kepler-775 b",1.19000000,1614.00,0.97486892600,
"Kepler-1767 b",2.60000000,393.00,59.66260000000,
"Kepler-1198 b",1.80000000,906.00,7.68493000000,
"Kepler-1284 b",1.19000000,1710.00,0.66407380600,
"Kepler-1864 b",1.04000000,1510.00,3.88151335000,
"Kepler-198 b",2.62000000,646.00,17.79002419000,
"Kepler-1294 b",3.52000000,401.00,115.68633920000,
"Kepler-84 e",2.30000000,636.00,27.43458830000,
"Kepler-627 b",3.36000000,685.00,40.69944430000,
"Kepler-597 b",2.22000000,737.00,13.02365861000,
"Kepler-264 b",4.80000000,843.00,40.80686000000,
"Kepler-1016 b",2.12000000,1482.00,1.95452434200,
"Kepler-1519 b",6.84000000,283.00,240.79893970000,
"WASP-157 b",11.19000000,1193.00,3.95162300000,
"Kepler-1300 b",1.06000000,798.00,22.24190920000,
"Kepler-173 b",1.28000000,1179.00,4.26374847000,
"Kepler-381 c",1.41000000,1198.00,13.39152873000,
"Kepler-1776 b",2.20000000,608.00,35.01198785000,
"Kepler-317 c",1.70000000,785.00,8.77514000000,
"Kepler-310 b",1.21000000,714.00,13.93072278000,
"Kepler-174 b",2.09000000,553.00,13.98177862000,
"Kepler-1252 b",1.27000000,665.00,15.05403290000,
"Kepler-1365 b",0.79000000,891.00,7.69993485000,
"Kepler-1956 b",1.15000000,674.00,5.94375659000,
"Kepler-354 d",1.46000000,427.00,24.21152000000,
"Kepler-1032 b",1.53000000,802.00,3.29011795300,
"Kepler-229 d",3.62000000,417.00,41.19708740000,
"Kepler-795 b",2.27000000,616.00,29.61981000000,
"Kepler-20 c",2.99000000,765.00,10.85409593400,
"Kepler-1072 b",1.40000000,1777.00,1.56906650200,
"Kepler-9 c",8.22000000,536.00,38.90720200000,
"Kepler-1059 b",1.74000000,909.00,3.76419104800,
"Kepler-273 b",1.92000000,1209.00,2.93652733600,
"Kepler-705 b",1.96000000,229.00,56.05605380000,
"Kepler-1220 b",1.37000000,923.00,7.42693741000,
"Kepler-87 b",9.51000000,444.00,114.73635190000,
"Kepler-1756 b",1.34000000,1093.00,2.35574505000,
"Kepler-1058 b",2.12000000,239.00,110.96546000000,
"Kepler-253 d",3.17000000,569.00,18.11989364000,
"Kepler-742 b",3.73000000,690.00,8.36086823800,
"Kepler-1768 b",2.54000000,933.00,15.13591895000,
"Kepler-776 b",1.38000000,904.00,4.89718784000,
"Kepler-740 b",4.87000000,1131.00,3.58410121600,
"Kepler-333 c",1.20000000,378.00,24.08825680000,
"Kepler-1911 b",1.45000000,1379.00,5.99077497000,
"Kepler-1613 b",2.34000000,1927.00,1.51842990000,
"Kepler-1254 b",1.54000000,679.00,9.99113313000,
"Kepler-1614 b",1.40000000,981.00,3.94660745000,
"Kepler-1360 b",5.92000000,933.00,40.52898850000,
"Kepler-192 b",2.20000000,747.00,9.92672514000,
"Kepler-768 b",1.74000000,632.00,11.39100250000,
"Kepler-1769 b",3.35000000,468.00,89.19347050000,
"Kepler-152 c",2.90000000,328.00,88.25474000000,
"Kepler-1691 b",1.64000000,1297.00,3.84820800000,
"Kepler-1099 b",2.41000000,1558.00,2.16845106300,
"Kepler-446 c",1.40000000,520.00,3.03620873900,
"Kepler-178 b",2.88000000,846.00,9.57665962000,
"Kepler-1218 b",1.36000000,684.00,22.92212660000,
"Kepler-1543 b",2.22000000,1214.00,6.96710269000,
"Kepler-1187 b",2.33000000,701.00,18.87064068000,
"Kepler-167 e",9.27000000,129.00,1071.23262400000,
"Kepler-178 d",3.29000000,392.00,96.67818520000,
"Kepler-930 b",2.30000000,561.00,71.45177750000,
"Kepler-1409 b",1.05000000,1665.00,0.76486510000,
"Kepler-1891 b",1.31000000,1011.00,4.02230932900,
"Kepler-1811 b",2.87000000,442.00,76.42174720000,
"Kepler-270 c",1.50000000,769.00,25.26302680000,
"Kepler-990 b",2.25000000,847.00,9.91723428000,
"K2-342 b",2.03000000,861.00,11.56105200000,
"Kepler-1596 b",1.99000000,471.00,66.37329800000,
"Kepler-1090 c",2.80000000,477.00,42.42548000000,
"Kepler-352 d",0.66000000,777.00,6.88729828000,
"Kepler-1269 b",1.54000000,604.00,37.33315360000,
"Kepler-783 c",2.55000000,1032.00,7.05393612200,
"Kepler-138 b",0.59000000,443.00,10.31282204000,
"Kepler-341 e",2.43000000,544.00,42.47305750000,
"Kepler-11 g",3.46000000,376.00,118.37837900000,
"Kepler-1336 c",1.03000000,941.00,5.77721211000,
"Kepler-60 b",1.97000000,1202.00,7.13294363000,
"Kepler-920 c",4.05000000,363.00,100.82741130000,
"Kepler-625 c",1.00000000,1048.00,4.16536757000,
"Kepler-297 c",7.54000000,466.00,74.92771752000,
"Kepler-651 b",2.29000000,602.00,21.38521506000,
"Kepler-204 b",2.23000000,806.00,14.40094471000,
"Kepler-333 b",1.46000000,470.00,12.55109333000,
"Kepler-26 d",1.13000000,761.00,3.54386700000,
"Kepler-508 b",2.36000000,862.00,25.30889748000,
"Kepler-1195 b",2.11000000,702.00,8.49642241000,
"Kepler-23 c",3.15000000,1023.00,10.74242766000,
"Kepler-624 b",2.05000000,793.00,14.58649607000,
"Kepler-1002 b",1.63000000,1428.00,4.33642933100,
"Kepler-1802 c",1.88000000,343.00,33.13642590000,
"Kepler-1050 b",1.51000000,786.00,15.37875460000,
"Kepler-1479 b",1.69000000,746.00,14.53260546000,
"Kepler-1067 c",1.33000000,931.00,5.42587228000,
"Kepler-1257 b",1.55000000,1252.00,2.66831376200,
"Kepler-237 b",1.46000000,823.00,4.71510843000,
"Kepler-719 b",7.40000000,1025.00,5.00731200000,
"Kepler-126 d",2.47000000,479.00,100.28286930000,
"Kepler-11 b",1.85000000,849.00,10.30400497000,
"Kepler-228 b",1.59000000,1360.00,2.56658897000,
"Kepler-1742 b",1.95000000,462.00,49.47816490000,
"Kepler-797 b",1.90000000,558.00,27.07259000000,
"Kepler-225 b",1.36000000,464.00,6.73893995000,
"Kepler-1420 b",1.32000000,802.00,6.69960006000,
"Kepler-62 e",1.73000000,265.00,122.38638120000,
"Kepler-1688 b",2.53000000,1184.00,5.62005172000,
"Kepler-924 b",3.38000000,610.00,61.03735910000,
"Kepler-1992 b",0.91000000,693.00,15.61122300000,
"Kepler-986 b",2.09000000,444.00,56.43499380000,
"Kepler-1531 b",1.27000000,2414.00,1.13854337600,
"Kepler-443 b",2.20000000,246.00,177.66911200000,
"Kepler-861 b",2.43000000,966.00,3.94963137500,
"K2-14 b",4.81000000,488.00,8.36802000000,
"Kepler-395 c",1.25000000,264.00,34.98944750000,
"Kepler-357 d",3.38000000,408.00,49.50049520000,
"Kepler-1561 b",0.89000000,1683.00,1.00520700700,
"Kepler-191 d",2.26000000,832.00,5.94504101700,
"Kepler-1879 b",1.32000000,876.00,10.61345435000,
"Kepler-1663 b",2.63000000,355.00,17.60460628000,
"Kepler-1221 b",1.61000000,632.00,12.00096042000,
"Kepler-467 b",2.29000000,712.00,24.99324319000,
"Kepler-1194 b",1.84000000,783.00,16.22371307000,
"Kepler-1104 b",1.07000000,1256.00,5.03728015000,
"Kepler-763 c",1.39000000,943.00,4.09666758000,
"Kepler-1391 b",1.36000000,464.00,54.40923330000,
"Kepler-513 b",2.19000000,639.00,28.86235584000,
"Kepler-244 d",2.78000000,591.00,20.05040157000,
"Kepler-1373 b",0.89000000,1887.00,1.29123308300,
"Kepler-615 b",1.92000000,620.00,10.35586478000,
"Kepler-897 b",1.95000000,854.00,8.04726420000,
"Kepler-1233 b",2.36000000,604.00,45.12630420000,
"Kepler-1454 b",1.98000000,492.00,47.03204780000,
"Kepler-1537 b",2.20000000,1800.00,1.44445379800,
"Kepler-436 b",2.48000000,322.00,64.00196690000,
"Kepler-1835 b",2.73000000,808.00,11.96721766000,
"Kepler-1487 c",3.02000000,599.00,35.80228450000,
"Kepler-1869 c",1.57000000,2124.00,1.71683171700,
"Kepler-20 e",0.82000000,927.00,6.09853672000,
"Kepler-1378 b",2.14000000,525.00,11.95398936000,
"Kepler-129 b",2.40000000,910.00,15.79196594000,
"Kepler-221 e",2.43000000,577.00,18.36972310000,
"Kepler-673 b",6.27000000,1022.00,3.72873109300,
"Kepler-1244 b",1.15000000,1633.00,3.70428172000,
"Kepler-338 c",2.37000000,831.00,24.31113990000,
"Kepler-192 d",0.89000000,862.00,6.47027579000,
"Kepler-1841 b",1.66000000,542.00,25.88593970000,
"Kepler-20 f",0.90000000,628.00,19.57760730000,
"Kepler-1003 b",1.30000000,1155.00,3.55485691500,
"Kepler-1312 b",1.80000000,923.00,5.44832528600,
"Kepler-804 b",1.94000000,779.00,14.37457572000,
"Kepler-1311 b",1.06000000,939.00,11.17269940000,
"Kepler-1572 b",1.30000000,1293.00,5.49548533000,
"Kepler-1605 b",2.99000000,528.00,85.75679190000,
"Kepler-327 c",1.24000000,544.00,5.21231585000,
"Kepler-235 d",1.96000000,361.00,20.06036336000,
"Kepler-152 b",3.08000000,551.00,18.20795835000,
"Kepler-214 c",1.83000000,641.00,28.77958130000,
"Kepler-1589 b",1.19000000,2102.00,0.99165964600,
"Kepler-290 c",2.83000000,437.00,36.77049350000,
"Kepler-33 d",4.77000000,853.00,21.77568751000,
"Kepler-368 c",1.42000000,376.00,72.38130100000,
"Kepler-758 e",1.47000000,1171.00,8.19347190000,
"Kepler-172 c",2.35000000,968.00,6.38901755000,
"Kepler-603 c",5.80000000,356.00,127.90757740000,
"Kepler-1120 b",1.50000000,963.00,2.94901700000,
"Kepler-352 d",0.66000000,777.00,6.88729828000,
"Kepler-1867 b",0.70000000,774.00,9.88744000000,
"Kepler-1355 b",1.38000000,1448.00,1.28959017900,
"Kepler-127 c",2.50000000,698.00,29.39337161000,
"Kepler-394 c",1.81000000,926.00,12.13065293000,
"Kepler-842 b",1.58000000,1264.00,1.21956827000,
"Kepler-1321 d",3.08000000,683.00,5.72087524000,
"Kepler-1282 b",1.50000000,1283.00,2.13192500000,
"Kepler-1680 b",2.80000000,1073.00,8.77406000000,
"Kepler-391 b",2.21000000,1300.00,7.41680902000,
"Kepler-207 c",1.06000000,1380.00,3.07154539600,
"Kepler-329 c",1.93000000,402.00,18.68483770000,
"Kepler-246 b",2.37000000,906.00,4.60181685500,
"Kepler-1331 b",0.96000000,1243.00,0.78916165300,
"Kepler-132 c",1.40000000,1069.00,6.41491277000,
"Kepler-254 c",2.28000000,764.00,12.41217869000,
"Kepler-237 c",2.11000000,687.00,8.10363271000,
"Kepler-167 e",10.15000000,130.90,1071.23228000000,"K4"
"Kepler-876 b",1.45000000,864.00,5.14438011000,
"Kepler-1220 b",1.37000000,923.00,7.42693741000,
"Kepler-1928 b",1.96000000,621.00,19.57783279000,
"Kepler-1087 b",0.82000000,2135.00,0.69384285500,
"Kepler-1388 b",2.23000000,427.00,12.28546030000,
"Kepler-188 c",2.96000000,1025.00,5.99653344300,
"Kepler-1712 b",1.94000000,413.00,13.81505800000,
"Kepler-1067 c",1.48000000,973.00,5.42586901000,
"Kepler-1385 b",0.56000000,1185.00,2.88879600000,
"Kepler-23 b",1.93000000,1174.00,7.10694385000,
"Kepler-174 d",2.22000000,195.00,247.35030000000,
"Kepler-1962 b",1.21000000,913.00,7.99147383000,
"Kepler-278 c",3.66000000,702.00,51.07710480000,
"Kepler-1709 b",2.57000000,454.00,65.70460002000,
"Kepler-1327 b",1.80000000,833.00,14.88811000000,
"Kepler-223 d",3.77000000,762.00,14.78769446000,
"Kepler-519 b",2.11000000,535.00,24.30789460000,
"Kepler-114 c",1.28000000,507.00,8.04133120800,
"Kepler-1181 b",1.60000000,1374.00,4.89336495000,
"Kepler-1118 b",2.56000000,502.00,38.67150750000,
"Kepler-1946 b",3.59000000,1143.00,3.03520617500,
"Kepler-832 b",2.33000000,965.00,7.13969410000,
"Kepler-1927 b",3.78000000,677.00,73.75027650000,
"Kepler-279 d",3.20000000,574.00,54.42054070000,
"Kepler-1050 b",1.51000000,785.00,15.37910000000,
"Kepler-249 d",1.33000000,336.00,15.36812973000,"M2 V"
"Kepler-1773 b",2.56000000,602.00,40.80957622000,
"Kepler-1814 b",2.62000000,1023.00,2.93535933300,
"Kepler-381 d",1.31000000,1408.00,8.25630250000,
"Kepler-1477 b",1.26000000,674.00,11.55530021000,
"Kepler-154 b",2.36000000,561.00,33.04055090000,
"Kepler-106 b",0.79000000,1021.00,6.16487600000,
"K2-101 b",2.00000000,618.00,14.67624290000,
"Kepler-1249 b",1.74000000,647.00,24.33449390000,
"Kepler-1780 b",3.21000000,328.00,109.44496660000,
"Kepler-356 b",1.60000000,1294.00,4.61267360000,
"Kepler-1138 b",1.66000000,1200.00,3.17060005000,
"CoRoT-26 b",14.12000000,1600.00,4.20474000000,"G5"
"Kepler-662 b",1.54000000,430.00,21.67697486000,
"Kepler-1748 b",2.71000000,955.00,5.82349237000,
"Kepler-1830 b",2.13000000,530.00,56.49322690000,
"Kepler-298 d",2.55000000,294.00,77.48140000000,
"Kepler-1323 b",1.44000000,2349.00,0.92990667800,
"Kepler-716 b",2.60000000,668.00,10.37172100000,
"Kepler-603 b",2.35000000,650.00,21.05358596000,
"Kepler-275 c",3.32000000,881.00,16.08831829000,
"K2-224 c",2.41000000,764.00,10.09489000000,
"Kepler-500 b",2.57000000,906.00,8.50832439800,
"Kepler-1447 b",4.01000000,522.00,56.67466660000,
"Kepler-598 b",1.53000000,1049.00,3.70175428000,
"Kepler-221 b",1.49000000,1082.00,2.79589407300,
"Kepler-320 c",1.41000000,777.00,17.93465630000,
"Kepler-132 b",1.04000000,1055.00,6.17828255000,
"Kepler-1820 b",2.70000000,561.00,31.03269900000,
"Kepler-220 d",1.03000000,426.00,28.12246550000,
"Kepler-460 c",6.10000000,389.00,220.13033570000,
"Kepler-219 b",2.64000000,1235.00,4.58546682300,
"Kepler-777 b",1.51000000,590.00,5.72812599000,
"Kepler-1199 b",1.08000000,791.00,15.04471980000,
"Kepler-1698 b",180.72000000,1356.00,1.21069328200,
"Kepler-727 b",2.94000000,964.00,5.15448142000,
"Kepler-1399 b",1.31000000,1609.00,1.63865305800,
"Kepler-1434 b",0.86000000,1186.00,8.05333618000,
"Kepler-332 d",1.41000000,481.00,34.21130540000,
"Kepler-820 b",7.57000000,498.00,127.83380980000,
"Kepler-784 b",1.95000000,712.00,31.59334000000,
"Kepler-1693 c",1.15000000,1059.00,5.36375016000,
"Kepler-81 b",1.98000000,541.00,5.95489729300,
"Kepler-1278 b",0.77000000,1213.00,3.23941344000,
"Kepler-434 b",12.67000000,1000.00,12.87470990000,
"Kepler-1590 b",1.09000000,1019.00,7.61760804000,
"Kepler-1352 b",0.78000000,1701.00,1.87787853800,
"Kepler-1371 c",0.53000000,1216.00,2.00541269000,
"Kepler-175 c",2.60000000,566.00,34.03544000000,
"Kepler-1202 b",2.40000000,546.00,28.68513240000,
"Kepler-371 c",1.54000000,448.00,67.96870260000,
"Kepler-514 b",1.49000000,1233.00,5.65179605000,
"Kepler-1370 b",2.12000000,770.00,20.26420230000,
"Kepler-176 c",2.64000000,682.00,12.75934834000,
"Kepler-117 c",9.16000000,580.00,50.79034619000,
"Kepler-1273 b",2.59000000,573.00,28.62565300000,
"K2-214 b",2.43000000,1006.00,8.59680200000,
"Kepler-84 d",1.30000000,1188.00,4.22451369000,
"Kepler-101 c",0.91000000,1075.00,6.02979518000,
"Kepler-331 d",1.92000000,345.00,32.13407370000,
"Kepler-305 b",3.50000000,855.00,5.48711079000,
"Kepler-1701 b",1.99000000,278.00,169.13345500000,
"Kepler-209 c",3.40000000,523.00,41.74949827000,
"Kepler-306 b",1.82000000,930.00,4.64621076000,
"Kepler-188 b",1.66000000,1562.00,2.06190735800,
"Kepler-1989 b",4.42000000,904.00,10.16103226100,
"Kepler-927 b",1.78000000,906.00,9.11500269000,
"Kepler-60 d",2.50000000,1014.00,11.90162000000,
"Kepler-111 c",7.08407580,352.20,224.77833000000,
"Kepler-114 c",1.28000000,507.00,8.04133120800,
"Kepler-250 b",1.16000000,928.00,4.14808732000,
"Kepler-224 d",2.56000000,637.00,11.34933733000,
"Kepler-826 b",1.10000000,1115.00,4.48754800000,
"Kepler-549 b",2.66000000,469.00,42.94956490000,
"Kepler-918 b",1.36000000,1092.00,4.85382000000,
"Kepler-124 c",2.20000000,584.00,13.82139306000,
"Kepler-616 c",3.37000000,413.00,90.41135560000,
"Kepler-1773 b",2.56000000,602.00,40.80957622000,
"Kepler-339 b",1.46000000,954.00,4.97761996000,
"Kepler-283 c",2.09000000,247.00,92.73880000000,
"Kepler-1856 b",1.22000000,1278.00,1.30201573400,
"Kepler-123 b",2.79000000,817.00,17.23232894000,
"Kepler-1383 b",1.16000000,910.00,13.90935830000,
"Kepler-264 c",3.42000000,511.00,140.10765000000,
"Kepler-143 b",2.22000000,772.00,16.00754000000,
"Kepler-169 b",3.35000000,1487.00,3.25064100000,
"Kepler-1053 b",0.78000000,803.00,2.41435165400,
"KIC 5437945 b",6.70000000,308.00,440.78613400000,
"Kepler-387 b",1.20000000,1076.00,6.79165000000,
"Kepler-1254 c",1.32000000,954.00,3.60084276000,
"Kepler-1520 b",5.32000000,1436.00,0.65355357200,
"Kepler-1423 b",2.62000000,741.00,23.95537800000,
"Kepler-1321 d",2.70000000,625.00,5.72085600000,
"Kepler-283 c",38.67000000,321.00,92.74902300000,
"Kepler-122 c",4.66000000,804.00,12.46599555600,
"Kepler-964 b",4.15000000,943.00,13.52251060000,
"Kepler-303 b",0.95000000,794.00,1.93703206800,
"Kepler-390 b",0.73000000,786.00,6.73808701000,
"Kepler-136 c",1.80000000,812.00,16.39925610000,
"Kepler-92 b",3.58000000,978.00,13.74882630000,
"Kepler-1900 b",1.19000000,1356.00,2.98616791000,
"Kepler-303 b",0.87000000,802.00,1.93702996800,
"Kepler-1845 b",1.88000000,584.00,11.60653061000,
"Kepler-1722 b",2.33000000,758.00,9.17858057000,
"Kepler-1524 b",2.86000000,460.00,70.96746030000,
"Kepler-169 f",3.12000000,366.00,87.09059940000,
"Kepler-109 b",2.54000000,1145.00,6.48163307300,
"Kepler-1872 b",3.70000000,969.00,3.82590400000,
"Kepler-304 b",3.80000000,1014.00,3.29570364400,
"K2-147 b",1.47286006,1077.00,0.96193900000,
"Kepler-915 b",1.24000000,1321.00,4.59489604000,
"Kepler-1542 c",0.83000000,1417.00,2.89223021000,
"Kepler-101 c",1.18000000,1204.00,6.02977241000,
"Kepler-33 b",1.54000000,1336.00,5.66815436000,
"Kepler-1819 b",78.51000000,754.00,16.48688002000,
"Kepler-859 b",2.70000000,511.00,20.38164000000,
"EPIC 229004835 b",2.18000000,734.00,16.13880000000,
"Kepler-912 b",2.00000000,1218.00,2.53475627300,
"Kepler-385 d",2.46000000,549.00,56.41474200000,
"Kepler-1262 b",1.91000000,954.00,8.67900242000,
"Kepler-183 b",2.19000000,1004.00,5.68798310000,
"Kepler-1040 b",1.84000000,297.00,201.12140000000,
"Kepler-827 b",5.20000000,451.00,51.92981000000,
"Kepler-1384 b",2.80000000,622.00,15.36254000000,
"Kepler-100 b",1.31000000,1163.00,6.88706037000,
"Kepler-1626 b",1.23000000,1339.00,4.13962966000,
"Kepler-724 b",3.63000000,1155.00,3.31494633800,
"Kepler-198 c",2.44000000,459.00,49.56753590000,
"Kepler-80 e",1.33000000,629.00,4.64538214900,
"Kepler-32 d",2.29000000,327.00,22.78076945000,
"Kepler-230 c",2.12000000,359.00,91.77328620000,
"Kepler-180 c",3.28000000,540.00,41.88544330000,
"Kepler-1988 b",2.59000000,1394.00,11.49499722000,
"Kepler-1378 b",2.50000000,530.00,11.95405100000,
"Kepler-1894 c",1.17000000,982.00,5.05361800000,
"Kepler-308 c",2.19000000,715.00,15.38250060000,
"Kepler-247 b",1.65000000,975.00,3.33612510400,
"Kepler-1800 b",1.33000000,1274.00,4.56204856000,
"Kepler-1838 b",1.14000000,911.00,12.14692791000,
"Kepler-275 d",3.08000000,675.00,35.67569630000,
"Kepler-1255 b",2.02000000,572.00,36.29193360000,
"Kepler-80 c",2.27000000,495.00,9.52165015900,
"KOI-1833 d",1.95000000,586.00,7.68433487400,
"Kepler-1182 b",2.05000000,796.00,11.17394617000,
"Kepler-139 c",2.81000000,357.00,157.06548020000,
"Kepler-1905 b",1.14000000,1188.00,3.42391461000,
"Kepler-1241 b",2.73000000,614.00,18.55257010000,
"Kepler-1388 b",2.21000000,434.00,12.28547180000,
"Kepler-1407 b",2.20000000,701.00,20.07113000000,
"Kepler-1025 b",35.34000000,1654.00,37.32287220000,
"Kepler-1314 b",5.20000000,626.00,5.42474928100,
"Kepler-874 b",3.41000000,560.00,40.06867270000,
"Kepler-383 c",1.47000000,406.00,31.20122020000,
"Kepler-892 b",2.74000000,556.00,13.75210720000,
"Kepler-307 c",3.21000000,792.00,13.08424096000,
"Kepler-124 d",1.26000000,446.00,30.95076080000,
"Kepler-727 b",2.65000000,964.00,5.15448441700,
"Kepler-1815 b",2.80000000,763.00,12.19138811000,
"Kepler-183 b",2.19000000,1004.00,5.68798310000,
"Kepler-1912 b",1.86000000,1221.00,6.05922662000,
"Kepler-1031 b",1.00000000,2024.00,1.22622395900,
"Kepler-509 b",2.50000000,592.00,41.74591000000,
"Kepler-365 b",1.83000000,868.00,10.66487537000,
"Kepler-1147 b",2.30000000,871.00,10.62784997000,
"Kepler-737 b",1.88000000,295.00,28.59915399000,
"Kepler-406 b",1.32000000,1306.00,2.42630083900,
"Kepler-1684 b",3.62000000,341.00,47.70546120000,
"Kepler-21 b",1.59000000,1785.00,2.78582169300,
"Kepler-1112 b",2.55000000,935.00,14.36267939000,
"Kepler-348 b",1.33000000,1110.00,7.05675289000,
"Kepler-1370 c",1.11000000,1090.00,7.44140600000,
"Kepler-60 c",2.11000000,1115.00,8.91902447000,
"Kepler-228 c",2.77000000,1160.00,4.13443512000,
"Kepler-1059 b",1.74000000,909.00,3.76419104800,
"Kepler-553 b",4.86000000,1051.00,4.03046803700,
"Kepler-387 b",1.08000000,1073.00,6.79164786000,
"Kepler-172 d",2.21000000,735.00,14.62698952000,
"Kepler-1390 b",1.26000000,934.00,6.48021380000,
"Kepler-651 b",2.29000000,602.00,21.38521506000,
"Kepler-1340 b",0.98000000,2070.00,0.66502691600,
"Kepler-84 b",2.75000000,932.00,8.72585936000,
"Kepler-296 d",1.99000000,355.00,19.85025000000,
"Kepler-590 b",3.51000000,1056.00,5.85296257000,
"OGLE-TR-56 b",15.27800000,2212.00,1.21191890000,
"Kepler-1387 b",0.93000000,1122.00,2.27952665600,
"Kepler-1735 b",0.92000000,502.00,7.71792296000,
"Kepler-1172 b",3.26000000,586.00,26.02044230000,
"Kepler-514 b",1.49000000,1233.00,5.65179605000,
"Kepler-625 c",1.18000000,1202.00,4.16536510000,
"NGTS-15 b",12.32987877,1146.00,3.27623000000,"G6 V"
"Kepler-1555 b",1.55000000,966.00,8.10501635000,
"Kepler-122 b",1.84000000,1040.00,5.76616658000,
"Kepler-163 c",2.30000000,605.00,21.34735000000,
"Kepler-462 c",6.30000000,588.00,207.60350000000,
"Kepler-948 b",1.35000000,841.00,7.76845639000,
"Kepler-194 c",2.60000000,748.00,17.30797625000,
"Kepler-758 b",2.98000000,1005.00,12.10968709000,
"Kepler-312 b",0.98000000,1641.00,1.77244975000,
"Kepler-170 c",3.31000000,704.00,16.66584000000,
"Kepler-1525 b",0.84000000,1309.00,2.41660118300,
"Kepler-1397 b",1.37000000,499.00,47.44995500000,
"Kepler-719 b",7.30000000,1001.00,5.00731777900,
"Kepler-338 b",2.47000000,1005.00,13.72707449000,
"Kepler-220 b",0.83000000,805.00,4.15981712200,
"Kepler-398 c",0.98000000,542.00,11.41945387000,
"Kepler-79 d",5.70000000,542.00,52.09081602000,
"Kepler-497 b",5.81000000,1210.00,3.57320280100,
"Kepler-1476 b",1.80000000,860.00,10.35863224000,
"Kepler-1633 b",6.71000000,925.00,62.13491900000,
"KIC 5437945 b",7.23000000,308.00,440.78437550000,
"Kepler-1334 b",2.31000000,710.00,15.64591713000,
"Kepler-466 b",2.86000000,492.00,51.07931000000,
"Kepler-1791 b",2.20000000,1097.00,7.72087000000,
"Kepler-1312 b",2.17000000,978.00,5.44832107800,
"Kepler-1018 b",2.60000000,459.00,49.10146000000,
"Kepler-625 c",1.22000000,1273.00,4.16547100000,
"Kepler-1830 b",2.13000000,530.00,56.49322690000,
"Kepler-646 b",1.61000000,632.00,15.87364565000,
"Kepler-85 c",1.92000000,725.00,12.51366754000,
"Kepler-316 c",1.32000000,562.00,6.82778390000,
"Kepler-23 d",2.28000000,910.00,15.27438229000,
"Kepler-159 c",2.64000000,275.00,43.58642609000,
"Kepler-771 b",1.62000000,876.00,8.73477000000,
"Kepler-124 b",1.06000000,892.00,3.41045981000,
"Kepler-1162 b",2.22000000,510.00,32.56370690000,
"K2-38 c",2.49000000,949.00,10.56103000000,
"Kepler-1510 b",2.97000000,473.00,84.70392100000,
"Kepler-461 b",2.74000000,886.00,8.31377304000,
"Kepler-1041 b",2.59000000,644.00,24.75764210000,
"Kepler-444 f",0.51000000,620.00,9.74048418000,
"Kepler-444 f",0.95000000,673.00,9.74048508000,
"Kepler-1506 b",1.46000000,783.00,14.03291540000,
"Kepler-698 b",3.97000000,725.00,16.32976218000,
"EPIC 220674823 c",2.73000000,741.00,13.33907900000,
"TIC 139270665 b",7.22979255,703.00,23.62400000000,"G2"
"Kepler-805 b",3.01000000,743.00,30.86394760000,
"Kepler-1915 b",3.15000000,809.00,13.83541420000,
"Kepler-1530 c",2.40000000,1167.00,5.32274060000,
"Kepler-335 c",2.65000000,592.00,67.84468900000,
"EPIC 228836835 b",1.27000000,932.00,0.72813000000,
"Kepler-415 c",2.01000000,543.00,8.70798309000,
"K2-268 c",2.69000000,696.00,9.32752700000,
"Kepler-632 b",2.42000000,524.00,30.99660733000,
"Kepler-238 c",1.88000000,980.00,6.15555756000,
"Kepler-1167 b",1.70000000,1421.00,1.00393373900,
"Kepler-281 d",4.30000000,321.00,148.27201300000,
"Kepler-363 d",2.98000000,1112.00,11.93208690000,
"Kepler-245 e",1.92000000,1088.00,3.21982105600,
"Kepler-483 b",2.35000000,679.00,30.22910400000,
"Kepler-631 b",2.70000000,795.00,17.97988000000,
"Kepler-156 c",2.51000000,579.00,15.90686437000,
"Kepler-192 c",2.27000000,580.00,21.22347296000,
"Kepler-84 c",3.15000000,865.00,12.88291395000,
"K2-286 b",2.10000000,347.00,27.35900000000,"M0 V"
"Kepler-454 b",2.37000000,916.00,10.57375340000,
"Kepler-1424 b",0.90000000,542.00,29.60917440000,
"Kepler-1025 b",1.64000000,568.00,37.32294930000,
"Kepler-1178 b",0.73000000,378.00,31.80634000000,
"Kepler-339 b",1.46000000,954.00,4.97761996000,
"Kepler-767 b",6.15000000,318.00,161.52801010000,
"Kepler-139 c",2.80000000,351.00,157.07020000000,
"Kepler-33 f",4.14000000,691.00,41.02806370000,
"Kepler-395 b",1.00000000,497.00,7.05429483000,
"Kepler-1239 b",2.07000000,1192.00,5.19104016000,
"Kepler-97 b",1.60000000,1331.00,2.58663808100,
"Kepler-505 b",2.51000000,313.00,27.52197994000,
"Kepler-1757 b",2.56000000,550.00,19.65644811000,
"Kepler-649 b",2.46000000,606.00,29.90722674000,
"Kepler-1901 b",1.18000000,1208.00,3.48414900000,
"Kepler-1987 d",2.66000000,744.00,5.64491415400,
"Kepler-257 b",2.00000000,1079.00,2.38266600000,
"Kepler-1064 b",1.26000000,537.00,16.54080322000,
"Kepler-621 b",1.90000000,738.00,2.62811374600,
"Kepler-87 c",6.47000000,401.00,191.23913300000,
"Kepler-55 b",3.35000000,409.00,27.95379590000,
"Kepler-848 b",1.44000000,978.00,6.91134416000,
"Kepler-106 d",0.99000000,658.00,23.98023480000,
"Kepler-722 b",2.46000000,1182.00,4.09357325200,
"Kepler-829 b",1.87000000,874.00,6.88359300000,
"Kepler-1814 b",2.62000000,1023.00,2.93535933300,
"Kepler-127 b",1.41000000,865.00,14.43593100000,
"Kepler-765 b",2.29000000,641.00,27.66552260000,
"Kepler-416 b",2.71000000,986.00,6.31943553000,
"Kepler-691 b",2.14000000,466.00,8.11437900000,
"Kepler-1805 b",1.01000000,436.00,8.84786839000,
"Kepler-1918 b",2.57000000,497.00,47.05633270000,
"Kepler-1137 b",3.01000000,1020.00,23.92104080000,
"Kepler-142 d",1.67000000,582.00,41.80850310000,
"Kepler-386 c",1.78000000,502.00,25.19344670000,
"Kepler-1695 b",1.03000000,954.00,4.73292085000,
"Kepler-457 d",2.71000000,1008.00,10.69211500000,
"Kepler-327 d",1.70000000,392.00,13.96948245000,
"Kepler-291 c",1.93000000,1034.00,5.70071153000,
"Kepler-156 c",2.20000000,569.00,15.90681100000,
"Kepler-520 c",1.18000000,1107.00,5.21104597000,
"Kepler-417 b",2.49000000,671.00,12.33090437000,
"Kepler-444 d",0.40000000,721.00,6.18940639000,
"Kepler-1221 b",1.61000000,632.00,12.00096042000,
"Kepler-1020 b",2.01000000,313.00,96.91514960000,
"Kepler-249 c",1.28000000,435.00,7.11388016000,"M2 V"
"Kepler-106 e",2.58000000,538.00,43.84444353000,
"Kepler-369 c",1.80000000,421.00,14.87174000000,
"Kepler-756 b",1.19000000,1518.00,1.22486632200,
"Kepler-586 b",2.70000000,1240.00,2.10471420000,
"Kepler-1096 b",1.17000000,771.00,2.89221750600,
"Kepler-1191 b",1.38000000,869.00,5.59979000000,
"Kepler-1444 b",1.84000000,542.00,33.42035034000,
"Kepler-607 c",2.90000000,502.00,39.67715000000,
"Kepler-755 b",1.41000000,1331.00,1.26909141500,
"Kepler-132 e",1.41000000,414.00,110.28670310000,
"Kepler-1004 b",7.09000000,1662.00,5.28789787000,
"Kepler-296 f",1.23000000,199.00,63.33666060000,
"Kepler-879 b",2.54000000,580.00,33.38559380000,
"Kepler-296 d",1.65000000,293.00,19.85028393000,
"Kepler-82 b",4.70000000,588.00,26.44435456000,
"Kepler-434 b",11.26000000,926.00,12.87471242600,
"Kepler-616 d",2.62000000,499.00,51.06724950000,
"Kepler-48 b",1.89000000,922.00,4.77800402800,
"Kepler-666 b",2.21000000,1133.00,4.49876092000,
"K2-320 b",2.62000000,698.00,1.99500000000,
"Kepler-571 b",2.46000000,964.00,4.79862500000,
"Kepler-1433 b",1.43000000,1226.00,4.13592927000,
"Kepler-150 d",2.88000000,772.00,12.56092796000,
"Kepler-242 c",1.60000000,572.00,14.49672000000,
"Kepler-873 b",3.19000000,749.00,20.55331441000,
"Kepler-379 b",1.44000000,765.00,20.09842150000,
"Kepler-240 c",2.30000000,712.00,7.95355717000,
"HATS-37 A b",6.79265400,1085.00,4.33153660000,
"Kepler-325 b",2.94000000,1105.00,4.54443777300,
"Kepler-444 c",0.39000000,799.00,4.54587844200,
"Kepler-358 c",3.39000000,411.00,83.48862180000,
"Kepler-911 b",2.53000000,942.00,20.31050100000,
"Kepler-607 c",2.98000000,473.00,39.67696170000,
"Kepler-254 b",4.09000000,1013.00,5.82665750800,
"Kepler-1866 b",1.68000000,840.00,11.66013660000,
"Kepler-1912 b",1.21000000,976.00,6.05919881000,
"Kepler-387 b",1.08000000,1073.00,6.79164786000,
"Kepler-1907 c",9.05000000,621.00,14.86386959000,
"Kepler-281 d",18.00000000,313.00,148.26820000000,
"Kepler-1173 b",0.84000000,1585.00,0.76985410000,
"K2-184 b",1.47000000,533.00,16.97801020000,
"Kepler-132 b",1.04000000,1055.00,6.17828255000,
"Kepler-209 c",3.40000000,523.00,41.74949827000,
"Kepler-199 c",4.06000000,496.00,67.09329970000,
"Kepler-912 b",2.00000000,1218.00,2.53475627300,
"Kepler-579 b",1.70000000,730.00,9.66857723000,
"Kepler-1041 b",2.39000000,642.00,24.75724000000,
"Kepler-1941 b",1.99000000,666.00,31.33510940000,
"Kepler-739 b",3.37000000,775.00,12.53248465000,
"Kepler-1807 b",2.14000000,1108.00,10.86060638000,
"Kepler-783 b",0.93000000,1218.00,4.29264638000,
"Kepler-159 b",1.87000000,447.00,10.13961841000,
"Kepler-351 c",3.26000000,430.00,57.24866910000,
"Kepler-9 b",7.74000000,661.00,19.27082584300,
"Kepler-265 c",2.54000000,755.00,17.02902786000,
"Kepler-381 b",1.39000000,1576.00,5.62904396000,
"Kepler-1573 b",1.15000000,1378.00,2.61575540000,
"Kepler-402 e",1.59000000,990.00,11.24283541000,
"Kepler-222 c",4.81000000,734.00,10.08879697300,
"Kepler-296 d",1.45000000,292.00,19.85037041000,"M2 V"
"Kepler-828 b",1.40000000,1714.00,0.56785713600,
"Kepler-192 b",2.20000000,747.00,9.92672514000,
"Kepler-141 b",16.16000000,3961.00,3.10763873000,
"Kepler-905 b",1.47000000,960.00,5.08274651700,
"Kepler-309 b",1.03000000,529.00,5.92365634000,
"Kepler-462 c",4.52000000,453.00,207.58293060000,
"Kepler-1324 b",1.71000000,895.00,4.11584467900,
"Kepler-1487 b",5.05000000,1682.00,7.31945294000,
"Kepler-274 b",1.80000000,842.00,11.63486400000,
"Kepler-1900 b",1.14000000,1316.00,2.98617200000,
"Kepler-142 b",1.98000000,1610.00,2.02414559400,
"Kepler-54 c",1.33000000,395.00,12.07135949000,
"Kepler-1269 b",1.61000000,599.00,37.33080000000,
"Kepler-394 b",1.72000000,1063.00,8.00505342000,
"Kepler-114 c",1.29000000,507.00,8.04134777500,
"Kepler-431 b",0.97000000,1337.00,6.80252171000,
"Kepler-1591 b",0.95000000,892.00,8.18504949000,
"Kepler-695 b",9.17000000,1021.00,3.04033042400,
"Kepler-1948 b",0.70000000,391.00,15.57131611000,
"Kepler-876 b",1.55000000,923.00,5.14436450000,
"Kepler-750 c",1.31000000,1218.00,4.08902000000,
"Kepler-100 d",1.55000000,670.00,35.33319320000,
"Kepler-1705 b",1.07000000,789.00,9.01947140000,
"Kepler-1160 b",1.81000000,839.00,7.97033985000,
"Kepler-174 d",2.29000000,212.00,247.35491400000,
"Kepler-800 b",2.91000000,677.00,14.13176026000,
"Kepler-146 b",3.56000000,639.00,31.15882490000,
"Kepler-1421 b",0.71000000,1131.00,6.91311120000,
"Kepler-721 b",2.67000000,796.00,5.39206600000,
"Kepler-214 b",1.92000000,785.00,15.66057659000,
"Kepler-295 c",1.20000000,620.00,21.52625690000,
"Kepler-244 d",2.40000000,587.00,20.05043000000,
"Kepler-1818 b",1.48000000,1209.00,4.64493642000,
"Kepler-1365 b",0.92000000,969.00,7.69994466000,
"Kepler-1753 b",2.27000000,586.00,16.00454026000,
"K2-288 B b",1.90000000,226.36,31.39346300000,"M3 V"
"K2-341 b",3.21000000,598.00,36.55255100000,
"Kepler-1504 b",2.27000000,391.00,82.30400300000,
"K2-244 b",1.75000000,638.00,21.06884000000,
"Kepler-965 b",2.42000000,340.00,134.25272980000,
"Kepler-952 b",7.70000000,369.00,130.35439290000,
"Kepler-1987 d",2.95000000,749.00,5.64491522700,
"Kepler-1541 b",2.15000000,1048.00,8.40691199000,
"Kepler-51 b",7.65000000,523.00,45.15535633000,
"Kepler-1855 b",0.59000000,779.00,0.72733042600,
"Kepler-1837 b",1.43000000,1012.00,5.90609759000,
"Kepler-1388 e",2.09000000,294.00,37.63270840000,
"Kepler-123 c",1.40000000,706.00,26.69519440000,
"Kepler-56 b",4.96000000,1368.00,10.50073340000,
"Kepler-1295 b",1.50000000,1040.00,3.81371974000,
"Kepler-1080 b",3.70000000,548.00,77.25507260000,
"Kepler-1766 b",1.89000000,410.00,105.01411570000,
"Kepler-1718 b",2.50000000,363.00,135.18782340000,
"Kepler-1379 b",1.28000000,1565.00,0.88184114600,
"Kepler-1182 b",2.05000000,796.00,11.17394617000,
"Kepler-1991 c",2.18000000,584.00,22.79021423000,
"Kepler-533 b",8.21000000,669.00,28.51120525000,
"Kepler-308 c",2.19000000,715.00,15.38250060000,
"Kepler-392 c",1.31000000,1088.00,10.42312041000,
"Kepler-1232 b",1.59000000,523.00,26.78389350000,
"Kepler-1611 b",1.31000000,1243.00,5.17624997000,
"Kepler-650 b",3.49000000,1641.00,3.03214558800,
"Kepler-205 c",1.22000000,345.00,20.30707932000,"M1 V"
"Kepler-1896 b",2.20000000,469.00,44.86860000000,
"Kepler-1945 b",1.05000000,808.00,6.08004821000,
"Kepler-323 b",1.57000000,1659.00,1.67832630000,
"Kepler-1713 b",1.75000000,893.00,18.01167665000,
"Kepler-118 b",1.67000000,861.00,7.51849479000,
"Kepler-805 b",2.75000000,752.00,30.86389310000,
"Kepler-483 b",2.60000000,696.00,30.22935000000,
"Kepler-397 c",5.70000000,273.00,135.49777450000,
"Kepler-1000 b",4.54000000,473.00,120.01835510000,
"Kepler-206 b",1.11000000,946.00,7.78200916000,
"Kepler-765 b",2.27000000,644.00,27.66556000000,
"CoRoT-22 b",4.88000000,885.00,9.75598000000,"G3 V"
"PDS 70 c",22.86636000,995.00,,
"Kepler-343 c",1.53000000,689.00,23.22181890000,
"Kepler-1365 b",0.79000000,891.00,7.69993485000,
"Kepler-474 b",3.74000000,1164.00,5.66069100000,
"Kepler-508 b",2.36000000,862.00,25.30889748000,
"Kepler-202 b",1.91000000,843.00,4.06942840100,
"Kepler-1355 b",1.39000000,1450.00,1.28958811200,
"Kepler-1666 c",2.97000000,578.00,40.71554030000,
"Kepler-441 b",1.93000000,194.00,207.24795900000,
"Kepler-61 b",2.19000000,273.00,59.87802580000,
"Kepler-218 b",1.72000000,1161.00,3.61931219500,
"Kepler-1484 b",2.60000000,624.00,30.45444180000,
"Kepler-357 b",1.70000000,755.00,6.47534100000,
"Kepler-442 b",1.56000000,260.00,112.30683900000,
"Kepler-1409 b",1.10000000,1736.00,0.76486492600,
"Kepler-179 c",2.26000000,807.00,6.40014739400,
"Kepler-62 f",1.43000000,207.00,267.28252100000,
"Kepler-676 b",2.99000000,441.00,11.59819200000,
"Kepler-32 b",1.94000000,514.00,5.90127815000,
"Kepler-272 d",1.76000000,723.00,10.93730071000,
"Kepler-1995 b",4.23000000,375.00,73.75793170000,
"Kepler-1530 b",2.41000000,1484.00,2.59044340000,
"Kepler-284 b",2.54000000,692.00,12.69906000000,
"Kepler-1013 b",4.70000000,766.00,18.93054959000,
"Kepler-588 b",2.59000000,1177.00,4.22162535700,
"K2-268 e",1.33000000,801.00,6.13124300000,
"Kepler-219 d",2.56000000,565.00,47.90352110000,
"Kepler-1957 b",0.82000000,1099.00,2.18659922000,
"Kepler-308 c",2.14000000,714.00,15.38253940000,
"Kepler-984 b",3.01000000,594.00,43.03422720000,
"Kepler-223 c",2.79000000,873.00,9.84820240000,
"Kepler-1315 b",1.57000000,1540.00,0.84338011000,
"Kepler-168 c",2.80000000,838.00,13.19326000000,
"Kepler-223 e",31.46000000,692.00,19.72408910000,
"Kepler-84 f",2.02000000,543.00,44.55208000000,
"Kepler-260 c",1.69000000,376.00,76.05030000000,
"Kepler-472 b",3.22000000,878.00,4.17625551400,
"Kepler-1619 b",0.76000000,679.00,23.62259130000,
"Kepler-343 c",2.42000000,746.00,23.22181150000,
"Kepler-167 e",11.11000000,144.00,1071.23193460000,
"Kepler-1852 b",1.88000000,761.00,7.97098825000,
"Kepler-125 c",0.85000000,535.00,5.77442209000,
"Kepler-319 d",4.30000000,697.00,31.78226000000,
"Kepler-565 b",3.22000000,1061.00,4.24374722600,
"Kepler-250 d",2.43000000,579.00,17.64830851000,
"Kepler-1427 b",1.09000000,1851.00,0.96897237600,
"Kepler-1690 b",2.51000000,273.00,234.63537900000,
"Kepler-748 b",2.13000000,901.00,7.40758000000,
"Kepler-1826 b",1.18000000,810.00,1.61535972800,
"Kepler-1034 b",2.37000000,675.00,12.12401737000,
"Kepler-1064 b",1.51000000,560.00,16.54091000000,
"Kepler-1326 b",6.30000000,938.00,42.35200390000,
"Kepler-245 d",3.50000000,485.00,36.27594657000,
"Kepler-402 b",1.14000000,1388.00,4.02874200000,
"Kepler-728 b",3.23000000,982.00,5.74347726500,
"Kepler-883 b",1.53000000,834.00,12.98495573000,
"Kepler-1094 b",2.65000000,447.00,78.10002310000,
"Kepler-716 c",1.37000000,921.00,3.96994893000,
"Kepler-975 b",3.35000000,1598.00,1.97034245700,
"Kepler-1984 b",0.69000000,661.00,1.99281228200,
"Kepler-32 c",1.83000000,451.00,8.75209691000,
"Kepler-108 c",7.78000000,426.00,190.32004680000,
"Kepler-1776 b",2.20000000,608.00,35.01198785000,
"K2-352 d",2.23000000,727.00,14.87138700000,
"Kepler-1237 b",2.80000000,366.00,84.57332260000,
"Kepler-279 b",2.47000000,941.00,12.30971360000,
"Kepler-1369 b",2.99000000,667.00,25.87314800000,
"Kepler-690 b",4.30000000,889.00,7.74808300000,
"Kepler-208 d",1.29000000,992.00,11.13175190000,
"Kepler-161 b",1.84000000,813.00,4.92135700000,
"Kepler-232 c",3.74000000,784.00,11.37938071000,
"Kepler-1823 b",1.72000000,804.00,21.10325899000,
"Kepler-1159 b",1.82000000,677.00,22.70816791000,
"Kepler-750 c",1.58000000,1344.00,4.08899022000,
"Kepler-784 c",2.04000000,909.00,17.15708740000,
"Kepler-222 d",3.30000000,494.00,28.08209000000,
"Kepler-608 b",4.03000000,1069.00,6.41251503700,
"Kepler-966 b",3.93000000,391.00,99.74762200000,
"Kepler-144 b",1.59000000,1253.00,5.88527364000,
"Kepler-277 c",2.79000000,745.00,33.00630250000,
"Kepler-1996 b",1.69000000,380.00,32.37634050000,
"Kepler-554 b",4.45000000,1346.00,1.90220864700,
"Kepler-1244 b",1.15000000,1633.00,3.70428172000,
"Kepler-1408 b",0.84000000,1512.00,2.99793191000,
"Kepler-1715 b",3.72000000,646.00,35.59696840000,
"Kepler-239 b",2.25000000,586.00,11.76305700000,
"Kepler-799 b",7.54000000,369.00,133.46052350000,
"Kepler-1233 b",2.36000000,604.00,45.12630420000,
"Kepler-178 c",2.94000000,683.00,20.55280793000,
"Kepler-127 c",2.42000000,702.00,29.39326982000,
"Kepler-1887 b",2.88000000,623.00,19.94752664000,
"Kepler-1211 b",2.64000000,840.00,11.01819178000,
"Kepler-674 b",1.99000000,822.00,2.24338057300,
"K2-158 b",2.64000000,794.00,10.06049000000,
"Kepler-473 b",5.04000000,932.00,14.55731705000,
"Kepler-1996 c",2.15000000,267.00,92.72967750000,
"Kepler-279 c",5.47000000,774.00,35.73536160000,
"PH2 b",10.12000000,281.00,282.52550000000,
"Kepler-1248 b",1.16000000,1060.00,7.46725407000,
"EPIC 229004835 b",2.02000000,739.00,16.13655000000,
"Kepler-1074 b",1.16000000,548.00,5.94566534000,
"Kepler-256 d",2.06000000,1097.00,5.83909761000,
"Kepler-1854 b",1.28000000,401.00,39.83131530000,
"Kepler-335 b",1.69000000,972.00,6.56225728000,
"Kepler-129 c",2.40000000,521.00,82.20001050000,
"Kepler-1862 b",63.94000000,650.00,16.05737320000,
"Kepler-539 b",10.02000000,388.00,125.62914790000,
"Kepler-1445 b",1.09000000,987.00,10.60052083000,
"Kepler-923 b",1.70000000,1104.00,6.93365167000,
"Kepler-738 b",2.31000000,531.00,24.58721573000,
"Kepler-1093 b",2.03000000,776.00,25.08246260000,
"Kepler-1876 b",1.25000000,1424.00,6.99205491000,
"Kepler-433 b",13.08000000,1495.00,5.33408242900,
"Kepler-924 b",2.50000000,509.00,61.03701170000,
"Kepler-298 c",2.58000000,440.00,22.92927000000,
"Kepler-171 c",2.64000000,731.00,11.46347360000,
"Kepler-533 b",8.21000000,669.00,28.51120525000,
"Kepler-330 b",1.31000000,710.00,8.25981532000,
"Kepler-1918 b",2.82000000,497.00,47.05646210000,
"Kepler-1344 b",1.79000000,1219.00,4.76830490000,
"Kepler-158 c",1.90000000,418.00,28.55156868000,
"Kepler-1376 b",1.07000000,1043.00,5.30880656000,
"Kepler-148 c",3.10000000,929.00,4.18006590000,
"Kepler-1655 b",2.21300000,938.00,11.87287870000,
"Kepler-792 b",1.75000000,831.00,11.30119217000,
"Kepler-59 c",1.62000000,754.00,17.97761570000,
"Kepler-1030 b",2.52000000,534.00,19.32952416000,
"Kepler-145 c",3.61000000,709.00,42.88247951000,
"Kepler-1196 b",2.72000000,436.00,66.18436460000,
"Kepler-938 b",3.68000000,544.00,52.62985420000,
"Kepler-1365 c",0.66000000,1045.00,4.77468005000,
"Kepler-251 e",3.89000000,419.00,99.64096530000,
"Kepler-371 b",1.69000000,560.00,34.76299230000,
"Kepler-31 c",5.22000000,615.00,42.63427848000,
"Kepler-191 c",2.47000000,596.00,17.73842886000,
"Kepler-1317 b",1.38000000,1683.00,0.56887630000,
"Kepler-1497 b",1.69000000,898.00,8.74199772000,
"Kepler-1359 b",2.92000000,369.00,59.49690090000,
"Kepler-380 c",1.25000000,1015.00,7.63006848000,
"Kepler-1277 b",1.32000000,474.00,40.83650120000,
"Kepler-1503 b",2.14000000,324.00,96.16987000000,
"Kepler-1092 b",2.15000000,508.00,58.60179250000,
"Kepler-497 b",5.95000000,1211.00,3.57320367100,
"Kepler-151 b",2.98000000,643.00,15.22895698000,
"Kepler-1365 c",0.66000000,1045.00,4.77468005000,
"Kepler-1839 b",1.26000000,1020.00,5.05673900000,
"Kepler-913 c",1.72000000,849.00,5.93918879000,
"Kepler-1927 b",1.46000000,449.00,73.75065010000,
"Kepler-206 b",1.11000000,946.00,7.78200916000,
"Kepler-1084 b",1.42000000,1904.00,2.05335200000,
"Kepler-556 b",2.08000000,766.00,11.72291212000,
"Kepler-1126 c",1.45000000,305.00,199.66876000000,
"Kepler-104 c",3.06000000,763.00,23.66836427000,
"Kepler-1336 c",1.03000000,941.00,5.77721211000,
"Kepler-994 b",1.56000000,936.00,1.15116650600,
"Kepler-947 b",2.20000000,573.00,26.96450100000,
"Kepler-1670 b",2.50000000,734.00,20.49983730000,
"Kepler-36 b",1.48000000,978.00,13.84984283000,
"Kepler-327 b",1.31000000,690.00,2.54956329600,
"Kepler-1268 b",2.14000000,610.00,40.99039860000,
"Kepler-460 c",5.94000000,389.00,220.14291300000,
"Kepler-1078 b",1.61000000,1125.00,3.00725242000,
"Kepler-1884 b",1.17000000,864.00,8.98825111000,
"Kepler-9 d",1.67000000,1560.00,1.59297160000,
"Kepler-296 f",1.61000000,241.00,63.33828000000,
"Kepler-1699 b",1.41000000,1013.00,3.49078834000,
"K2-189 b",1.40300000,1203.00,2.58812000000,
"Kepler-770 c",0.95000000,1368.00,1.47532231400,
"Kepler-1381 b",2.41000000,649.00,25.38426860000,
"Kepler-583 b",2.78000000,1017.00,6.51003001000,
"Kepler-1419 b",2.60000000,510.00,42.52158950000,
"K2-107 b",15.98000000,1649.00,3.31395900000,
"Kepler-122 e",1.93000000,555.00,37.99639810000,
"Kepler-896 c",3.23000000,517.00,29.54229630000,
"K2-168 b",1.86000000,766.35,15.85230000000,
"Kepler-1294 b",3.02000000,375.00,115.68622580000,
"Kepler-671 b",2.30000000,1012.00,4.28096360400,
"Kepler-1810 b",3.79000000,380.00,101.13265680000,
"Kepler-553 c",11.83000000,242.00,328.23995460000,
"Kepler-339 d",1.41000000,796.00,10.55840479000,
"Kepler-167 c",1.67400000,771.00,7.40610600000,
"Kepler-9 c",7.98000000,523.00,38.90787517000,
"Kepler-1313 b",4.30000000,1392.00,3.83309150000,
"Kepler-1179 b",1.34000000,1137.00,2.68505749200,
"Kepler-735 b",2.98000000,658.00,11.51516988000,
"Kepler-1224 b",1.11000000,852.00,13.32351601000,
"Kepler-53 b",2.90000000,700.00,18.64929678000,
"Kepler-124 d",1.26000000,446.00,30.95076080000,
"Kepler-269 c",1.62000000,875.00,8.12810877000,
"Kepler-62 e",1.61000000,270.00,122.38740000000,"K2 V"
"Kepler-1866 b",1.14000000,805.00,11.65975000000,
"Kepler-331 c",2.05000000,424.00,17.28115210000,
"Kepler-1311 d",7.22000000,360.00,197.51076780000,
"Kepler-287 c",3.10000000,520.00,44.85199000000,
"Kepler-272 b",1.33000000,1117.00,2.97136410000,
"Kepler-1153 b",1.68000000,1349.00,1.75583532700,
"Kepler-900 b",2.19000000,720.00,6.99130860000,
"Kepler-391 c",2.38000000,927.00,20.48544030000,
"Kepler-804 c",1.08000000,890.00,9.65188331000,
"K2-36 b",1.43000000,1328.00,1.42261400000,
"Kepler-1352 b",0.81000000,1714.00,1.87788274800,
"Kepler-409 b",0.98000000,402.00,68.95860800000,
"Kepler-818 b",4.69000000,793.00,10.03538581400,
"Kepler-687 b",3.62000000,518.00,20.50586978000,
"Kepler-268 c",2.52000000,479.00,83.44633350000,
"Kepler-1677 b",2.31000000,726.00,22.06406230000,
"Kepler-1209 b",1.31000000,735.00,25.36855000000,
"Kepler-24 c",4.75000000,864.00,12.33340885000,
"Kepler-168 b",1.54000000,1252.00,4.42534621000,
"Kepler-130 b",1.03000000,977.00,8.45746707000,
"Kepler-207 b",1.09000000,1712.00,1.61188717700,
"Kepler-340 b",4.61000000,1672.00,14.84441630000,
"Kepler-1807 b",3.08000000,1127.00,10.86084000000,
"Kepler-368 b",1.35000000,513.00,26.84734000000,
"Kepler-150 d",2.74000000,734.00,12.56096618000,
"Kepler-724 b",4.00000000,1128.00,3.31495230000,
"Kepler-135 c",1.07000000,954.00,11.44859460000,
"Kepler-79 c",2.96000000,671.00,27.40232089000,
"Kepler-1672 b",3.16000000,411.00,150.87799060000,
"KOI-351 f",2.46000000,406.00,124.91633700000,
"Kepler-292 e",2.11000000,678.00,11.97884409000,
"Kepler-1737 b",5.41000000,383.00,64.61744650000,
"Kepler-1309 b",2.66000000,491.00,28.84317510000,
"Kepler-657 b",3.17000000,616.00,24.54350418000,
"Kepler-328 c",4.94000000,475.00,71.31165980000,
"Kepler-197 c",1.26000000,932.00,10.34971385000,
"Kepler-202 c",2.04000000,531.00,16.28248353000,
"Kepler-1536 b",2.98000000,166.00,364.75803100000,
"Kepler-295 b",1.45000000,741.00,12.64504510000,
"Kepler-367 c",1.08000000,342.00,53.57820000000,
"Kepler-770 b",1.93000000,585.00,18.92540274000,
"Kepler-251 c",3.59000000,762.00,16.51412820000,
"Kepler-1444 b",1.84000000,542.00,33.42035034000,
"Kepler-138 b",0.58000000,439.00,10.31320643000,
"Kepler-1591 b",0.93000000,892.00,8.18504859000,
"Kepler-194 d",2.43000000,518.00,52.81476000000,
"Kepler-1202 b",2.40000000,546.00,28.68513240000,
"Kepler-402 e",1.59000000,990.00,11.24283541000,
"K2-355 b",2.25000000,1066.00,5.73856470000,
"Kepler-1741 b",1.21000000,720.00,2.75756700000,
"Kepler-1873 b",1.39000000,1795.00,0.55884130700,
"Kepler-1594 b",1.04000000,1388.00,2.71603809000,
"Kepler-28 b",1.92000000,585.00,5.91226829700,
"Kepler-1156 b",1.25000000,812.00,11.89520511000,
"Kepler-1717 b",2.38000000,771.00,30.65293730000,
"Kepler-863 b",2.87000000,718.00,15.59461874000,
"Kepler-399 c",1.58000000,508.00,26.67570540000,
"Kepler-611 b",1.61000000,1371.00,2.43703330200,
"V1298 Tau c",5.59000000,968.00,8.24958000000,
"Kepler-309 b",1.12000000,529.00,5.92360020000,"M0 V"
"Kepler-1210 b",1.56000000,856.00,8.07124073000,
"Kepler-1402 b",0.73000000,1240.00,2.03387914000,
"Kepler-1671 b",1.07000000,962.00,4.16787814000,
"Kepler-1590 b",1.09000000,1019.00,7.61760804000,
"Kepler-976 b",3.81000000,322.00,105.95641480000,
"Kepler-1196 b",2.01000000,431.00,66.18490310000,
"Kepler-55 e",1.51000000,744.00,4.61746693000,
"Kepler-1671 b",1.05000000,984.00,4.16789251400,
"Kepler-1418 b",1.32000000,419.00,22.47644250000,
"Kepler-150 d",2.88000000,772.00,12.56092796000,
"Kepler-278 b",2.94000000,693.00,30.16012000000,
"Kepler-1752 b",4.30000000,420.00,56.36391000000,
"Kepler-905 b",1.40000000,928.00,5.08274836200,
"Kepler-1695 b",1.03000000,954.00,4.73292085000,
"Kepler-178 c",3.40000000,683.00,20.55280000000,
"Kepler-1868 b",3.60000000,216.00,211.03814000000,
"Kepler-1523 b",1.55000000,1796.00,0.93875077000,
"Kepler-910 b",0.82000000,1752.00,2.36436762000,
"Kepler-1073 c",1.79000000,1169.00,4.02582434000,
"Kepler-1501 b",1.08000000,787.00,14.55656180000,
"Kepler-742 b",3.67000000,690.00,8.36087070400,
"Kepler-926 b",1.82000000,440.00,52.06886010000,
"Kepler-148 d",8.73000000,413.00,51.84688984000,
"Kepler-1991 b",1.26000000,700.00,13.26084292000,
"Kepler-690 b",5.52000000,964.00,7.74809423900,
"Kepler-768 b",1.74000000,632.00,11.39100250000,
"K2-283 b",3.52000000,1186.00,1.92103600000,
"Kepler-832 b",2.24000000,965.00,7.13969705000,
"Kepler-1738 b",2.50000000,934.00,7.67478000000,
"Kepler-226 b",1.59000000,1017.00,3.94104632000,
"Kepler-1939 b",0.92000000,827.00,2.79064933900,
"Kepler-1789 b",3.44000000,397.00,80.23173490000,
"Kepler-283 c",1.87000000,240.00,92.74957770000,
"Kepler-752 b",2.92000000,632.00,18.82747265000,
"Kepler-191 d",2.69000000,857.00,5.94504354800,
"Kepler-218 c",3.19000000,501.00,44.69910000000,
"Kepler-605 b",1.33000000,1049.00,3.38353806600,
"Kepler-310 d",2.64000000,353.00,92.87472940000,
"Kepler-772 b",2.13000000,857.00,12.99178000000,
"Kepler-182 c",3.00000000,704.00,20.68438000000,
"Kepler-1131 b",1.40000000,1170.00,3.53229200000,
"Kepler-1439 b",1.59000000,420.00,8.07394097000,
"Kepler-850 b",1.63000000,996.00,7.19294000000,
"Kepler-906 b",2.18000000,563.00,41.69799760000,
"Kepler-335 c",1.48000000,447.00,67.84507710000,
"Kepler-1939 b",0.92000000,827.00,2.79064933900,
"Kepler-1696 b",2.35000000,454.00,65.94132600000,
"Kepler-27 c",7.24000000,496.00,31.33050622000,
"Kepler-1269 b",1.54000000,604.00,37.33315360000,
"K2-229 c",2.12000000,800.00,8.32834000000,
"Kepler-190 b",1.43000000,1186.00,2.02000102100,
"K2-24 b",5.68000000,767.00,20.88510000000,"G3"
"Kepler-304 b",3.80000000,1014.00,3.29570364400,
"Kepler-1932 b",1.42000000,2045.00,0.52417609400,
"Kepler-177 b",3.62000000,601.00,36.85680080000,
"Kepler-505 b",2.51000000,313.00,27.52197994000,
"Kepler-269 b",2.67000000,951.00,5.32667900000,
"Kepler-1938 b",1.43000000,527.00,13.06242496000,
"Kepler-1670 b",2.50000000,734.00,20.49983730000,
"Kepler-207 c",1.06000000,1380.00,3.07154539600,
"Kepler-909 b",1.22000000,789.00,13.93290318000,
"Kepler-1417 b",1.00000000,695.00,20.35052130000,
"Kepler-277 c",2.79000000,745.00,33.00630250000,
"Kepler-124 c",2.23000000,616.00,13.82138700000,
"Kepler-1716 b",2.03000000,408.00,35.58349688000,
"Kepler-268 c",2.73000000,471.00,83.44634850000,
"Kepler-245 c",2.53000000,619.00,17.46085263000,
"Kepler-1980 b",1.96000000,533.00,33.02568070000,
"Kepler-30 c",12.19000000,411.00,60.32494216000,
"Kepler-1372 b",1.26000000,1656.00,1.31155556800,
"Kepler-1368 b",1.36000000,2085.00,0.67565040400,
"KOI-134 b",13.20000000,583.00,67.42112000000,
"Kepler-9 b",7.96000000,661.00,19.27082403100,
"Kepler-804 b",1.56000000,712.00,14.37438000000,
"Kepler-235 c",1.28000000,550.00,7.82496000000,
"Kepler-1857 b",1.50000000,946.00,8.94343618000,
"Kepler-620 b",2.75000000,868.00,12.91384000000,
"Kepler-24 d",1.61000000,1234.00,4.24437621000,
"Kepler-1767 b",2.90000000,378.00,59.65943000000,
"Kepler-306 b",1.82000000,930.00,4.64621076000,
"Kepler-559 b",4.03000000,706.00,17.58751692000,
"Kepler-623 b",2.90000000,800.00,9.07080800000,
"Kepler-607 b",1.46000000,2020.00,0.63815400000,
"Kepler-401 d",2.36000000,408.00,184.25640500000,
"Kepler-2000 c",1.18000000,372.00,20.61867000000,
"Kepler-1855 b",0.67000000,849.00,0.72733174600,
"Kepler-32 f",1.88000000,1024.00,0.74295883600,
"Kepler-418 c",5.10000000,835.00,12.21828097000,
"Kepler-82 c",6.11000000,471.00,51.53998542000,
"Kepler-770 b",1.93000000,585.00,18.92540274000,
"EPIC 248847494 b",12.44199000,183.00,3650.00000000000,
"Kepler-39 b",14.43000000,873.00,21.08719530000,
"Kepler-348 c",1.16000000,888.00,17.26536590000,
"Kepler-792 b",1.85000000,852.00,11.30123036000,
"Kepler-92 d",1.99000000,639.00,49.35688490000,
"Kepler-280 b",1.42000000,1314.00,2.13955650300,
"Kepler-1229 b",1.12000000,196.00,86.82898900000,
"Kepler-1491 c",2.44000000,530.00,61.56976500000,
"Kepler-317 b",2.25000000,976.00,5.52418625000,
"Kepler-1251 b",1.86000000,487.00,45.09046430000,
"Kepler-655 b",2.64000000,556.00,46.40730000000,
"Kepler-1330 b",1.72000000,814.00,10.10769068000,
"Kepler-952 b",7.91000000,369.00,130.35469190000,
"Kepler-60 c",2.11000000,1115.00,8.91902447000,
"Kepler-418 c",5.30000000,860.00,12.21825500000,
"Kepler-171 c",2.64000000,731.00,11.46347360000,
"Kepler-1138 b",1.66000000,1200.00,3.17060005000,
"Kepler-1995 b",4.28000000,375.00,73.75788750000,
"Kepler-324 c",2.60000000,410.00,51.80982760000,
"Kepler-257 b",2.74000000,1237.00,2.38265287300,
"Kepler-969 b",2.30000000,489.00,34.17325000000,
"Kepler-221 d",2.97000000,712.00,10.04157214000,
"Kepler-399 c",2.69000000,630.00,26.67578180000,
"Kepler-1104 b",1.07000000,1256.00,5.03728015000,
"Kepler-843 b",2.29000000,1379.00,2.05387982100,
"Kepler-746 b",1.17000000,1156.00,3.48159170000,
"Kepler-860 b",2.84000000,1050.00,5.10137572500,
"Kepler-150 e",2.95000000,572.00,30.82647130000,
"Kepler-1747 b",4.11000000,875.00,6.23033032300,
"Kepler-656 b",3.69000000,1570.00,1.26025909400,
"Kepler-626 b",3.10000000,877.00,14.48588200000,
"Kepler-208 b",1.68000000,1371.00,4.22864988000,
"Kepler-199 b",3.87000000,702.00,23.64219092000,
"Kepler-818 b",4.69000000,793.00,10.03538581400,
"Kepler-1886 b",1.50000000,496.00,24.27684000000,
"Kepler-380 b",1.07000000,1266.00,3.93087100000,
"Kepler-126 d",2.51000000,475.00,100.28306750000,
"Kepler-398 b",1.00000000,755.00,4.08141155400,
"Kepler-440 b",1.47000000,201.00,101.11149760000,
"Kepler-46 b",8.46000000,495.00,33.60123371000,
"Kepler-301 b",1.33000000,1278.00,2.50855409500,
"Kepler-326 d",2.43000000,1104.00,6.76689811000,
"Kepler-1215 b",1.22000000,1046.00,4.76703963000,
"Kepler-681 b",3.00000000,469.00,26.39452000000,
"Kepler-1693 b",1.12000000,729.00,12.09997831000,
"Kepler-415 b",1.61000000,758.00,4.17634525000,
"Kepler-1075 b",1.38000000,862.00,1.52372816000,
"Kepler-1353 b",2.03000000,491.00,24.75439660000,
"Kepler-966 b",4.70000000,425.00,99.74690000000,
"Kepler-1212 b",1.70000000,795.00,12.94123564000,
"Kepler-561 c",2.66000000,989.00,5.35016198300,
"Kepler-415 b",1.61000000,758.00,4.17634525000,
"Kepler-317 b",2.11000000,951.00,5.52417517000,
"Kepler-1111 b",1.88000000,939.00,8.79617863000,
"Kepler-674 b",1.32000000,685.00,2.24338184700,
"Kepler-311 c",1.61000000,764.00,19.73805000000,
"Kepler-653 b",1.75000000,753.00,14.70748976000,
"Kepler-49 e",1.97000000,387.00,18.59622000000,
"Kepler-1065 b",3.10000000,1053.00,3.60931900000,
"Kepler-1138 b",1.71000000,1233.00,3.17059800000,
"Kepler-1438 b",0.86000000,1241.00,2.31942009000,
"Kepler-372 b",1.43000000,1132.00,6.84976206000,
"Kepler-979 b",2.51000000,733.00,8.08801350000,
"Kepler-85 e",1.21000000,574.00,25.21528750000,
"Kepler-1690 b",2.56000000,267.00,234.63565200000,
"Kepler-62 d",1.95000000,510.00,18.16406000000,"K2 V"
"Kepler-256 b",1.37000000,1545.00,1.62046783600,
"KOI-1833 d",2.58000000,583.00,7.68433346000,
"Kepler-1615 b",3.71000000,658.00,47.31286450000,
"K2-198 d",2.43800000,943.20,7.45001770000,
"Kepler-596 b",2.99000000,725.00,21.30020491000,
"Kepler-1881 b",2.73000000,289.00,159.38878800000,
"Kepler-299 b",1.22000000,1241.00,2.92721559000,
"Kepler-824 b",1.88000000,1266.00,4.51436633000,
"Kepler-319 c",5.22000000,1240.00,6.94135962400,
"Kepler-169 c",3.30000000,1204.00,6.19554400000,
"Kepler-404 c",1.28000000,660.00,14.75122000000,
"Kepler-184 b",2.42000000,785.00,10.68757479000,
"K2-276 b",3.77000000,583.00,18.71826900000,
"Kepler-607 c",2.29000000,473.00,39.67660710000,
"Kepler-571 b",2.49000000,980.00,4.79859938800,
"Kepler-1783 b",2.38000000,1088.00,8.27744313000,
"K2-185 c",2.39000000,477.00,52.71349400000,
"NGTS-16 b",14.57167491,1177.00,4.84532000000,"G7 V"
"Kepler-1009 b",2.08000000,445.00,11.35011917000,
"K2-233 b",1.39800000,1040.00,2.46746000000,"K3"
"Kepler-389 b",1.58000000,1049.00,3.24416463000,
"Kepler-1635 b",3.28000000,202.00,469.63111000000,
"Kepler-1866 b",1.68000000,840.00,11.66013660000,
"Kepler-648 b",2.85000000,661.00,17.42117490000,
"Kepler-48 d",2.00000000,448.00,42.89645024000,
"Kepler-445 c",2.09000000,362.00,4.87122221500,
"Kepler-1329 b",2.05000000,577.00,9.33646594000,
"Kepler-1823 b",1.72000000,804.00,21.10325899000,
"K2-247 c",2.19000000,688.00,6.49424000000,
"Kepler-691 b",2.10000000,460.00,8.11437482000,
"Kepler-1052 b",2.71000000,530.00,34.85333000000,
"Kepler-325 b",2.94000000,1105.00,4.54443777300,
"Kepler-1450 b",1.55000000,310.00,54.50941660000,
"Kepler-1472 b",1.81000000,633.00,38.13128310000,
"Kepler-1299 b",2.47000000,585.00,19.94008740000,
"Kepler-1542 d",0.91000000,1010.00,5.99273265000,
"Kepler-225 c",1.74000000,330.00,18.79523087000,"M1 V"
"Kepler-187 b",1.26000000,1175.00,4.93886507000,
"Kepler-591 b",4.71000000,436.00,81.17015870000,
"Kepler-647 b",1.21000000,788.00,16.22549750000,
"Kepler-346 c",3.50000000,642.00,23.85136000000,
"Kepler-172 e",3.26000000,550.00,35.11844320000,
"Kepler-175 b",2.56000000,827.00,11.90352088000,
"OGLE-TR-111 b",11.33229900,1019.00,4.01444770000,
"Kepler-1465 b",1.74000000,414.00,31.82771110000,
"Kepler-1819 b",10.40000000,712.00,16.48683000000,
"Kepler-11 e",3.89000000,582.00,31.99550624000,
"Kepler-1242 b",3.30000000,655.00,13.62793000000,
"Kepler-1692 b",0.97000000,841.00,5.95958500000,
"Kepler-1314 b",5.20000000,626.00,5.42474928100,
"Kepler-349 b",1.88000000,989.00,5.92977400000,
"Kepler-754 b",1.76000000,759.00,14.55962370000,
"Kepler-752 b",2.60000000,629.00,18.82729000000,
"Kepler-268 b",2.35000000,707.00,25.93406740000,
"Kepler-268 b",2.35000000,707.00,25.93406740000,
"CoRoT-17 b",11.43000000,1626.00,3.76810000000,"G2 V"
"CoRoT-23 b",13.22662000,1710.00,3.63130000000,
"Kepler-997 b",0.98000000,1508.00,2.70730671600,
"Kepler-997 b",0.98000000,1508.00,2.70730671600,
"Kepler-968 b",1.61000000,748.00,3.69298372800,
"Kepler-966 b",3.93000000,391.00,99.74762200000,
"Kepler-1061 b",2.24000000,1553.00,2.75798266600,
"Kepler-1062 b",1.64000000,583.00,9.30412078000,
"Kepler-1062 b",1.58000000,554.00,9.30423600000,
"Kepler-1114 b",1.28000000,631.00,14.97436238000,
"Kepler-1115 b",2.17000000,1381.00,23.55407250000,
"Kepler-1117 b",1.01000000,964.00,4.79028459000,
"Kepler-362 c",1.68000000,479.00,37.86589820000,
"Kepler-363 d",2.62000000,1055.00,11.93223000000,
"Kepler-364 c",1.99000000,549.00,59.98105860000,
"Kepler-1124 b",1.79000000,631.00,2.85234897500,
"Kepler-1131 b",1.43000000,1159.00,3.53232429000,
"Kepler-367 b",1.15000000,393.00,37.81562190000,
"Kepler-368 b",1.22000000,523.00,26.84763250000,
"Kepler-369 c",1.32000000,339.00,14.87153514000,
"Kepler-1134 b",2.60000000,613.00,17.13263989000,
"Kepler-372 c",2.47000000,792.00,20.05450770000,
"Kepler-1137 b",2.23000000,980.00,23.92107910000,
"Kepler-1143 b",1.47000000,959.00,2.88890484900,
"Kepler-1145 b",1.45000000,957.00,3.97076766000,
"Kepler-1808 b",2.36000000,602.00,23.34031664000,
"Kepler-374 c",1.09000000,1226.00,3.28280266000,
"Kepler-1151 b",2.29000000,462.00,65.64620000000,
"Kepler-1064 b",1.26000000,537.00,16.54080322000,
"Kepler-375 c",4.22000000,720.00,19.98659160000,
"KOI-3680 b",10.64000000,342.00,141.24164672000,
"Kepler-151 b",2.98000000,643.00,15.22895698000,
"Kepler-27 b",5.00000000,610.00,15.33528675000,
"Kepler-27 b",4.94000000,630.00,15.33525912000,
"Kepler-332 c",1.30000000,619.00,15.99561140000,
"Kepler-1016 c",4.22000000,407.00,105.65526510000,
"Kepler-200 b",2.92000000,1046.00,8.59479202000,
"Kepler-347 c",1.64000000,629.00,27.32163320000,
"Kepler-347 c",1.64000000,629.00,27.32163320000,
"Kepler-331 b",1.87000000,540.00,8.45746636000,
"Kepler-1719 b",3.01000000,1214.00,6.14936200000,
"Kepler-371 c",1.54000000,448.00,67.96870260000,
"Kepler-1027 b",0.91000000,1268.00,1.90781068300,
"Kepler-1944 b",2.48000000,803.00,9.84261195000,
"Kepler-362 c",1.68000000,479.00,37.86589820000,
"Kepler-154 b",1.97000000,540.00,33.04056350000,
"Kepler-561 c",2.66000000,989.00,5.35016198300,
"Kepler-130 c",2.85000000,660.00,27.50867519000,
"Kepler-1985 b",1.81000000,1107.00,3.42063861000,
"Kepler-1890 b",1.08000000,1328.00,4.82051088000,
"Kepler-1363 b",1.29000000,988.00,2.94194094000,
"Kepler-1499 b",1.19000000,409.00,44.20080000000,
"Kepler-1781 b",2.50000000,995.00,4.88753526000,
"Kepler-920 c",4.35000000,364.00,100.82767250000,
"Kepler-1518 b",2.25000000,1351.00,5.11177904000,
"Kepler-1640 b",5.49000000,1222.00,7.58441260000,
"Kepler-1126 b",1.58000000,375.00,108.59332900000,
"Kepler-331 d",2.19000000,364.00,32.13493000000,
"Kepler-382 b",1.46000000,1019.00,5.26212693000,
"Kepler-1876 b",1.06000000,1194.00,6.99205021000,
"Kepler-668 b",2.54000000,789.00,8.35390639000,
"Kepler-82 c",5.30000000,464.00,51.53005000000,
"Kepler-1520 b",22.95000000,1437.00,0.65355361000,
"Kepler-1217 b",1.91000000,1541.00,2.03232507200,
"Kepler-1052 c",2.30000000,302.00,180.92172900000,
"Kepler-653 b",1.74000000,748.00,14.70751200000,
"Kepler-170 c",2.72000000,685.00,16.66591162000,
"Kepler-504 b",1.94000000,445.00,9.54927300000,
"Kepler-1927 b",1.46000000,449.00,73.75065010000,
"Kepler-934 b",2.19000000,384.00,55.67358200000,
"Kepler-1634 b",4.92000000,282.00,374.87623900000,
"Kepler-1602 b",1.81000000,1159.00,11.17931581000,
"Kepler-427 b",9.83000000,884.00,10.29099375500,
"Kepler-1678 b",3.43000000,337.00,147.97302700000,
"Kepler-166 c",2.49000000,473.00,34.25951372000,
"Kepler-1787 b",2.14000000,540.00,39.31348320000,
"Kepler-199 b",3.87000000,702.00,23.64219092000,
"Kepler-967 b",1.86000000,581.00,13.22713379000,
"Kepler-770 d",7.62000000,1941.00,4.15246118000,
"Kepler-1797 b",2.95000000,684.00,23.35948220000,
"Kepler-981 b",2.27000000,1104.00,4.46975773600,
"Kepler-1170 b",2.48000000,705.00,9.98970266000,
"Kepler-689 b",2.80000000,545.00,22.36658000000,
"Kepler-1209 b",1.48000000,775.00,25.36911600000,
"Kepler-1085 b",6.43000000,313.00,219.32175280000,
"Kepler-156 b",2.30000000,835.00,4.97345500000,
"Kepler-1894 c",1.23000000,1007.00,5.05366499000,
"Kepler-786 b",2.39000000,353.00,53.52934870000,
"Kepler-81 c",1.87000000,428.00,12.03991407000,
"Kepler-246 c",1.56000000,674.00,11.18714042000,
"Kepler-177 b",2.90000000,598.00,36.85478000000,
"Kepler-1638 b",1.70000000,281.00,259.33683000000,
"Kepler-859 b",2.87000000,519.00,20.38177573000,
"Kepler-937 b",3.27000000,495.00,67.66882700000,
"Kepler-907 b",1.18000000,874.00,15.86621821000,
"Kepler-1456 b",1.14000000,433.00,18.13738290000,
"Kepler-1076 b",0.79000000,770.00,6.14728341000,
"Kepler-1941 b",1.99000000,670.00,31.33513970000,
"Kepler-1804 b",3.14000000,913.00,12.28850922000,
"Kepler-641 b",2.02000000,926.00,9.48961571000,
"HD 203030 b",14.45958510,1040.00,,"G8 V"
"Kepler-478 b",2.86000000,667.00,13.22175760000,
"Kepler-193 b",2.46000000,888.00,11.38857000000,
"Kepler-473 b",5.04000000,932.00,14.55731705000,
"Kepler-1029 b",1.45000000,837.00,4.41774900000,
"Kepler-1358 b",1.16000000,826.00,7.06317341000,
"Kepler-1723 b",2.80000000,568.00,39.75302840000,
"Kepler-708 b",2.87000000,1221.00,3.16789193800,
"Kepler-363 c",2.35000000,1295.00,7.54233911000,
"Kepler-69 b",2.36000000,867.00,13.72235300000,
"Kepler-264 c",4.16000000,559.00,140.10394000000,
"Kepler-757 b",0.95000000,1593.00,1.02267882100,
"Kepler-507 b",1.29000000,1320.00,3.56806500000,
"Kepler-1085 c",3.12000000,491.00,56.77722900000,
"Kepler-149 d",3.54000000,301.00,160.02005970000,
"Kepler-195 c",1.85000000,456.00,34.09638000000,
"Kepler-115 b",0.99000000,1459.00,2.40364329600,
"Kepler-165 c",2.34000000,581.00,15.31296388000,
"EPIC 212737443 b",2.58600000,536.00,13.60300000000,"K3"
"Kepler-846 b",2.30000000,628.00,19.80792185000,
"Kepler-350 b",1.81000000,1037.00,11.18957090000,
"Kepler-1345 b",2.17000000,693.00,44.61695570000,
"Kepler-245 b",2.70000000,785.00,7.49018800000,
"KOI-1833 d",2.58000000,613.00,7.68500000000,
"Kepler-602 b",1.84000000,773.00,15.28469497000,
"Kepler-235 e",2.00700000,306.00,46.18406000000,
"Kepler-1063 b",1.15000000,694.00,14.07971466000,
"Kepler-1236 b",1.85000000,480.00,31.05729470000,
"Kepler-1088 b",1.60000000,765.00,23.12760000000,
"Kepler-414 b",1.69000000,1015.00,4.69964000000,
"Kepler-1781 b",2.50000000,995.00,4.88753526000,
"Kepler-750 b",2.95000000,1018.00,9.42887179000,
"Kepler-1441 b",1.11000000,492.00,39.44198390000,
"Kepler-357 b",1.90000000,804.00,6.47538919000,
"Kepler-1771 b",2.50000000,389.00,88.64423640000,
"Kepler-123 b",2.51000000,774.00,17.23231686000,
"Kepler-781 b",2.72000000,628.00,13.21407320000,
"Kepler-783 c",2.55000000,1032.00,7.05393612200,
"Kepler-1738 b",2.33000000,957.00,7.67465618000,
"Kepler-1737 b",4.20000000,345.00,64.61635000000,
"Kepler-1166 b",2.20000000,559.00,33.24201000000,
"Kepler-1168 b",2.20000000,371.00,55.82280000000,
"Kepler-1169 b",0.93000000,1125.00,6.11010439000,
"Kepler-1814 b",3.15000000,1022.00,2.93536206700,
"Kepler-356 c",1.64000000,852.00,13.12163551000,
"Kepler-1161 b",2.70000000,579.00,10.71243000000,
"Kepler-1161 b",1.93000000,468.00,10.71252541000,
"Kepler-1162 b",2.22000000,510.00,32.56370690000,
"Kepler-1817 b",2.28000000,433.00,44.29944770000,
"Kepler-1818 b",1.48000000,1209.00,4.64493642000,
"Kepler-1819 b",78.51000000,754.00,16.48688002000,
"Kepler-1181 b",1.41000000,1264.00,4.89348900000,
"Kepler-1182 b",1.64000000,796.00,11.17392077000,
"Kepler-1184 b",2.57000000,529.00,53.59910440000,
"Kepler-1076 b",0.83000000,717.00,6.14731300000,
"Kepler-112 c",2.80000000,608.00,28.57426490000,
"Kepler-1065 b",3.47000000,1092.00,3.60930890700,
"Kepler-1066 b",2.64000000,1543.00,1.93156350000,
"Kepler-1087 b",0.82000000,2135.00,0.69384285500,
"Kepler-110 c",3.54000000,786.00,31.71982498000,
"Kepler-1088 b",1.44000000,667.00,23.12741710000,
"Kepler-1793 b",2.91000000,714.00,8.77995434000,
"Kepler-113 b",1.90000000,770.00,4.75400115000,
"Kepler-85 b",2.12000000,831.00,8.30537490000,
"Kepler-1100 b",1.36000000,1043.00,6.42192800000,
"Kepler-1100 b",1.25000000,1000.00,6.42199919000,
"Kepler-1104 b",1.14000000,1301.00,5.03728200000,
"Kepler-417 c",2.62000000,616.00,15.94248453000,
"Kepler-114 d",2.53000000,549.00,11.77614700000,
"Kepler-1108 b",1.39000000,972.00,4.51005748000,
"Kepler-1108 b",1.74000000,1063.00,4.51005082000,
"Kepler-1109 b",5.37000000,787.00,37.64685190000,
"Kepler-704 b",2.66000000,1121.00,3.76181843000,
"Kepler-1929 b",6.06000000,876.00,59.36271990000,
"Kepler-557 b",2.40000000,1281.00,3.70598955100,
"Kepler-639 b",2.17000000,929.00,10.21420496000,
"Kepler-359 d",30.34000000,460.00,77.08596400000,
"Kepler-703 b",5.69000000,1039.00,4.58352175600,
"Kepler-1093 c",2.21000000,508.00,89.72241250000,
"Kepler-205 b",1.32000000,672.00,2.75560188000,"M1 V"
"Kepler-1532 b",1.35000000,1676.00,1.09366355900,
"Kepler-242 b",3.04000000,742.00,8.20396870000,
"Kepler-152 b",3.09000000,567.00,18.20795693000,
"Kepler-1801 c",3.43000000,371.00,116.58261400000,
"KOI-1783.02",5.20000000,298.00,284.04230000000,
"Kepler-1409 b",1.04000000,1733.00,0.76486351700,
"Kepler-1096 b",1.31000000,794.00,2.89221677200,
"Kepler-1580 b",1.19000000,550.00,56.64492790000,
"Kepler-320 b",1.05000000,1001.00,8.37160502000,
"Kepler-1595 b",1.28000000,980.00,4.56380468000,
"Kepler-788 b",2.00000000,984.00,8.39842977000,
"Kepler-1437 b",1.21000000,770.00,10.92948150000,
"Kepler-837 b",2.94000000,701.00,16.56062577000,
"Kepler-172 e",2.41000000,549.00,35.11852260000,
"Kepler-1961 b",1.10000000,861.00,5.60473269000,
"Kepler-1479 b",1.73000000,746.00,14.53261362000,
"Kepler-938 b",2.08000000,436.00,52.62984170000,
"Kepler-1487 b",1.24000000,1017.00,7.31946363000,
"Kepler-1121 b",1.70000000,987.00,13.15141081000,
"Kepler-1261 b",2.41000000,409.00,48.43089910000,
"Kepler-272 b",1.52000000,1200.00,2.97136658000,
"Kepler-1456 b",1.14000000,433.00,18.13738290000,
"Kepler-1147 b",1.87000000,872.00,10.62788695000,
"Kepler-1050 c",1.40000000,707.00,21.12845690000,
"Kepler-610 c",2.63000000,318.00,151.86392000000,
"Kepler-1755 b",4.40000000,631.00,24.81093193000,
"Kepler-325 b",2.94000000,1105.00,4.54443777300,
"Kepler-539 b",8.00000000,348.00,125.62887621000,
"Kepler-990 c",1.67000000,2386.00,0.53835407000,
"Kepler-156 b",2.51000000,853.00,4.97345141100,
"Kepler-1856 b",1.22000000,1278.00,1.30201573400,
"Kepler-512 b",1.98000000,585.00,34.43587975000,
"Kepler-994 b",1.56000000,936.00,1.15116650600,
"Kepler-308 b",2.20000000,821.00,9.69483000000,
"Kepler-307 b",3.20000000,836.00,10.41580800000,
"Kepler-329 c",2.06000000,384.00,18.68480570000,
"Kepler-1999 b",3.29000000,577.00,8.73967580000,
"Kepler-132 e",1.14000000,404.00,110.28693740000,
"Kepler-1669 b",2.40000000,496.00,9.51221128000,
"Kepler-1201 b",1.92000000,789.00,15.18725932000,
"Kepler-949 b",3.03000000,782.00,8.68930729600,
"Kepler-1615 b",1.94000000,523.00,47.31261920000,
"Kepler-232 b",3.07000000,1074.00,4.43124259300,
"Kepler-1778 b",3.15000000,942.00,10.08744556000,
"Kepler-764 b",1.59000000,876.00,7.33683936000,
"Kepler-1177 b",1.99000000,397.00,106.24754700000,
"Kepler-1603 b",1.05000000,1563.00,2.27163926000,
"Kepler-1077 b",2.75000000,576.00,34.35113390000,
"Kepler-1082 b",0.80000000,1535.00,1.54320660400,
"Kepler-256 b",1.11000000,1487.00,1.62043600000,
"Kepler-760 c",1.56000000,1139.00,2.46697039000,
"Kepler-567 b",2.42000000,611.00,16.54297375000,
"Kepler-725 b",10.10000000,476.00,39.64323100000,
"Kepler-809 b",2.96000000,478.00,55.63934000000,
"Kepler-399 b",1.01000000,623.00,14.42525565000,
"Kepler-1118 b",2.45000000,502.00,38.67158430000,
"Kepler-399 b",1.01000000,623.00,14.42525565000,
"Kepler-1435 b",0.94000000,1427.00,4.45343281000,
"Kepler-1720 b",3.17000000,703.00,12.70637048000,
"Kepler-1872 b",2.64000000,1005.00,3.82590987000,
"Kepler-62 f",1.42000000,205.00,267.28330100000,
"Kepler-83 b",2.37000000,459.00,9.77045194000,
"Kepler-1285 b",1.40000000,994.00,14.79674580000,
"Kepler-1996 b",2.26000000,392.00,32.37618300000,
"Kepler-198 c",2.44000000,459.00,49.56753590000,
"Kepler-436 c",1.70000000,423.00,16.79713874000,
"Kepler-279 b",2.47000000,941.00,12.30971360000,
"Kepler-1961 b",1.10000000,861.00,5.60473269000,
"Kepler-590 b",3.30000000,1052.00,5.85298100000,
"Kepler-1515 b",9.33000000,390.00,214.31141640000,
"Kepler-23 b",1.72000000,1157.00,7.10695741000,
"Kepler-1794 b",1.70000000,661.00,9.76283000000,
"Kepler-1242 b",3.28000000,639.00,13.62801048000,
"Kepler-1443 b",0.79000000,1572.00,2.41811321000,
"Kepler-1335 b",1.61000000,809.00,6.26406846000,
"Kepler-1613 b",2.34000000,1927.00,1.51842990000,
"Kepler-269 c",1.62000000,875.00,8.12810877000,
"Kepler-159 b",1.87000000,447.00,10.13961841000,
"Kepler-316 b",1.19000000,815.00,2.24048639100,
"Kepler-1208 b",2.42000000,665.00,11.08507637000,
"Kepler-498 b",3.46000000,931.00,9.61375356000,
"Kepler-1524 b",2.86000000,460.00,70.96746030000,
"Kepler-1962 b",1.53000000,901.00,7.99144696000,
"Kepler-1320 b",1.52000000,1334.00,0.86838650000,
"K2-290 b",3.06000000,1230.00,9.21165000000,
"Kepler-532 b",2.40000000,624.00,12.92490900000,
"Kepler-201 b",2.73000000,718.00,25.67212848000,
"Kepler-203 d",1.27000000,806.00,11.32975018000,
"Kepler-1821 b",1.98000000,678.00,16.45819349000,
"Kepler-654 b",3.04000000,996.00,13.72465129000,
"Kepler-49 c",2.54000000,463.00,10.91293500000,
"Kepler-1022 b",1.71000000,512.00,10.99470891000,
"Kepler-967 b",1.86000000,581.00,13.22713379000,
"Kepler-108 c",8.15000000,449.00,190.32165640000,
"Kepler-1712 b",1.99000000,385.00,13.81505213000,
"Kepler-223 d",3.77000000,762.00,14.78769446000,
"Kepler-33 e",3.66000000,752.00,31.78476785000,
"Kepler-1196 b",2.01000000,431.00,66.18490310000,
"Kepler-1874 b",2.04000000,319.00,56.57372000000,
"Kepler-1621 b",1.96000000,457.00,92.26371400000,
"OGLE-TR-132 b",13.77586100,1991.00,1.68986531000,
"Kepler-751 b",2.81000000,679.00,17.44490636000,
"Kepler-116 b",2.78000000,1184.00,5.96871746900,
"Kepler-116 b",2.74000000,1170.00,5.96874100000,
"Kepler-1111 b",1.77000000,900.00,8.79631000000,
"Kepler-1111 b",1.88000000,939.00,8.79617863000,
"Kepler-104 d",3.41000000,588.00,51.75529576000,
"Kepler-20 f",0.99000000,628.00,19.57762860000,
"Kepler-20 f",1.03000000,629.00,19.57709000000,
"Kepler-116 c",1.85000000,912.00,13.07148900000,
"Kepler-799 c",1.92000000,762.00,15.19421803000,
"Kepler-799 c",1.92000000,762.00,15.19421803000,
"Kepler-1991 b",1.23000000,683.00,13.26107000000,
"Kepler-804 c",1.17000000,875.00,9.65185017000,
"Kepler-293 c",3.81000000,466.00,54.15610780000,
"Kepler-299 d",1.73000000,719.00,15.05486890000,
"Kepler-1188 b",2.30000000,765.00,17.13756000000,
"Kepler-1188 b",2.05000000,775.00,17.13694080000,
"Kepler-1824 b",2.47000000,449.00,95.60984500000,
"Kepler-520 c",1.05000000,1104.00,5.21104261000,
"Kepler-126 b",1.34000000,1009.00,10.49566303000,
"Kepler-1826 b",1.18000000,810.00,1.61535972800,
"Kepler-136 c",1.80000000,812.00,16.39925610000,
"Kepler-138 b",0.58000000,439.00,10.31320643000,
"Kepler-1201 b",1.91000000,805.00,15.18701000000,
"Kepler-1205 b",1.98000000,1667.00,1.07838971300,
"Kepler-1832 b",1.80000000,1101.00,3.13869100000,
"Kepler-430 b",3.25000000,667.00,35.96800000000,
"Kepler-1209 b",1.48000000,775.00,25.36911600000,
"Kepler-1215 b",1.22000000,1046.00,4.76703963000,
"Kepler-1217 b",1.62000000,1487.00,2.03232400000,
"Kepler-1219 b",1.32000000,825.00,16.10467749000,
"Kepler-1222 b",0.69000000,1134.00,1.91694425400,
"Kepler-1223 b",1.31000000,557.00,16.30125900000,
"Kepler-1224 b",1.14000000,856.00,13.32356500000,
"Kepler-1226 b",1.36000000,734.00,17.29234530000,
"Kepler-296 e",1.08000000,244.00,34.14189000000,
"Kepler-707 b",1.41000000,1160.00,2.23748957100,
"Kepler-640 b",2.72000000,609.00,22.24814617000,
"Kepler-603 b",2.35000000,650.00,21.05358596000,
"Kepler-209 b",2.60000000,719.00,16.08786478000,
"Kepler-604 b",2.42000000,637.00,25.85501786000,
"Kepler-642 b",1.99000000,1311.00,4.41745855000,
"Kepler-403 b",1.00000000,1045.00,7.03141700000,
"Kepler-304 e",1.43000000,1318.00,1.49914695300,
"Kepler-1697 b",2.97000000,630.00,33.49691150000,
"Kepler-409 b",1.12000000,410.00,68.95803000000,
"Kepler-632 b",2.43000000,500.00,30.99664113000,
"Kepler-1212 b",1.77000000,795.00,12.94130146000,
"Kepler-1002 b",1.63000000,1428.00,4.33642933100,
"Kepler-1312 b",2.16000000,943.00,5.44832470000,
"Kepler-169 f",7.32000000,498.00,87.09086000000,
"Kepler-599 b",2.97000000,623.00,15.65562652000,
"Kepler-83 c",2.06000000,361.00,20.09020088000,
"Kepler-1247 b",2.20000000,634.00,13.71206000000,
"Kepler-1742 b",2.00000000,464.00,49.47779000000,
"Kepler-99 b",1.57000000,807.00,4.60356130000,
"Kepler-151 b",3.00000000,639.00,15.22895514000,
"Kepler-1392 b",2.04000000,714.00,15.14103970000,
"Kepler-1039 b",3.48000000,2081.00,0.93488424200,
"Kepler-570 b",2.36000000,1008.00,4.30166200300,
"Kepler-323 c",1.93000000,1493.00,3.55382967100,
"Kepler-393 b",1.24000000,1052.00,9.18244299000,
"Kepler-375 b",1.80000000,750.00,12.12665000000,
"Kepler-32 e",1.32000000,650.00,2.89601378700,
"Kepler-1561 b",0.89000000,1683.00,1.00520700700,
"Kepler-1389 b",1.77000000,318.00,99.25309510000,
"Kepler-166 b",2.60000000,782.00,7.65026200000,
"Kepler-164 b",1.45000000,1231.00,5.03506543000,
"Kepler-1762 b",2.74000000,735.00,29.53913280000,
"Kepler-1503 b",2.07000000,321.00,96.16956900000,
"Kepler-886 b",1.60000000,1111.00,6.24145791000,
"Kepler-369 b",1.00000000,597.00,2.73276661900,
"Kepler-784 c",2.04000000,909.00,17.15708740000,
"Kepler-107 e",2.89000000,874.00,14.74914825000,
"Kepler-1334 b",2.20000000,699.00,15.64586400000,
"Kepler-1584 b",1.51000000,886.00,13.39975550000,
"Kepler-1802 b",0.95000000,570.00,7.72510000000,
"Kepler-1173 b",0.91000000,1643.00,0.76985360000,
"Kepler-110 b",2.96000000,1067.00,12.69105209000,
"Kepler-1059 b",1.57000000,821.00,3.76416200000,
"Kepler-1019 b",1.36000000,1049.00,1.41122984700,
"Kepler-828 b",1.55000000,1848.00,0.56785648400,
"Kepler-539 b",8.52000000,361.00,125.63064000000,
"Kepler-383 b",1.32000000,543.00,12.90483000000,
"Kepler-244 b",2.87000000,986.00,4.31177990600,
"Kepler-687 b",3.60000000,493.00,20.50593500000,
"Kepler-1089 b",1.85000000,531.00,5.13248561800,
"Kepler-1900 b",1.19000000,1356.00,2.98616791000,
"Kepler-1423 b",3.40000000,785.00,23.95536000000,
"Kepler-352 c",1.25000000,583.00,16.33269854000,
"Kepler-936 b",1.56000000,779.00,10.56156000000,
"Kepler-1329 b",2.39000000,577.00,9.33648141000,
"Kepler-941 b",3.29000000,722.00,17.42393582000,
"Kepler-1530 b",2.41000000,1484.00,2.59044340000,
"Kepler-172 b",2.21000000,1253.00,2.94030411100,
"Kepler-715 b",3.10000000,854.00,10.00656300000,
"Kepler-1028 b",1.31000000,1223.00,2.51462432000,
"Kepler-160 b",1.78000000,1078.00,4.30920108000,
"Kepler-768 b",1.74000000,632.00,11.39100250000,
"Kepler-81 d",1.02000000,357.00,20.83766355000,
"Kepler-395 b",1.13000000,532.00,7.05441000000,
"Kepler-1766 b",1.89000000,410.00,105.01411570000,
"Kepler-233 b",2.59000000,751.00,8.47237911000,
"Kepler-631 b",2.18000000,769.00,17.97979059000,
"Kepler-1266 c",1.56000000,881.00,4.86635506000,
"Kepler-1260 b",1.45000000,673.00,19.11877530000,
"Kepler-1682 b",3.47000000,729.00,14.83339324000,
"Kepler-1883 b",3.23000000,414.00,103.42718800000,
"Kepler-186 f",1.06000000,179.00,129.94577000000,
"Kepler-282 d",2.30000000,624.00,24.80568031000,
"Kepler-280 c",2.96000000,1088.00,4.80710325400,
"Kepler-1678 b",3.43000000,337.00,147.97302700000,
"Kepler-1674 b",3.53000000,419.00,62.56152800000,
"Kepler-1115 b",2.33000000,1381.00,23.55410120000,
"Kepler-336 b",1.01000000,1625.00,2.02482050000,
"Kepler-1714 b",3.12000000,1163.00,10.27539400000,
"Kepler-1902 b",1.02000000,628.00,3.82222231000,
"Kepler-1133 b",1.72000000,720.00,11.55562343000,
"Kepler-721 b",2.76000000,851.00,5.39202538800,
"Kepler-1952 b",1.73000000,725.00,27.21068070000,
"Kepler-755 c",1.29000000,1047.00,2.85313364400,
"Kepler-1961 b",1.10000000,861.00,5.60473269000,
"Kepler-319 d",4.56000000,746.00,31.78209253000,
"Kepler-1894 b",1.25000000,1231.00,2.76263737000,
"Kepler-1299 b",2.47000000,585.00,19.94008740000,
"Kepler-1694 b",1.13000000,956.00,3.89524296000,
"Kepler-340 b",2.49000000,1092.00,14.84448360000,
"Kepler-1663 b",2.63000000,355.00,17.60460628000,
"Kepler-863 b",2.74000000,718.00,15.59466045000,
"Kepler-1158 b",1.55000000,952.00,13.53962930000,
"Kepler-1606 b",2.33000000,292.00,196.43679600000,
"Kepler-1571 b",1.63000000,1476.00,3.38557445000,
"Kepler-1350 c",1.48000000,730.00,1.76678906200,
"Kepler-1430 b",1.03000000,969.00,2.46050993000,
"Kepler-414 c",3.00000000,895.00,7.17073207500,
"Kepler-85 b",2.12000000,831.00,8.30537490000,
"Kepler-899 b",2.57000000,640.00,19.17891293000,
"Kepler-466 b",2.89000000,516.00,51.07926307000,
"Kepler-974 b",1.57000000,577.00,4.19449686700,
"Kepler-262 c",1.74000000,618.00,21.85367910000,
"Kepler-49 c",1.90000000,431.00,10.91401005000,"M1 V"
"Kepler-574 b",2.25000000,858.00,7.65880414000,
"Kepler-199 c",3.51000000,420.00,67.09306420000,
"Kepler-186 f",1.06000000,179.00,129.94577000000,
"Kepler-756 b",1.19000000,1518.00,1.22486632200,
"K2-10 b",3.77300000,649.00,19.30553000000,
"BD+20 594 b",2.23000000,546.00,41.68550000000,"G"
"Kepler-761 b",2.24000000,902.00,10.12804789000,
"Kepler-761 b",1.95000000,767.00,10.12805158000,
"EPIC 220674823 b",1.82000000,2119.00,0.57133100000,
"Kepler-80 g",1.13000000,418.00,14.64558000000,
"Kepler-500 b",2.57000000,906.00,8.50832439800,
"Kepler-1837 b",1.77000000,1012.00,5.90608902000,
"Kepler-1229 b",1.12000000,196.00,86.82898900000,
"Kepler-1232 b",2.12000000,583.00,26.78391830000,
"Kepler-1233 b",2.36000000,604.00,45.12630420000,
"Kepler-1234 b",1.86000000,625.00,11.94019101000,
"Kepler-1228 b",1.47000000,1768.00,0.57736957900,
"Kepler-1835 b",2.73000000,808.00,11.96721766000,
"Kepler-384 b",1.18000000,629.00,22.59848000000,
"Kepler-1236 b",1.92000000,487.00,31.05716180000,
"Kepler-1237 b",2.30000000,343.00,84.57310000000,
"Kepler-1239 b",1.92000000,1183.00,5.19103699000,
"Kepler-1241 b",2.73000000,614.00,18.55257010000,
"Kepler-1246 b",1.23000000,554.00,11.32271513000,
"Kepler-1250 b",1.90000000,1341.00,2.60755000000,
"Kepler-389 b",1.58000000,1049.00,3.24416463000,
"Kepler-161 c",1.96000000,743.00,7.06425644100,
"Kepler-1843 b",1.99000000,770.00,25.54004000000,
"Kepler-1843 b",2.11000000,772.00,25.54337040000,
"Kepler-1252 b",1.27000000,665.00,15.05403290000,
"Kepler-163 b",1.05000000,870.00,7.81104673000,
"Kepler-1844 b",1.33000000,887.00,3.92458000000,
"Kepler-1258 b",1.49000000,2335.00,0.98494166900,
"Kepler-1259 b",1.48000000,1701.00,0.66308525800,
"Kepler-1261 b",2.78000000,396.00,48.43130030000,
"Kepler-1685 b",2.34000000,625.00,20.49041000000,
"KOI-2513.01",103.23000000,758.00,19.00537199000,
"Kepler-1266 b",2.61000000,489.00,28.47474800000,
"Kepler-1848 b",1.00000000,752.00,5.60401800000,
"Kepler-1267 b",1.87000000,658.00,13.03106000000,
"Kepler-1269 b",1.54000000,604.00,37.33315360000,
"Kepler-1271 b",1.15000000,1344.00,3.02553400000,
"Kepler-391 b",2.21000000,1300.00,7.41680902000,
"Kepler-81 b",1.98000000,541.00,5.95489729300,
"Kepler-434 b",8.00000000,768.00,12.87471141800,
"Kepler-54 b",2.33000000,453.00,8.01081478000,
"Kepler-713 b",2.33000000,904.00,7.41114100000,
"Kepler-605 b",1.33000000,1049.00,3.38353806600,
"Kepler-1635 b",3.28000000,202.00,469.63111000000,
"Kepler-121 b",2.84000000,1025.00,3.17742660000,
"Kepler-1912 b",1.86000000,1221.00,6.05922662000,
"Kepler-381 b",1.31000000,1599.00,5.62902579000,
"Kepler-983 b",2.19000000,492.00,60.08550820000,
"Kepler-306 e",2.81000000,422.00,44.84180000000,
"Kepler-1618 b",1.06000000,1267.00,6.10829450000,
"Kepler-198 c",2.63000000,457.00,49.56681000000,
"Kepler-714 b",9.19000000,976.00,8.09888798600,
"Kepler-32 e",1.50000000,680.00,2.89600000000,"M1 V"
"KIC 5437945 b",6.70000000,308.00,440.78613400000,
"Kepler-1141 b",0.86000000,1490.00,2.34451194400,
"Kepler-1333 b",2.46000000,340.00,109.64718420000,
"Kepler-600 b",2.81000000,527.00,23.67517607000,
"Kepler-612 b",2.42000000,1051.00,3.72215641300,
"Kepler-251 c",3.60000000,765.00,16.51395000000,
"Kepler-1972 c",0.91000000,1215.00,11.32201040000,
"Kepler-1606 b",1.98000000,276.00,196.43522400000,
"Kepler-1500 b",1.08000000,760.00,15.03301050000,
"Kepler-191 d",2.26000000,832.00,5.94504101700,
"Kepler-357 d",3.38000000,408.00,49.50049520000,
"Kepler-389 b",1.84000000,1047.00,3.24417541000,
"Kepler-946 b",2.41000000,857.00,11.79161234000,
"Kepler-1754 b",2.20000000,672.00,8.19593235000,
"Kepler-1678 b",3.33000000,329.00,147.97391000000,
"Kepler-529 d",1.61000000,564.00,35.86573060000,
"Kepler-1263 b",1.14000000,920.00,4.55139967000,
"Kepler-1234 b",2.87000000,634.00,11.94014029000,
"Kepler-763 c",1.23000000,900.00,4.09672900000,
"Kepler-656 b",3.69000000,1570.00,1.26025909400,
"Kepler-724 b",3.63000000,1155.00,3.31494633800,
"Kepler-57 b",2.91000000,853.00,5.72932862400,
"Kepler-760 b",4.02000000,892.00,8.70419416000,
"Kepler-1523 b",1.55000000,1796.00,0.93875077000,
"Kepler-437 b",1.56000000,308.00,66.65045210000,
"Kepler-84 d",1.30000000,1188.00,4.22451369000,
"Kepler-1871 b",2.30000000,1363.00,1.95270910000,
"Kepler-1098 b",1.13000000,1280.00,2.54307285500,
"Kepler-36 b",1.21000000,981.00,13.84943000000,
"Kepler-857 b",6.10000000,372.00,85.35172000000,
"KIC 9663113 b",5.00000000,234.00,572.39790000000,
"Kepler-638 b",3.18000000,1221.00,6.07972888000,
"Kepler-1857 b",1.50000000,946.00,8.94343618000,
"Kepler-253 c",2.70000000,687.00,10.28192877000,
"Kepler-250 d",2.23000000,573.00,17.64830992000,
"Kepler-329 c",2.06000000,384.00,18.68480570000,
"Kepler-178 b",2.83000000,881.00,9.57666498000,
"Kepler-1274 b",1.42000000,1384.00,6.98141327000,
"Kepler-1570 b",2.54000000,836.00,26.54872940000,
"Kepler-354 b",1.55000000,699.00,5.47663000000,
"Kepler-1806 b",2.05000000,729.00,9.03322647000,
"Kepler-248 c",4.22000000,591.00,16.23946714000,
"Kepler-311 b",1.66000000,960.00,9.17617167000,
"Kepler-197 b",1.07000000,1143.00,5.59931973000,
"Kepler-1300 b",1.06000000,798.00,22.24190920000,
"Kepler-192 b",2.29000000,739.00,9.92673300000,
"Kepler-362 b",0.84000000,739.00,10.32738017000,
"Kepler-46 d",2.17000000,845.00,6.76652078000,
"Kepler-708 b",2.87000000,1221.00,3.16789193800,
"Kepler-223 e",31.46000000,692.00,19.72408910000,
"Kepler-1963 b",0.83000000,1448.00,1.96227924000,
"Kepler-107 d",1.06000000,1074.00,7.95825328000,
"Kepler-449 b",1.80000000,919.00,12.58250000000,
"Kepler-647 c",2.70000000,630.00,29.66629667000,
"Kepler-126 c",1.56000000,796.00,21.86967617000,
"Kepler-227 c",3.10000000,492.00,54.41846400000,
"Kepler-607 c",2.98000000,473.00,39.67696170000,
"Kepler-347 b",1.69000000,794.00,12.79838000000,
"Kepler-302 b",2.80000000,577.00,30.18376000000,
"Kepler-721 b",2.68000000,850.00,5.39202690300,
"Kepler-555 b",2.22000000,663.00,16.21775407000,
"Kepler-350 b",1.50000000,979.00,11.18961000000,
"Kepler-1932 b",1.27000000,1891.00,0.52417580300,
"Kepler-442 b",1.56000000,260.00,112.30683900000,
"Kepler-220 e",1.18000000,353.00,45.90403000000,
"Kepler-1838 b",1.14000000,911.00,12.14692791000,
"Kepler-128 b",1.20000000,970.00,15.09200000000,
"Kepler-128 b",1.42000000,968.00,15.08964150000,
"K2-264 b",2.23100000,496.00,5.84000200000,
"K2-268 b",1.41000000,1121.00,2.15189400000,
"K2-240 c",1.80000000,389.00,20.52300000000,"M0.5 V"
"Kepler-778 b",1.70000000,943.00,3.75577000000,
"Kepler-499 b",2.10000000,841.00,5.63252845300,
"Kepler-850 b",1.65000000,996.00,7.19303878000,
"Kepler-850 b",1.59000000,995.00,7.19304935000,
"Kepler-1751 b",1.79000000,989.00,7.01773000000,
"Kepler-301 b",1.28000000,1278.00,2.50855328600,
"Kepler-301 b",1.33000000,1278.00,2.50855409500,
"Kepler-95 b",2.78000000,823.00,11.52306300000,
"Kepler-843 b",2.29000000,1379.00,2.05387982100,
"K2-324 b",2.43000000,707.00,3.26200000000,
"Kepler-1860 b",0.89000000,715.00,12.73726137000,
"Kepler-185 b",1.28000000,1271.00,1.63291600000,
"Kepler-1855 b",1.02000000,1001.00,0.72731500000,
"Kepler-406 b",1.50000000,1375.00,2.42630770000,
"Kepler-1275 b",1.22000000,1290.00,3.65695300000,
"Kepler-1858 b",2.27000000,325.00,88.07126960000,
"Kepler-1276 b",1.18000000,931.00,12.57144000000,
"Kepler-175 c",3.22000000,583.00,34.03505590000,
"Kepler-140 b",1.35000000,1323.00,3.25427405400,
"Kepler-182 b",2.73000000,950.00,9.82578435000,
"Kepler-1859 b",1.29000000,1436.00,2.72960336000,
"Kepler-1687 b",1.50000000,598.00,5.77957133000,
"Kepler-186 e",1.26000000,322.00,22.40777444000,
"Kepler-1287 b",1.48000000,811.00,11.47685909000,
"KOI-134 b",12.03844527,659.00,67.12770000000,"F9V"
"Kepler-1994 b",0.55000000,1026.00,4.61226344000,
"Kepler-512 b",2.30000000,592.00,34.43576000000,
"Kepler-190 c",1.46000000,964.00,3.76304236100,
"Kepler-1300 b",1.37000000,806.00,22.24138000000,
"Kepler-1301 b",1.41000000,734.00,9.08237046000,
"Kepler-1302 b",1.94000000,778.00,8.83929462000,
"Kepler-132 c",1.24000000,1042.00,6.41490515000,
"Kepler-132 c",1.24000000,1042.00,6.41490515000,
"Kepler-1304 b",2.31000000,627.00,16.12888530000,
"Kepler-1306 b",1.76000000,676.00,16.29595382000,
"Kepler-198 c",2.91000000,465.00,49.56740850000,
"Kepler-398 b",0.97000000,764.00,4.08141149100,
"Kepler-249 c",1.57000000,489.00,7.11372600000,
"Kepler-83 b",2.37000000,459.00,9.77045194000,
"Kepler-1639 b",2.50000000,1003.00,9.87848200000,
"Kepler-176 c",2.64000000,682.00,12.75934834000,
"Kepler-719 b",7.30000000,1001.00,5.00731777900,
"Kepler-559 b",4.17000000,719.00,17.58752333000,
"Kepler-250 c",2.30000000,761.00,7.15681600000,
"Kepler-103 b",3.14000000,864.00,15.96533687000,
"Kepler-963 b",2.85000000,802.00,9.97682072000,
"Kepler-624 b",2.05000000,793.00,14.58649607000,
"Kepler-42 d",2.44000000,456.00,1.86511302000,"M4 V"
"Kepler-757 b",0.95000000,1593.00,1.02267882100,
"Kepler-1250 b",2.19000000,1444.00,2.60754383400,
"Kepler-531 b",2.77000000,453.00,29.88485741000,
"Kepler-849 b",8.08167508,362.70,394.62508000000,
"Kepler-952 b",7.91000000,369.00,130.35469190000,
"Kepler-219 b",2.64000000,1235.00,4.58546682300,
"Kepler-680 b",1.88000000,1122.00,3.68993800000,
"Kepler-615 b",1.36000000,534.00,10.35584657000,
"Kepler-1181 c",1.57000000,1111.00,8.93490815000,
"Kepler-1676 b",1.88000000,613.00,29.92205802000,
"Kepler-1097 b",2.95000000,267.00,187.74660600000,
"Kepler-1933 b",2.24000000,1490.00,4.94328533000,
"Kepler-769 c",1.48000000,773.00,15.98701740000,
"Kepler-237 c",2.29000000,664.00,8.10361300000,
"Kepler-893 b",3.19000000,1034.00,6.33855761000,
"Kepler-121 b",2.47000000,1008.00,3.17741441800,
"Kepler-178 b",2.90000000,880.00,9.57671500000,
"Kepler-1716 b",2.30000000,403.00,35.58355458000,
"Kepler-1925 b",1.63000000,506.00,46.71693440000,
"Kepler-1014 b",2.21000000,619.00,16.57110363000,
"Kepler-1129 b",2.98000000,690.00,24.33978040000,
"Kepler-1814 c",1.71000000,1708.00,0.62628137800,
"Kepler-287 b",2.40000000,680.00,20.34234237000,
"Kepler-1048 b",1.67000000,637.00,6.92102900000,
"Kepler-49 b",2.18000000,495.00,7.20349407000,"M1 V"
"Kepler-1489 b",1.82000000,400.00,82.29286500000,
"Kepler-293 b",3.00000000,657.00,19.25405306000,
"Kepler-1077 b",2.50000000,574.00,34.35173000000,
"Kepler-285 c",1.21000000,851.00,6.18670882000,
"Kepler-1103 b",2.04000000,732.00,19.79191978000,
"Kepler-1023 b",5.14000000,524.00,62.13859790000,
"Kepler-1328 b",1.05000000,1083.00,4.52157700000,
"Kepler-299 e",1.77000000,534.00,38.28563380000,
"Kepler-1177 b",1.99000000,397.00,106.24754700000,
"Kepler-1985 b",1.81000000,1107.00,3.42063861000,
"Kepler-781 b",2.72000000,628.00,13.21407320000,
"Kepler-619 c",1.50000000,1768.00,1.20846502600,
"Kepler-1060 b",2.39000000,517.00,46.87793670000,
"Kepler-58 c",2.93000000,799.00,15.57363551000,
"Kepler-1032 b",1.53000000,802.00,3.29011795300,
"Kepler-52 d",1.80000000,300.00,36.44519820000,
"Kepler-644 b",3.07000000,1655.00,3.17391403700,
"Kepler-801 b",1.55000000,419.00,11.41928253000,
"Kepler-1719 b",3.47000000,1287.00,6.14955299000,
"Kepler-616 b",2.48000000,860.00,9.99761851000,
"Kepler-1626 b",1.23000000,1339.00,4.13962966000,
"Kepler-160 b",1.89000000,1134.00,4.30938197800,
"Kepler-729 b",3.97000000,1274.00,3.16635371400,
"Kepler-27 b",5.72000000,656.00,15.33524400000,
"Kepler-1467 b",2.99000000,413.00,47.05690430000,
"Kepler-248 c",4.53000000,613.00,16.23952000000,
"Kepler-274 c",1.95000000,594.00,33.19810540000,
"Kepler-402 c",1.60000000,1213.00,6.12481814000,
"Kepler-981 b",2.27000000,1104.00,4.46975773600,
"Kepler-1185 b",1.44000000,371.00,104.35189760000,
"Kepler-1597 b",0.89000000,1497.00,2.94648935000,
"Kepler-305 c",3.21000000,728.00,8.29084167000,
"Kepler-1143 b",1.68000000,976.00,2.88890443900,
"Kepler-990 c",1.31000000,2233.00,0.53835430800,
"Kepler-1909 b",0.96000000,1030.00,2.39162484000,
"Kepler-846 b",2.08000000,624.00,19.80787763000,
"Kepler-1074 b",1.12000000,568.00,5.94565516000,
"Kepler-1023 b",2.78000000,426.00,62.13877140000,
"Kepler-60 c",2.40000000,1119.00,8.91935000000,
"Kepler-1677 b",2.67000000,712.00,22.06402000000,
"Kepler-1418 b",1.32000000,419.00,22.47644250000,
"Kepler-1263 b",1.14000000,920.00,4.55139967000,
"Kepler-338 c",2.37000000,831.00,24.31113990000,
"Kepler-542 b",1.80000000,767.00,13.14497566000,
"Kepler-437 b",1.37000000,294.00,66.65054820000,
"Kepler-1682 b",3.47000000,729.00,14.83339324000,
"Kepler-1230 b",2.85000000,946.00,9.95661537000,
"Kepler-511 c",3.13000000,742.00,26.62941953000,
"Kepler-106 c",2.35000000,796.00,13.57076622000,
"Kepler-836 b",2.60000000,869.00,11.36113254000,
"Kepler-833 b",1.89000000,428.00,18.75444000000,
"HD 137496 b",1.31000000,2130.00,1.62116000000,"G"
"Kepler-1990 b",3.76000000,1664.00,1.73513602600,
"Kepler-826 b",0.89000000,1043.00,4.48758907000,
"Kepler-823 b",2.28000000,1277.00,4.16811839000,
"Kepler-819 b",2.85000000,485.00,33.19963550000,
"Kepler-1322 b",1.48000000,1662.00,0.96286738200,
"Kepler-1322 b",1.50000000,1689.00,0.96286820000,
"Kepler-1324 b",1.71000000,895.00,4.11584467900,
"Kepler-1327 b",1.90000000,831.00,14.88801098000,
"Kepler-403 b",1.09000000,1038.00,7.03144308000,
"Kepler-1317 b",1.51000000,1801.00,0.56887442700,
"Kepler-1319 b",0.67000000,483.00,2.88676264500,
"Kepler-203 d",1.37000000,855.00,11.32977062000,
"Kepler-1320 b",1.52000000,1389.00,0.86838635400,
"Kepler-1330 b",1.98000000,879.00,10.10773789000,
"Kepler-1332 b",1.32000000,728.00,11.87457664000,
"Kepler-1332 b",1.27000000,724.00,11.87457800000,
"Kepler-1334 b",2.31000000,710.00,15.64591713000,
"Kepler-1337 b",2.47000000,437.00,24.40043780000,
"Kepler-1337 b",2.42000000,437.00,24.40025490000,
"Kepler-1339 b",0.74000000,1642.00,1.34155642000,
"Kepler-1340 b",0.94000000,2038.00,0.66502510000,
"Kepler-1690 b",2.51000000,273.00,234.63537900000,
"Kepler-511 c",2.94000000,718.00,26.62946276000,
"Kepler-215 c",1.53000000,768.00,14.66719270000,
"Kepler-1875 b",2.01000000,554.00,34.45842310000,
"Kepler-1349 b",0.69000000,1678.00,2.12823928000,
"Kepler-1350 b",2.13000000,535.00,4.49686040000,
"Kepler-1876 b",1.25000000,1424.00,6.99205491000,
"Kepler-1691 b",1.74000000,1324.00,3.84822130000,
"Kepler-224 e",2.00000000,540.00,18.64351600000,
"Kepler-462 c",6.00000000,597.00,207.58272340000,
"Kepler-1358 b",1.16000000,826.00,7.06317341000,
"Kepler-1359 b",3.24000000,369.00,59.49709520000,
"Kepler-1359 b",3.24000000,369.00,59.49709520000,
"Kepler-1361 b",0.82000000,967.00,3.57554700000,
"Kepler-1642 c",4.87000000,1095.00,6.65138020000,
"Kepler-1642 c",4.81000000,1095.00,6.65131890000,
"Kepler-214 c",1.83000000,641.00,28.77958130000,
"Kepler-1834 c",1.11000000,1491.00,0.76668953400,
"Kepler-1388 e",2.09000000,294.00,37.63270840000,
"Kepler-1600 b",3.15000000,211.00,386.37054800000,
"Kepler-1518 b",2.25000000,1351.00,5.11177904000,
"Kepler-215 d",2.82000000,617.00,30.86431000000,
"Kepler-213 c",2.22000000,1060.00,4.82296931800,
"Kepler-1872 b",2.64000000,1005.00,3.82590987000,
"CoRoT-8 b",7.98080800,922.00,6.21229000000,
"Kepler-717 b",2.73000000,1139.00,4.40840023000,
"Kepler-258 b",4.18000000,642.00,13.19720694000,
"Kepler-1219 b",3.21000000,1159.00,16.10474503000,
"Kepler-461 b",2.69000000,886.00,8.31378305900,
"Kepler-113 c",2.54000000,624.00,8.92507636900,
"Kepler-1954 b",1.34000000,948.00,5.88346916000,
"Kepler-930 b",2.19000000,561.00,71.45231670000,
"Kepler-1280 b",1.66000000,513.00,66.55790570000,
"Kepler-1542 c",0.70000000,1287.00,2.89223998000,
"Kepler-617 b",1.27000000,753.00,1.68269614800,
"Kepler-961 b",2.54000000,642.00,16.87725775000,
"Kepler-1869 b",2.07000000,1263.00,8.16735028000,
"Kepler-690 b",5.56000000,958.00,7.74809437400,
"Kepler-1127 b",1.33000000,927.00,5.12333800000,
"Kepler-267 b",2.12000000,619.00,3.35373033300,
"Kepler-1351 b",0.60000000,1210.00,0.91614076800,
"Kepler-1740 b",3.75000000,918.00,8.17242018000,
"Kepler-206 b",1.32000000,983.00,7.78199862000,
"Kepler-853 b",1.25000000,1070.00,7.16892463000,
"Kepler-663 b",2.70000000,917.00,4.99678284000,
"Kepler-1273 b",2.59000000,573.00,28.62565300000,
"Kepler-1952 b",1.29000000,725.00,27.21113850000,
"Kepler-744 b",1.62000000,750.00,12.06222962000,
"Kepler-225 c",1.81000000,330.00,18.79419535000,
"Kepler-1360 b",2.60000000,560.00,40.52797000000,
"Kepler-229 b",2.65000000,823.00,6.25296224900,
"Kepler-1996 c",2.15000000,267.00,92.72967750000,
"Kepler-1268 b",2.41000000,627.00,40.99050020000,
"Kepler-1315 c",1.72000000,777.00,6.56606842000,
"Kepler-445 c",2.09000000,362.00,4.87122221500,
"Kepler-390 c",0.81000000,630.00,13.06004220000,
"Kepler-131 c",0.84000000,617.00,25.51704000000,
"Kepler-1458 b",2.93000000,493.00,47.98727640000,
"Kepler-239 b",2.36000000,614.00,11.76305946000,
"Kepler-1559 b",0.70000000,1581.00,0.97191542800,
"Kepler-81 b",1.98000000,541.00,5.95489729300,
"Kepler-1771 b",2.50000000,389.00,88.64423640000,
"Kepler-148 b",1.87000000,1291.00,1.72936646700,
"Kepler-912 b",2.00000000,1218.00,2.53475627300,
"Kepler-240 c",2.30000000,712.00,7.95355717000,
"Kepler-336 c",1.42000000,841.00,9.59993139000,
"Kepler-1159 b",1.82000000,677.00,22.70816791000,
"Kepler-1958 b",1.65000000,801.00,9.32867332000,
"Kepler-864 c",1.62000000,1532.00,2.42150341000,
"Kepler-297 b",3.20000000,575.00,38.87135000000,
"Kepler-101 b",5.64000000,1445.00,3.48768877600,
"Kepler-1534 b",1.92000000,955.00,5.71668787000,
"Kepler-256 c",1.79000000,1209.00,3.38801185400,
"Kepler-83 b",2.83000000,572.00,9.77051300000,
"Kepler-977 b",2.65000000,544.00,26.85323647000,
"Kepler-1384 b",2.21000000,608.00,15.36262753000,
"K2-111 b",1.18400000,1019.00,5.35232000000,
"Kepler-1753 b",2.27000000,586.00,16.00454026000,
"Kepler-1093 c",2.08000000,508.00,89.72229200000,
"Kepler-1389 b",1.64000000,302.00,99.25095000000,
"Kepler-296 b",1.01000000,515.00,3.62138700000,"M2 V"
"Kepler-1840 b",2.34000000,284.00,131.18792100000,
"K2-292 b",2.63000000,795.00,16.98410000000,"G3 V"
"Kepler-1103 b",2.58000000,736.00,19.79193890000,
"Kepler-296 c",3.35000000,606.00,,
"Kepler-1156 b",1.25000000,812.00,11.89520511000,
"Kepler-1873 b",1.33000000,1787.00,0.55884123400,
"Kepler-230 c",2.13000000,358.00,91.77221000000,
"Kepler-679 b",2.66000000,677.00,12.39356510000,
"Kepler-1172 b",4.53000000,675.00,26.02033290000,
"Kepler-809 b",2.96000000,478.00,55.63934000000,
"Kepler-284 b",2.44000000,701.00,12.69902995000,
"Kepler-808 b",1.10000000,1324.00,0.63133235300,
"Kepler-1743 b",1.43000000,1144.00,7.64970832000,
"Kepler-1743 b",1.47000000,1196.00,7.64951000000,
"Kepler-814 b",1.78000000,1093.00,6.14698510000,
"Kepler-286 b",1.37000000,1476.00,1.79632438900,
"Kepler-803 b",3.20000000,475.00,50.28578000000,
"Kepler-802 b",3.46000000,490.00,40.05874730000,
"Kepler-801 b",1.48000000,419.00,11.41926141000,
"Kepler-799 b",7.54000000,369.00,133.46052350000,
"Kepler-799 b",11.21000000,433.00,133.46099900000,
"Kepler-281 c",5.39000000,513.00,36.33730238000,
"Kepler-56 c",11.34000000,1079.00,21.40549010000,
"Kepler-796 b",2.18000000,1226.00,6.40087618000,
"Kepler-525 b",3.64000000,829.00,18.68404933000,
"Kepler-1881 b",2.58000000,289.00,159.38805100000,
"Kepler-446 b",2.61000000,727.00,1.56541284700,
"Kepler-1364 b",1.70000000,1062.00,13.32191000000,
"Kepler-235 c",1.22000000,478.00,7.82501206000,
"Kepler-1883 b",3.23000000,414.00,103.42718800000,
"Kepler-1372 b",1.12000000,1609.00,1.31156130000,
"Kepler-236 b",1.53000000,462.00,8.29559431000,
"Kepler-236 b",1.53000000,462.00,8.29559431000,
"Kepler-1376 b",1.06000000,1032.00,5.30877400000,
"Kepler-1379 b",1.34000000,1482.00,0.88183940000,
"Kepler-1884 b",1.39000000,871.00,8.98810000000,
"Kepler-1380 b",1.34000000,786.00,10.31082450000,
"Kepler-414 c",2.73000000,890.00,7.17071038100,
"Kepler-54 c",1.29000000,395.00,12.07134205000,
"Kepler-532 b",2.62000000,620.00,12.92489803000,
"Kepler-261 c",2.17000000,518.00,24.57078000000,
"Kepler-125 c",0.80000000,529.00,5.77440326000,
"Kepler-755 c",1.40000000,1031.00,2.85313500000,
"Kepler-265 b",1.66000000,1030.00,6.84619299000,
"Kepler-266 c",3.83000000,390.00,107.72157440000,
"Kepler-267 c",2.02000000,487.00,6.87744989700,
"Kepler-269 c",1.62000000,875.00,8.12810877000,
"Kepler-206 d",0.95000000,655.00,23.44323530000,
"Kepler-206 d",1.29000000,681.00,23.44337480000,
"Kepler-352 b",0.89000000,685.00,10.05545337000,
"Kepler-729 b",3.97000000,1274.00,3.16635371400,
"Kepler-31 b",5.28000000,781.00,20.86021267000,
"Kepler-732 b",2.08000000,403.00,9.46781404800,
"Kepler-39 b",14.77000000,873.00,21.08719422000,
"Kepler-217 b",1.81000000,1377.00,5.37493491000,
"Kepler-217 b",2.30000000,1320.00,5.37485100000,
"Kepler-217 b",2.12000000,1413.00,5.37493289000,
"Kepler-218 c",2.97000000,502.00,44.69950400000,
"Kepler-1666 b",2.40000000,672.00,25.84749580000,
"Kepler-1289 b",1.15000000,875.00,7.99019627000,
"Kepler-1700 b",3.14000000,335.00,234.24425700000,
"Kepler-474 b",3.80000000,1190.00,5.66067293500,
"Kepler-1854 b",1.46000000,420.00,39.83125360000,
"Kepler-741 b",2.48000000,1041.00,7.03902374000,
"Kepler-1073 c",1.38000000,1055.00,4.02582254000,
"Kepler-1557 b",1.35000000,1265.00,3.74032496000,
"Kepler-192 c",2.27000000,580.00,21.22347296000,
"Kepler-581 b",2.16000000,475.00,40.60698210000,
"Kepler-124 b",0.80000000,931.00,3.41045424000,
"Kepler-449 c",1.86000000,661.00,33.67280658000,
"Kepler-512 b",1.98000000,585.00,34.43587975000,
"Kepler-594 b",2.13000000,681.00,13.64618192000,
"EPIC 220674823 b",1.67600000,2299.00,0.57131270000,
"Kepler-776 b",1.48000000,904.00,4.89721006000,
"Kepler-1343 b",2.11000000,1298.00,3.35183158000,
"Kepler-574 b",2.25000000,858.00,7.65880414000,
"Kepler-419 b",30.64000000,551.00,69.72664060000,
"Kepler-292 e",2.86000000,737.00,11.97882200000,
"Kepler-57 c",45.65000000,674.00,11.60907117000,
"Kepler-1350 b",2.13000000,535.00,4.49686040000,
"Kepler-1713 b",1.47000000,826.00,18.01134000000,
"Kepler-331 d",1.84000000,346.00,32.13400140000,
"Kepler-1328 b",0.94000000,1081.00,4.52158888000,
"Kepler-345 c",1.24000000,543.00,9.38751200000,
"Kepler-135 b",2.33000000,1209.00,6.00254829100,
"Kepler-1446 b",0.78000000,1539.00,0.68996786800,
"Kepler-206 b",1.11000000,946.00,7.78200916000,
"Kepler-316 c",1.32000000,562.00,6.82778390000,
"Kepler-1823 b",1.72000000,800.00,21.10354000000,
"Kepler-1862 b",63.94000000,650.00,16.05737320000,
"Kepler-951 b",6.21000000,346.00,71.52530845000,
"Kepler-1836 b",2.15000000,1094.00,5.25419736000,
"Kepler-1297 b",0.98000000,1682.00,1.68189002000,
"Kepler-1955 b",0.99000000,833.00,14.26525580000,
"Kepler-910 b",0.77000000,1597.00,2.36432000000,
"Kepler-50 b",1.54000000,1198.00,7.81285840000,
"Kepler-1582 b",0.79000000,354.00,4.83809469000,
"Kepler-1736 b",2.14000000,569.00,37.81062000000,
"Kepler-1685 b",2.20000000,579.00,20.49013000000,
"Kepler-1759 b",0.99000000,954.00,3.72020708000,
"Kepler-1068 b",3.63000000,735.00,16.92344113000,
"Kepler-165 b",2.46000000,746.00,8.18086953000,
"Kepler-132 d",1.68000000,725.00,18.01001000000,
"Kepler-520 c",1.05000000,1104.00,5.21104261000,
"Kepler-1299 b",2.47000000,585.00,19.94008740000,
"Kepler-885 b",2.49000000,830.00,18.11473813000,
"Kepler-555 b",2.22000000,663.00,16.21775407000,
"Kepler-355 b",1.50000000,878.00,11.03173070000,
"Kepler-736 b",2.90000000,1003.00,3.60147201000,
"Kepler-1935 b",64.89000000,1083.00,3.95138220000,
"Kepler-1382 b",2.23000000,959.00,16.35834820000,
"Kepler-1030 b",2.14000000,497.00,19.32960000000,
"Kepler-1916 b",2.43000000,646.00,31.25483470000,
"Kepler-217 c",1.48000000,1178.00,8.58598202000,
"Kepler-1426 b",1.52000000,794.00,14.25632270000,
"K2-343 c",2.02000000,465.00,7.67697200000,
"Kepler-136 b",1.97000000,912.00,11.57891140000,
"Kepler-1176 b",1.90000000,552.00,24.17385790000,
"Kepler-401 b",1.75000000,966.00,14.38337000000,
"Kepler-561 b",7.02000000,446.00,58.36205791000,
"Kepler-1070 b",1.79000000,1276.00,6.22161470000,
"Kepler-1362 b",2.31000000,255.00,136.20530000000,
"Kepler-329 b",1.24000000,547.00,7.41634701000,
"Kepler-271 c",1.02000000,872.00,7.41086267000,
"Kepler-717 b",2.30000000,1145.00,4.40846800000,
"Kepler-747 b",4.80000000,453.00,35.61758000000,
"Kepler-186 b",1.38000000,643.00,3.88679010000,
"Kepler-836 b",2.90000000,871.00,11.36116800000,
"Kepler-1931 b",1.96000000,702.00,38.57529650000,
"Kepler-276 c",2.90000000,584.00,31.88293000000,
"Kepler-277 b",2.96000000,923.00,17.32417247000,
"Kepler-792 b",1.75000000,831.00,11.30119217000,
"Kepler-465 b",3.00000000,1017.00,9.94067800000,
"Kepler-1740 b",3.29000000,858.00,8.17242644000,
"Kepler-484 b",2.28000000,782.00,10.04556931300,
"Kepler-291 b",2.07000000,1164.00,3.54653400000,
"Kepler-1744 b",3.19000000,532.00,37.10114180000,
"Kepler-85 e",1.21000000,574.00,25.21528750000,
"Kepler-357 c",2.50000000,584.00,16.85827722000,
"Kepler-360 c",2.11000000,998.00,7.18645260000,
"Kepler-364 b",1.30000000,726.00,25.74610000000,
"Kepler-1130 c",0.68000000,1072.00,3.26662733000,
"Kepler-1130 c",0.66000000,1086.00,3.26661203600,
"Kepler-534 b",2.27000000,721.00,15.95995611000,
"Kepler-376 b",1.11000000,1237.00,4.92044000000,
"Kepler-388 c",0.96000000,515.00,13.29706969000,
"Kepler-1266 c",1.94000000,881.00,4.86634094000,
"Kepler-292 c",1.79000000,1088.00,3.71545391000,
"Kepler-292 b",1.31000000,1130.00,2.58083264000,
"Kepler-299 b",1.19000000,1229.00,2.92716200000,
"Kepler-59 b",1.23000000,880.00,11.86817000000,
"Kepler-304 e",1.09000000,1137.00,1.49914444100,
"Kepler-305 e",1.83000000,1023.00,3.20539833000,
"Kepler-305 d",3.60000000,575.00,16.73866000000,
"Kepler-84 d",1.30000000,1188.00,4.22451369000,
"Kepler-84 f",2.08000000,541.00,44.55184160000,
"Kepler-913 c",1.72000000,849.00,5.93918879000,
"Kepler-913 c",1.43000000,829.00,5.93916000000,
"Kepler-317 c",1.85000000,816.00,8.77508519000,
"Kepler-319 b",3.24000000,1447.00,4.36274436200,
"Kepler-324 e",1.52000000,639.00,13.97946561000,
"Kepler-325 c",3.18000000,721.00,12.76220558000,
"Kepler-326 d",2.43000000,1104.00,6.76689811000,
"Kepler-416 c",2.54000000,848.00,12.20945351000,
"Kepler-416 c",2.61000000,791.00,12.20951755000,
"Kepler-327 d",1.70000000,392.00,13.96948245000,
"Kepler-1996 b",1.69000000,380.00,32.37634050000,
"Kepler-1996 b",1.69000000,380.00,32.37634050000,
"Kepler-334 d",1.60000000,651.00,25.09858000000,
"Kepler-334 d",1.39000000,631.00,25.09852783000,
"Kepler-336 c",1.89000000,873.00,9.59992200000,
"Kepler-138 d",1.24000000,338.00,23.08902241000,
"Kepler-138 d",1.51000000,345.00,23.09230000000,
"Kepler-336 b",0.92000000,1464.00,2.02484800000,
"Kepler-652 b",2.58000000,1019.00,4.18200970000,
"Kepler-32 b",2.09000000,513.00,5.90128281900,
"Kepler-220 c",1.63000000,622.00,9.03419546900,
"Kepler-616 b",2.48000000,860.00,9.99761851000,
"Kepler-549 d",4.20000000,586.00,24.61480613000,
"Kepler-132 d",1.41000000,738.00,18.01017554000,
"Kepler-1247 b",2.47000000,676.00,13.71218522000,
"Kepler-833 b",1.75000000,382.00,18.75469980000,
"Kepler-1848 b",2.43000000,1142.00,5.60401852000,
"Kepler-653 c",0.95000000,1201.00,3.60150600000,
"Kepler-653 c",0.70000000,1912.00,0.90037647600,
"Kepler-1040 b",3.05000000,337.00,201.12320000000,
"Kepler-222 c",4.81000000,734.00,10.08879697300,
"Kepler-633 b",1.95000000,1021.00,8.50339249000,
"Kepler-1628 b",7.24000000,241.00,76.37803300000,
"Kepler-730 c",1.56926000,1607.00,2.85188338000,
"Kepler-50 b",1.54000000,1198.00,7.81285840000,
"Kepler-772 b",2.03000000,866.00,12.99204853000,
"Kepler-1206 b",1.58000000,1314.00,1.21700038300,
"Kepler-1842 b",2.66000000,822.00,14.02634692000,
"Kepler-299 c",2.68000000,946.00,6.88595222000,
"Kepler-502 b",4.07000000,1209.00,4.28686431000,
"Kepler-442 b",1.30000000,241.00,112.30313600000,
"Kepler-273 c",1.65000000,835.00,8.01494715000,
"Kepler-1296 b",1.04000000,871.00,8.38398650000,
"Kepler-1195 b",2.11000000,702.00,8.49642241000,
"Kepler-356 c",1.64000000,852.00,13.12163551000,
"Kepler-133 b",2.04000000,1041.00,8.12999858000,
"Kepler-384 c",1.20000000,491.00,45.34852770000,
"Kepler-1869 c",0.74000000,1455.00,1.71682830400,
"Kepler-278 b",4.23000000,829.00,30.15986300000,
"Kepler-203 b",2.61000000,1308.00,3.16269207500,
"KOI-351 e",2.32000000,450.00,91.94046030000,
"Kepler-302 b",2.88000000,568.00,30.18368540000,
"Kepler-219 b",2.58000000,1225.00,4.58550400000,
"Kepler-733 b",2.42000000,559.00,20.83495000000,
"Kepler-81 d",1.42000000,418.00,20.83762895000,
"Kepler-1375 b",1.43000000,1543.00,3.30040818000,
"Kepler-1047 b",2.20000000,463.00,56.18944000000,
"Kepler-1560 b",0.90000000,1269.00,3.03196812000,
"Kepler-430 c",1.48000000,423.00,110.97378000000,
"Kepler-465 b",2.87000000,996.00,9.94066641200,
"Kepler-126 b",1.54000000,1017.00,10.49567752000,
"Kepler-644 b",2.80000000,1625.00,3.17390500000,
"Kepler-526 b",2.18000000,1125.00,5.45849831600,
"Kepler-273 c",1.65000000,835.00,8.01494715000,
"Kepler-768 b",0.93000000,933.00,2.84796000000,
"Kepler-1966 b",0.80000000,668.00,8.61735417000,
"Kepler-167 c",1.76000000,755.00,7.40610775000,
"Kepler-1231 b",1.29000000,808.00,10.41725184000,
"Kepler-1186 b",2.36000000,723.00,16.07677615000,
"Kepler-1171 b",2.73000000,2700.00,1.44259224000,
"Kepler-1882 b",1.74000000,1032.00,13.78725760000,
"Kepler-1271 b",1.20000000,1351.00,3.02559550000,
"K2-153 b",2.00000000,497.00,7.51574000000,
"Kepler-1515 b",9.33000000,390.00,214.31141640000,
"Kepler-1797 b",2.95000000,684.00,23.35948220000,
"Kepler-214 c",1.95000000,619.00,28.77964460000,
"Kepler-643 b",10.99000000,972.00,16.33889626000,
"Kepler-1215 b",1.19000000,1046.00,4.76702759000,
"Kepler-1410 b",1.56000000,251.00,60.86616800000,
"Kepler-1757 b",3.01000000,546.00,19.65667000000,
"Kepler-1264 b",0.99000000,1823.00,0.96852602300,
"Kepler-888 b",2.26000000,505.00,70.69790610000,
"Kepler-886 b",1.36000000,1098.00,6.24146367000,
"Kepler-885 b",2.41000000,864.00,18.11472949000,
"Kepler-888 b",2.22000000,505.00,70.69850000000,
"Kepler-881 b",1.65000000,1191.00,4.44448017000,
"Kepler-879 b",2.48000000,580.00,33.38561760000,
"Kepler-877 b",2.30000000,615.00,18.45847097000,
"Kepler-876 b",1.45000000,864.00,5.14438011000,
"Kepler-875 b",2.28000000,569.00,27.50737990000,
"Kepler-870 b",2.67000000,691.00,21.35876210000,
"Kepler-869 b",2.92000000,494.00,40.42866760000,
"Kepler-867 b",3.79000000,291.00,150.24212700000,
"Kepler-865 b",2.42000000,694.00,14.16399294000,
"Kepler-864 b",2.81000000,1139.00,5.83376092000,
"Kepler-302 c",9.70000000,357.00,127.28144000000,
"Kepler-1669 c",1.81000000,897.00,1.60932168000,
"Kepler-857 b",5.56000000,370.00,85.35129427000,
"Kepler-265 e",2.35000000,479.00,67.83183090000,
"Kepler-24 e",2.36000000,748.00,18.99850923000,
"Kepler-24 d",1.70000000,1237.00,4.24436300000,
"Kepler-339 c",1.18000000,852.00,6.98803345000,
"Kepler-341 e",2.43000000,544.00,42.47305750000,
"Kepler-106 d",0.99000000,658.00,23.98023480000,
"Kepler-32 f",1.88000000,1024.00,0.74295883600,
"Kepler-58 e",1.58000000,1213.00,4.45815716000,
"Kepler-290 d",0.86000000,1589.00,0.76401755300,
"Kepler-299 e",1.71000000,527.00,38.28563380000,
"Kepler-865 c",0.90000000,914.00,6.20925415000,
"Kepler-124 d",1.26000000,446.00,30.95076080000,
"Kepler-2000 c",1.57000000,359.00,20.61803480000,
"Kepler-1311 b",1.37000000,937.00,11.17268000000,
"Kepler-397 b",1.78000000,498.00,22.25082470000,
"Kepler-397 b",1.78000000,498.00,22.25082470000,
"Kepler-1869 b",2.07000000,1263.00,8.16735028000,
"Kepler-398 c",0.92000000,511.00,11.41940900000,
"Kepler-400 c",1.50000000,786.00,17.34088462000,
"Kepler-401 c",2.46000000,643.00,47.31830020000,
"Kepler-1321 c",3.10000000,860.00,2.22649400000,
"Kepler-1322 c",1.64000000,881.00,6.46008273000,
"Kepler-402 b",1.26000000,1393.00,4.02875481000,
"Kepler-404 c",1.63000000,678.00,14.75120340000,
"Kepler-446 d",26.00000000,687.00,5.14892100000,
"Kepler-446 d",2.44000000,489.00,5.14892890000,
"Kepler-1887 b",2.88000000,623.00,19.94752664000,
"Kepler-1887 b",2.88000000,623.00,19.94752664000,
"Kepler-1888 b",1.31000000,990.00,11.39153000000,
"Kepler-1399 b",1.39000000,1521.00,1.63862600000,
"Kepler-658 b",1.42000000,860.00,1.28707676200,
"Kepler-659 b",2.21000000,509.00,17.67168000000,
"Kepler-661 b",2.85000000,678.00,6.02930329000,
"Kepler-566 b",2.08000000,568.00,18.42794624000,
"Kepler-566 b",2.08000000,568.00,18.42794624000,
"Kepler-194 c",3.56000000,815.00,17.30795548000,
"Kepler-662 b",2.50000000,486.00,21.67690000000,
"Kepler-551 b",2.23000000,476.00,12.37648700000,
"Kepler-618 b",2.39000000,1252.00,3.59576964500,
"Kepler-227 b",3.10000000,881.00,9.48803146000,
"Kepler-892 b",2.88000000,546.00,13.75210000000,
"Kepler-1496 b",1.79000000,487.00,64.65880170000,
"Kepler-38 b",4.30000000,475.00,105.59900000000,"G4 V"
"Kepler-1746 b",5.06000000,268.00,321.21250730000,
"Kepler-549 d",3.65000000,565.00,24.61482073000,
"Kepler-167 b",1.62000000,836.00,4.39314700000,
"Kepler-184 b",2.64000000,780.00,10.68758211000,
"Kepler-177 b",3.62000000,601.00,36.85680080000,
"Kepler-148 b",1.65000000,1249.00,1.72937180000,
"Kepler-181 b",1.50000000,1041.00,3.13784591400,
"Kepler-702 b",8.50000000,713.00,10.52629406300,
"Kepler-317 b",2.00000000,918.00,5.52423300000,
"Kepler-1696 b",2.35000000,454.00,65.94132600000,
"Kepler-1972 b",0.98000000,1392.00,7.54591190000,
"Kepler-1282 b",1.65000000,1383.00,2.13194651300,
"Kepler-1187 b",2.26000000,707.00,18.87061000000,
"Kepler-1284 b",1.19000000,1710.00,0.66407380600,
"Kepler-931 b",1.35000000,744.00,8.03755877000,
"Kepler-218 c",3.05000000,500.00,44.69965630000,
"Kepler-473 b",4.32000000,879.00,14.55730897000,
"Kepler-20 b",1.91000000,1014.00,3.69612190000,
"Kepler-415 c",2.62000000,593.00,8.70797904000,
"Kepler-280 c",2.41000000,1000.00,4.80707800000,
"Kepler-657 b",3.17000000,616.00,24.54350418000,
"Kepler-473 b",5.04000000,932.00,14.55731705000,
"Kepler-1295 b",1.50000000,1040.00,3.81371974000,
"Kepler-151 c",2.33000000,544.00,24.67458244000,
"Kepler-235 d",2.02400000,401.00,20.06039000000,
"Kepler-353 c",1.76000000,485.00,8.41100287000,
"Kepler-848 b",1.44000000,978.00,6.91134416000,
"Kepler-911 b",2.53000000,942.00,20.31050100000,
"Kepler-1390 b",0.92000000,872.00,6.48021673000,
"Kepler-359 d",30.34000000,460.00,77.08596400000,
"Kepler-1123 b",1.69000000,1028.00,4.33946454000,
"Kepler-476 b",3.11000000,807.00,14.00640392000,
"Kepler-1038 b",7.60000000,411.00,148.45690000000,
"Kepler-409 b",0.98000000,402.00,68.95860800000,
"Kepler-69 b",2.28000000,746.00,13.72237104000,
"Kepler-831 b",1.15000000,981.00,5.62154600000,
"Kepler-933 b",1.90000000,602.00,14.20442616000,
"Kepler-404 b",1.18000000,730.00,11.82888430000,
"Kepler-1407 b",2.16000000,736.00,20.07115040000,
"Kepler-389 b",1.58000000,1049.00,3.24416463000,
"Kepler-295 b",1.45000000,741.00,12.64504510000,
"Kepler-167 c",1.54000000,705.00,7.40610500000,
"Kepler-220 c",1.64000000,607.00,9.03420800000,
"Kepler-380 c",1.39000000,1056.00,7.63008196000,
"Kepler-553 c",11.83000000,242.00,328.23995460000,
"Kepler-202 b",1.91000000,843.00,4.06942840100,
"Kepler-248 b",3.16000000,810.00,6.30820323400,
"Kepler-824 b",1.65000000,1201.00,4.51434900000,
"Kepler-772 b",1.96000000,855.00,12.99207337000,
"Kepler-639 b",2.10000000,913.00,10.21401900000,
"Kepler-1174 b",1.40000000,962.00,6.89225223000,
"Kepler-591 b",3.41000000,412.00,81.16942990000,
"Kepler-1336 b",1.30000000,592.00,23.19868100000,
"Kepler-638 b",3.18000000,1221.00,6.07972888000,
"Kepler-20 d",2.59000000,397.00,77.61144270000,
"Kepler-1289 b",1.15000000,875.00,7.99019627000,
"Kepler-164 e",3.79000000,462.00,94.88576800000,
"Kepler-708 b",2.70000000,1192.00,3.16787600000,
"Kepler-1621 b",2.22000000,469.00,92.26374200000,
"Kepler-1528 b",1.39000000,1548.00,1.79111020500,
"Kepler-1676 b",3.09000000,782.00,29.92208104000,
"Kepler-1776 b",2.70000000,625.00,35.01198000000,
"Kepler-127 b",1.46000000,890.00,14.43594397000,
"Kepler-1235 b",0.70000000,985.00,4.16056658000,
"Kepler-1644 b",1.80000000,607.00,21.09077580000,
"Kepler-913 b",2.62000000,707.00,10.29672521000,
"Kepler-841 b",5.20000000,315.00,124.41949000000,
"Kepler-282 b",1.04000000,868.00,9.22068890000,
"Kepler-1046 b",1.61000000,776.00,14.37508035000,
"Kepler-125 b",2.59000000,625.00,4.16438750000,
"Kepler-305 b",3.50000000,855.00,5.48711079000,
"Kepler-893 b",2.85000000,944.00,6.33851800000,
"Kepler-1755 b",4.40000000,631.00,24.81093193000,
"Kepler-307 b",3.43000000,855.00,10.41572924000,
"Kepler-902 b",3.00000000,527.00,40.10999000000,
"Kepler-1758 b",1.37000000,793.00,9.97726191000,
"Kepler-906 b",2.03000000,537.00,41.69801860000,
"Kepler-275 b",2.25000000,1021.00,10.30065512000,
"Kepler-279 b",2.47000000,941.00,12.30971360000,
"Kepler-1401 b",1.70000000,808.00,11.20058855000,
"Kepler-1402 b",0.73000000,1240.00,2.03387914000,
"Kepler-1405 b",3.08000000,564.00,28.22741840000,
"Kepler-1405 b",3.08000000,564.00,28.22741840000,
"Kepler-209 c",3.40000000,523.00,41.74949827000,
"Kepler-1410 b",2.15000000,290.00,60.86628000000,
"Kepler-1412 b",0.90000000,1397.00,3.61460332000,
"Kepler-1413 b",1.92000000,661.00,13.18296420000,
"Kepler-130 d",1.37000000,448.00,87.51743610000,
"Kepler-1896 b",2.68000000,536.00,44.86983820000,
"Kepler-156 c",2.51000000,579.00,15.90686437000,
"Kepler-405 b",2.10000000,726.00,10.61366000000,
"Kepler-1422 b",2.11000000,857.00,18.60519420000,
"Kepler-1898 b",0.93000000,1168.00,4.76559135000,
"Kepler-1903 b",1.78000000,775.00,17.06758770000,
"Kepler-431 c",1.09000000,1255.00,8.70320000000,
"Kepler-1906 b",1.87000000,901.00,7.36272058000,
"Kepler-1428 b",1.95000000,1141.00,10.67607169000,
"Kepler-1433 b",1.29000000,1184.00,4.13590600000,
"Kepler-1907 c",9.05000000,621.00,14.86386959000,
"Kepler-1907 b",0.88000000,856.00,5.65243986000,
"Kepler-1909 b",0.96000000,1030.00,2.39162484000,
"Kepler-1440 b",1.62000000,597.00,39.85950500000,
"Kepler-1441 b",1.11000000,492.00,39.44198390000,
"Kepler-619 b",2.85000000,1073.00,5.40426917000,
"Kepler-552 b",3.77000000,1103.00,5.26341521800,
"Kepler-567 b",2.42000000,611.00,16.54297375000,
"Kepler-665 b",2.86000000,593.00,16.01310205000,
"K2-289 b",9.10000000,753.00,13.15696900000,
"Kepler-568 b",2.64000000,434.00,11.02342300000,
"K2-57 b",2.30905002,635.80,9.00730000000,
"Kepler-230 b",3791.05000000,506.00,32.62882975000,
"Kepler-1976 b",12.21000000,1103.00,4.95931924400,
"Kepler-667 b",5.73000000,516.00,41.43962808000,
"Kepler-669 b",4.46000000,1244.00,4.12554686900,
"Kepler-669 b",4.46000000,1244.00,4.12554686900,
"Kepler-1669 d",1.38000000,626.00,4.72941969000,
"Kepler-538 b",2.13000000,381.00,81.73780699000,
"Kepler-940 b",3.44000000,486.00,59.62252570000,
"Kepler-203 c",2.10000000,1018.00,5.37063900000,
"Kepler-1469 b",2.37000000,551.00,21.86346380000,
"EPIC 212737443 c",2.69000000,316.00,65.55000000000,"K3"
"Kepler-566 b",2.20000000,565.00,18.42787000000,
"Kepler-1026 b",2.30000000,431.00,36.51560530000,
"Kepler-1574 b",1.34000000,1003.00,6.94245216000,
"Kepler-1175 b",2.79000000,515.00,37.94561380000,
"Kepler-1165 b",1.43000000,950.00,9.47852200000,
"Kepler-886 b",1.66000000,1111.00,6.24151500000,
"KOI-351 e",2.32000000,450.00,91.94046030000,
"Kepler-221 d",2.52000000,706.00,10.04156852100,
"Kepler-1691 b",1.72000000,1283.00,3.84822189000,
"Kepler-1024 b",3.77000000,376.00,66.41621330000,
"Kepler-789 b",2.10000000,937.00,8.63847725000,
"Kepler-1913 b",1.79000000,835.00,14.19593863000,
"Kepler-646 b",1.53000000,632.00,15.87360981000,
"Kepler-1066 b",2.25000000,1290.00,1.93155546000,
"Kepler-49 b",2.23000000,493.00,7.20385063600,
"Kepler-186 c",1.21000000,470.00,7.26733017000,"M1 V"
"Kepler-60 c",2.11000000,1115.00,8.91902447000,
"Kepler-398 b",0.97000000,764.00,4.08141149100,
"Kepler-1937 b",3.18000000,1025.00,9.68866460000,
"Kepler-1321 c",3.26000000,935.00,2.22649108600,
"Kepler-92 d",1.91000000,637.00,49.35679070000,
"GJ 504 b",12.10569916,512.00,,
"Kepler-747 b",5.26000000,456.00,35.61760587000,
"Kepler-489 b",8.34000000,587.00,17.27629611900,
"Kepler-1934 b",0.84000000,1760.00,1.41974914600,
"Kepler-811 b",2.07000000,635.00,23.58447697000,
"Kepler-1163 b",0.88000000,1150.00,6.11786898000,
"Kepler-1710 b",2.95000000,703.00,14.91075500000,
"Kepler-408 b",0.69000000,1561.00,2.46502433200,
"Kepler-62 d",1.98000000,508.00,18.16407304000,
"Kepler-633 b",2.18000000,1201.00,8.50340718000,
"Kepler-909 b",1.22000000,789.00,13.93290318000,
"Kepler-193 b",2.44000000,917.00,11.38839971000,
"Kepler-260 c",1.61000000,379.00,76.05106510000,
"Kepler-445 c",2.90000000,409.00,4.87122900000,
"Kepler-1914 b",2.76000000,585.00,30.82779260000,
"Kepler-205 c",1.29000000,343.00,20.30655662000,
"Kepler-895 b",1.34000000,708.00,2.80624232800,
"Kepler-157 c",2.33000000,762.00,13.54056874000,
"Kepler-223 d",3.00000000,765.00,14.78840000000,
"Kepler-1978 b",2.67000000,676.00,10.84969477000,
"Kepler-1270 b",3.34000000,1598.00,6.03355539000,
"Kepler-1689 b",0.84000000,909.00,8.48293296000,
"Kepler-1279 b",1.42000000,740.00,23.47794000000,
"Kepler-217 c",1.48000000,1178.00,8.58598202000,
"Kepler-279 d",3.20000000,574.00,54.42054070000,
"Kepler-1332 b",1.14000000,699.00,11.87456832000,
"Kepler-351 d",2.95000000,317.00,142.54424700000,
"Kepler-1997 b",2.51000000,654.00,26.75758590000,
"Kepler-279 e",4.13000000,552.00,98.35314900000,
"Kepler-1055 b",1.09000000,1290.00,2.29503623300,
"Kepler-1148 b",1.64000000,1396.00,1.10446350900,
"Kepler-1650 b",0.75000000,582.00,1.53818152800,
"Kepler-276 c",3.15000000,605.00,31.88415690000,
"Kepler-1379 b",1.28000000,1565.00,0.88184114600,
"Kepler-130 d",1.09000000,443.00,87.51870000000,
"Kepler-1323 b",1.44000000,2349.00,0.92990667800,
"Kepler-302 b",3.65000000,634.00,30.18370210000,
"Kepler-284 c",2.68000000,478.00,37.51421280000,
"Kepler-110 b",2.57000000,1008.00,12.69104387000,
"Kepler-121 c",2.64000000,425.00,41.00811170000,
"Kepler-449 c",1.89000000,665.00,33.67276962000,
"Kepler-149 d",3.54000000,301.00,160.02005970000,
"Kepler-152 c",2.56000000,335.00,88.25535440000,
"Kepler-162 b",1.28000000,961.00,6.91986734000,
"Kepler-183 b",2.76000000,1088.00,5.68798675000,
"Kepler-193 c",3.58000000,595.00,50.69854080000,
"Kepler-219 c",3.21000000,725.00,22.71444582000,
"Kepler-223 c",2.79000000,873.00,9.84820240000,
"Kepler-225 b",1.36000000,464.00,6.73893995000,
"Kepler-225 b",1.38000000,586.00,6.73900100000,
"Kepler-232 c",3.40000000,762.00,11.37934400000,
"Kepler-1666 c",2.97000000,578.00,40.71554030000,
"Kepler-42 c",0.76000000,729.00,0.45328741600,
"Kepler-150 b",1.30000000,1192.00,3.42812900000,
"Kepler-684 b",2.66000000,813.00,6.77030200800,
"Kepler-172 e",2.41000000,549.00,35.11852260000,
"Kepler-135 c",1.16000000,952.00,11.44883000000,
"Kepler-139 d",2.15000000,976.00,7.30568500000,
"Kepler-191 b",1.34000000,701.00,9.93967857000,
"Kepler-192 d",1.15000000,926.00,6.47027706000,
"Kepler-616 d",2.44000000,499.00,51.06743550000,
"Kepler-616 d",2.62000000,499.00,51.06724950000,
"Kepler-195 c",1.71000000,469.00,34.09634410000,
"Kepler-197 e",0.89000000,693.00,25.20998450000,
"Kepler-1990 c",1.10000000,1252.00,4.06844201000,
"Kepler-215 e",1.75000000,460.00,68.16135980000,
"Kepler-220 d",0.90000000,401.00,28.12243930000,
"Kepler-656 c",1.31000000,977.00,5.25448795000,
"Kepler-62 f",1.42000000,205.00,267.28330100000,
"Kepler-1544 b",1.79000000,269.00,168.81160000000,
"Kepler-167 b",1.71800000,918.00,4.39315390000,
"Kepler-167 b",1.71000000,899.00,4.39315652300,
"Kepler-1934 b",0.85000000,1700.00,1.41975831000,
"Kepler-1547 b",2.24000000,3186.00,0.69297845700,
"Kepler-1548 b",2.31000000,342.00,124.82867900000,
"Kepler-234 b",3.62000000,1405.00,2.71150257900,
"Kepler-1162 c",1.81000000,401.00,59.28406400000,
"Kepler-378 c",1.80000000,668.00,28.90596870000,
"Kepler-542 b",1.80000000,767.00,13.14497566000,
"Kepler-1178 b",0.73000000,378.00,31.80634000000,
"Kepler-673 b",6.27000000,1022.00,3.72873109300,
"Kepler-180 c",2.69000000,540.00,41.88548340000,
"EPIC 212587672 c",2.32000000,658.00,23.22855500000,
"Kepler-154 d",3.29000000,633.00,20.54981883000,
"Kepler-52 c",1.81000000,392.00,16.38485646000,
"Kepler-678 b",4.86000000,833.00,7.27504084400,
"Kepler-678 b",4.91000000,833.00,7.27503724000,
"Kepler-572 b",2.29000000,553.00,17.20523483000,
"Kepler-155 b",1.76000000,560.00,5.93120384000,"M0 V"
"Kepler-573 b",2.44000000,629.00,22.18339000000,
"Kepler-596 b",2.92000000,752.00,21.30022655000,
"Kepler-682 b",7.66000000,753.00,12.61190667200,
"Kepler-30 c",12.88000000,411.00,60.32488611000,
"Kepler-218 d",2.78000000,357.00,124.52446470000,
"Kepler-380 c",1.25000000,1015.00,7.63006848000,
"Kepler-337 b",1.30000000,1438.00,3.29276965000,
"Kepler-235 c",1.20000000,494.00,7.82502168000,
"Kepler-1030 b",2.26000000,529.00,19.32945602000,
"Kepler-1770 b",2.95000000,699.00,16.84192204000,
"Kepler-1234 b",2.60000000,602.00,11.93999000000,
"Kepler-180 b",1.51000000,781.00,13.81731817000,
"Kepler-377 c",1.58000000,626.00,27.01417830000,
"Kepler-833 b",1.67000000,382.00,18.75470238000,
"Kepler-1092 b",2.15000000,508.00,58.60179250000,
"Kepler-167 c",1.54800000,768.00,7.40611400000,"K4"
"Kepler-1819 b",78.51000000,754.00,16.48688002000,
"Kepler-1350 c",2.10000000,877.00,1.76679140000,
"Kepler-1345 b",2.17000000,693.00,44.61695570000,
"Kepler-1643 b",1.72000000,796.00,5.34264507000,
"Kepler-709 b",3.68000000,613.00,16.08518937000,
"Kepler-889 b",1.06000000,1295.00,3.74443900000,
"Kepler-359 c",3.60000000,435.00,57.68696000000,
"Kepler-1862 b",2.20000000,652.00,16.05727000000,
"KOI-3680 b",10.64000000,342.00,141.24164672000,
"K2-352 c",1.92000000,885.00,8.23488500000,
"Kepler-1071 b",1.74000000,775.00,6.18001300000,
"Kepler-54 c",1.23000000,417.00,12.07172000000,
"Kepler-1015 b",2.60000000,938.00,16.00494214000,
"Kepler-1688 b",2.53000000,1184.00,5.62005172000,
"Kepler-1353 b",2.03000000,491.00,24.75439660000,
"Kepler-1256 b",1.40000000,972.00,12.41277540000,
"Kepler-173 b",1.58000000,1232.00,4.26375600000,
"Kepler-85 c",2.20000000,712.00,12.51217000000,
"Kepler-617 b",1.23000000,750.00,1.68269593800,
"Kepler-890 b",7.40000000,503.00,52.75886000000,
"Kepler-121 c",2.69000000,430.00,41.00811830000,
"Kepler-710 b",1.94000000,1029.00,4.34732600000,
"Kepler-246 c",1.56000000,674.00,11.18714042000,
"Kepler-1568 b",1.38000000,730.00,20.92539200000,
"Kepler-1861 b",2.23000000,615.00,40.03098900000,
"Kepler-1072 b",1.40000000,1777.00,1.56906650200,
"Kepler-1397 b",1.37000000,499.00,47.44995500000,
"Kepler-1398 b",1.02000000,1510.00,2.78817930000,
"Kepler-349 c",1.90000000,763.00,12.24761210000,
"Kepler-1875 b",2.01000000,554.00,34.45842310000,
"Kepler-1870 b",2.03000000,1178.00,3.60694152600,
"Kepler-1102 b",3.13000000,546.00,51.32856230000,
"Kepler-722 b",2.46000000,1182.00,4.09357325200,
"Kepler-979 b",2.94000000,792.00,8.08801663000,
"Kepler-200 c",1.72000000,806.00,10.22215697000,
"Kepler-1027 b",2.18000000,1864.00,1.90780860000,
"Kepler-67 b",2.81000000,599.00,15.72589061000,
"Kepler-1296 b",1.04000000,871.00,8.38398650000,
"Kepler-764 b",1.59000000,876.00,7.33683936000,
"Kepler-603 b",2.70000000,651.00,21.05744000000,
"Kepler-1325 b",2.77000000,525.00,33.87868380000,
"Kepler-913 b",5.75000000,1129.00,10.29674097000,
"Kepler-312 c",2.43000000,735.00,19.74732846000,
"Kepler-336 c",2.08000000,967.00,9.59993246000,
"Kepler-1082 b",1.02000000,1630.00,1.54319800000,
"Kepler-287 c",3.50000000,522.00,44.85210710000,
"Kepler-1403 b",2.24000000,1251.00,5.19492202000,
"Kepler-1938 b",1.43000000,527.00,13.06242496000,
"Kepler-755 c",1.29000000,1047.00,2.85313364400,
"Kepler-1861 b",2.23000000,615.00,40.03098900000,
"Kepler-231 c",1.73000000,343.00,19.27154680000,
"Kepler-238 b",1.05000000,1404.00,2.09081565000,
"Kepler-82 d",1.41000000,1294.00,2.38296100000,
"Kepler-758 c",1.65000000,1404.00,4.75793986000,
"Kepler-273 c",1.65000000,835.00,8.01494715000,
"Kepler-80 f",1.17000000,1256.00,0.98676790000,
"Kepler-297 d",13.54000000,369.00,150.01906090000,
"Kepler-176 d",2.27000000,501.00,25.75274977000,
"Kepler-218 d",2.78000000,357.00,124.52446470000,
"Kepler-53 c",4.02000000,550.00,38.55765460000,
"Kepler-53 c",3.57000000,550.00,38.55759140000,
"Kepler-251 b",1.80000000,1151.00,4.79091735000,
"Kepler-254 d",2.60000000,666.00,18.74653971000,
"Kepler-286 d",1.48000000,992.00,5.91428767000,
"Kepler-296 b",1.14000000,363.00,10.86440950000,
"KOI-351 g",6.80000000,340.00,210.59659000000,
"Kepler-20 e",0.84000000,927.00,6.09855603000,
"Kepler-1574 b",1.27000000,1003.00,6.94243340000,
"Kepler-1181 c",1.57000000,1111.00,8.93490815000,
"Kepler-1561 b",0.85000000,1682.00,1.00520589300,
"Kepler-430 c",1.86000000,463.00,110.97826600000,
"Kepler-1945 b",1.05000000,808.00,6.08004821000,
"Kepler-576 b",3.00000000,555.00,29.91150000000,
"Kepler-1727 b",2.57000000,757.00,9.02930689000,
"Kepler-1577 b",2.65000000,1125.00,6.30560247000,
"Kepler-1949 b",0.95000000,1472.00,2.20829412000,
"Kepler-1993 b",4.05000000,903.00,26.65655740000,
"Kepler-1583 b",0.58000000,825.00,9.32807355000,
"Kepler-391 c",2.88000000,662.00,20.50100000000,"K2 III-IV"
"Kepler-391 c",3.60000000,1015.00,20.48538930000,
"Kepler-556 b",2.20000000,792.00,11.72293600000,
"Kepler-1859 c",1.32000000,1310.00,3.59640550000,
"Kepler-1859 c",1.32000000,1310.00,3.59640550000,
"Kepler-1590 b",1.00000000,1020.00,7.61758198000,
"Kepler-1728 b",2.60000000,864.00,4.78300000000,
"Kepler-248 b",3.22000000,839.00,6.30820700000,
"Kepler-83 d",1.66000000,569.00,5.16980426900,
"Kepler-170 c",2.85000000,702.00,16.66589940000,
"Kepler-247 d",5.00000000,533.00,20.47735749000,
"Kepler-247 d",2.92000000,530.00,20.47748843000,
"Kepler-174 c",1.46000000,346.00,44.00042870000,
"Kepler-251 d",4.25000000,624.00,30.13293030000,
"Kepler-215 b",1.42000000,784.00,9.36059705000,
"Kepler-693 b",11.01000000,600.00,15.37562369000,
"Kepler-157 b",1.27000000,1512.00,1.73234549100,
"Kepler-1342 b",1.64000000,1282.00,2.21571035800,
"Kepler-36 c",3.94000000,928.00,16.23192004000,
"Kepler-818 b",4.60000000,801.00,10.03535500000,
"Kepler-348 b",1.33000000,1110.00,7.05675289000,
"Kepler-1089 b",1.85000000,531.00,5.13248561800,
"Kepler-1533 b",2.36000000,298.00,308.54710000000,
"Kepler-1044 b",2.50000000,1058.00,6.77408984000,
"Kepler-111 c",7.67000000,333.00,224.77893550000,
"Kepler-1464 c",0.89000000,1023.00,5.32786292000,
"Kepler-407 b",1.13000000,1983.00,0.66931009200,
"Kepler-1250 b",2.19000000,1444.00,2.60754383400,
"Kepler-1453 b",2.74000000,503.00,47.16116960000,
"1RXS J160929.1-210524 b",18.64700000,1800.00,,"K7 V"
"Kepler-157 b",1.37000000,1546.00,1.73234640300,
"Kepler-1544 b",1.83000000,256.00,168.81117400000,
"Kepler-1582 b",0.77000000,321.00,4.83817712000,
"Kepler-1482 b",1.00000000,678.00,12.25384348000,
"Kepler-1190 b",1.26000000,601.00,10.45843441000,
"Kepler-1203 b",0.96000000,1233.00,0.58800076500,
"Kepler-337 c",1.76000000,1004.00,9.69315566000,
"Kepler-33 d",4.77000000,853.00,21.77568751000,
"Kepler-208 e",1.52000000,875.00,16.25945734000,
"Kepler-1926 b",2.77000000,451.00,42.87741730000,
"Kepler-82 c",6.11000000,471.00,51.53998542000,
"Kepler-359 d",29.77000000,464.00,77.08619100000,
"KOI-1599.01",1.90000000,645.00,20.41724000000,
"Kepler-33 d",5.50000000,862.00,21.77575400000,
"Kepler-264 b",4.86000000,844.00,40.80684940000,
"Kepler-54 b",2.33000000,453.00,8.01081478000,
"Kepler-1455 b",1.97000000,272.00,49.27676400000,
"Kepler-245 e",1.92000000,1088.00,3.21982105600,
"Kepler-1347 b",0.94000000,600.00,14.00946300000,
"Kepler-343 b",1.79000000,946.00,8.96848108000,
"Kepler-474 b",3.24000000,1115.00,5.66066942900,
"Kepler-1986 b",1.89000000,579.00,19.54896660000,
"Kepler-54 b",1.80000000,453.00,8.01280975000,"M1 V"
"Kepler-1563 b",0.72000000,1134.00,3.43276598000,
"Kepler-1128 b",3.20000000,400.00,61.61929000000,
"Kepler-208 c",1.65000000,1141.00,7.46662068000,
"Kepler-324 c",3.25000000,413.00,51.80966950000,
"Kepler-32 c",2.20000000,449.00,8.75210645000,
"Kepler-712 b",3.12000000,539.00,21.02247699000,
"Kepler-636 b",4.43000000,614.00,16.08065726400,
"Kepler-1410 b",1.41000000,264.00,60.87130000000,
"Kepler-122 c",4.66000000,804.00,12.46599555600,
"Kepler-400 c",1.43000000,755.00,17.34087350000,
"Kepler-823 b",1.65000000,1123.00,4.16807800000,
"Kepler-1275 b",1.19000000,1320.00,3.65691115000,
"Kepler-1101 b",2.20000000,371.00,81.31700000000,
"Kepler-1198 b",1.47000000,830.00,7.68478504000,
"Kepler-688 b",7.92000000,1011.00,3.89593684400,
"Kepler-1336 b",1.30000000,583.00,23.19899000000,
"Kepler-521 b",3.71000000,940.00,22.20813214000,
"Kepler-1504 b",2.27000000,391.00,82.30400300000,
"Kepler-878 b",1.95000000,501.00,25.94215820000,
"Kepler-434 b",8.00000000,768.00,12.87471141800,
"Kepler-313 c",1.70000000,608.00,32.27521180000,
"KOI-2513.01",103.23000000,758.00,19.00537199000,
"Kepler-1221 b",1.68000000,653.00,12.00095000000,
"Kepler-1130 b",0.92000000,904.00,5.45298742000,
"Kepler-1343 b",1.88000000,1294.00,3.35184041000,
"Kepler-409 b",1.19900000,438.00,68.95832160000,
"Kepler-1822 b",2.02000000,513.00,22.13390000000,
"Kepler-1458 b",2.93000000,493.00,47.98727640000,
"Kepler-150 b",1.21000000,1131.00,3.42806306000,
"Kepler-984 b",3.01000000,594.00,43.03422720000,
"Kepler-944 b",2.46000000,463.00,43.31677370000,
"Kepler-328 b",3.33000000,600.00,34.91765920000,
"Kepler-1117 b",1.01000000,964.00,4.79028459000,
"CoRoT-17 b",11.28746300,1610.00,3.76810000000,
"Kepler-119 c",0.90000000,1017.00,4.12512093000,
"Kepler-1030 b",2.52000000,534.00,19.32952416000,
"Kepler-1653 b",1.73000000,257.00,140.25251500000,
"Kepler-1608 b",1.80000000,612.00,16.47356860000,
"Kepler-1565 b",1.18000000,1240.00,1.53818843700,
"KOI-2513.01",103.23000000,758.00,19.00537199000,
"NGTS-23 b",14.20177855,1327.00,4.07643260000,"F9 V"
"Kepler-924 b",2.50000000,509.00,61.03701170000,
"Kepler-926 b",1.82000000,440.00,52.06886010000,
"Kepler-926 b",2.18000000,449.00,52.06986000000,
"Kepler-929 b",1.62000000,2362.00,0.92103049700,
"Kepler-1702 b",1.56000000,557.00,18.50101970000,
"Kepler-235 b",2.17000000,723.00,3.34021900000,
"Kepler-446 c",2.10000000,583.00,3.03621679000,
"Kepler-403 d",1.09000000,833.00,13.61159129000,
"Kepler-1601 b",0.88000000,1507.00,2.20921951000,
"Kepler-1606 b",1.98000000,276.00,196.43522400000,
"Kepler-688 b",7.34000000,1005.00,3.89593652500,
"Kepler-1607 b",1.09000000,913.00,13.64736760000,
"Kepler-444 d",0.40000000,721.00,6.18940639000,
"Kepler-625 b",2.17000000,977.00,7.75192492000,
"Kepler-158 b",1.86000000,486.00,16.70924000000,
"Kepler-1616 b",0.88000000,1138.00,6.76284377000,
"Kepler-1311 b",1.50000000,1019.00,11.17267230000,
"Kepler-132 c",2.27000000,1179.00,6.41500000000,
"Kepler-269 b",2.45000000,1007.00,5.32670215000,
"Kepler-894 b",2.46000000,801.00,9.80314000000,
"Kepler-1831 b",2.32000000,1051.00,5.78388573000,
"Kepler-352 d",0.66000000,777.00,6.88729828000,
"Kepler-133 b",1.87000000,1073.00,8.13000457000,
"Kepler-69 c",1.74000000,286.00,242.46712000000,
"Kepler-306 e",2.74000000,437.00,44.84122140000,
"Kepler-1842 b",2.34000000,822.00,14.02635723000,
"Kepler-1367 b",0.93000000,998.00,1.57409032300,
"Kepler-1805 b",1.01000000,436.00,8.84786839000,
"Kepler-1967 b",2.59000000,1086.00,7.28171395000,
"Kepler-796 b",2.18000000,1226.00,6.40087618000,
"Kepler-589 c",1.10000000,1099.00,3.52468054000,
"Kepler-184 c",2.16000000,630.00,20.30303506000,
"Kepler-1929 b",6.06000000,876.00,59.36271990000,
"Kepler-584 b",4.17000000,664.00,35.18105723000,
"Kepler-104 d",3.41000000,588.00,51.75529576000,
"EPIC 220674823 c",2.50000000,774.00,13.33970000000,"G5 V"
"Kepler-52 b",2.16000000,553.00,7.87741630000,
"Kepler-380 b",1.36000000,1399.00,3.93087300000,
"Kepler-178 c",2.94000000,683.00,20.55280793000,
"Kepler-1554 b",3.24000000,288.00,198.08887300000,
"Kepler-276 d",2.58000000,525.00,48.64766010000,
"Kepler-358 c",3.39000000,411.00,83.48862180000,
"Kepler-624 b",2.05000000,793.00,14.58649607000,
"Kepler-579 b",1.90000000,730.00,9.66857386000,
"Kepler-524 c",0.99000000,1714.00,1.88897100000,
"Kepler-163 b",1.36000000,906.00,7.81100952000,
"Kepler-1942 b",1.60000000,1011.00,4.62602724600,
"Kepler-139 b",2.73000000,768.00,15.77111583000,
"Kepler-1147 b",2.30000000,871.00,10.62784997000,
"Kepler-536 b",5.73000000,1791.00,1.82708130000,
"Kepler-154 e",1.50000000,1140.00,3.93276627000,
"Kepler-221 d",2.52000000,706.00,10.04156852100,
"Kepler-215 d",2.23000000,527.00,30.86436512000,
"Kepler-254 c",2.58000000,787.00,12.41216347000,
"Kepler-356 c",1.64000000,852.00,13.12163551000,
"Kepler-1483 b",1.07000000,937.00,9.50851560000,
"Kepler-1074 b",1.12000000,568.00,5.94567800000,
"EPIC 220674823 c",2.83600000,805.00,13.33970000000,
"Kepler-114 b",1.00000000,587.00,5.18856175700,
"Kepler-1874 b",2.69000000,356.00,56.57323180000,
"Kepler-1421 b",0.71000000,1131.00,6.91311120000,
"Kepler-1527 b",3.26000000,338.00,160.12991800000,
"Kepler-1278 b",1.08000000,1269.00,3.23942500000,
"Kepler-202 c",2.05000000,512.00,16.28247000000,
"Kepler-444 b",0.31000000,863.00,3.60010615500,
"Kepler-1887 b",2.52000000,625.00,19.94752741000,
"Kepler-339 d",1.16000000,742.00,10.55838956000,
"Kepler-961 b",3.19000000,752.00,16.87727414000,
"Kepler-54 b",2.09000000,478.00,8.01094400000,
"Kepler-1374 b",2.39000000,743.00,10.65276707000,
"Kepler-1793 b",2.55000000,698.00,8.77988000000,
"Kepler-172 d",2.30000000,723.00,14.62719000000,
"Kepler-1123 b",1.69000000,1028.00,4.33946454000,
"Kepler-1690 b",2.51000000,273.00,234.63537900000,
"Kepler-1342 b",1.89000000,1255.00,2.21571000000,
"Kepler-196 d",5.92000000,419.00,122.07992210000,
"K2-347 b",2.41000000,640.00,7.18725700000,
"Kepler-346 b",3.09000000,1008.00,6.51112385000,
"KOI-351 c",1.29000000,986.00,8.71982853000,
"Kepler-1681 b",3.04000000,442.00,69.89567890000,
"Kepler-394 d",1.37000000,1159.00,5.61350000000,
"Kepler-1036 b",2.91000000,336.00,122.88080580000,
"Kepler-1298 b",1.04000000,1261.00,7.12811928000,
"Kepler-1405 b",3.08000000,564.00,28.22741840000,
"Kepler-872 b",1.60000000,1232.00,2.57885506800,
"Kepler-799 c",1.92000000,762.00,15.19421803000,
"Kepler-1381 b",2.44000000,649.00,25.38417500000,
"Kepler-694 b",2.54000000,917.00,6.36584161200,
"Kepler-337 b",1.30000000,1438.00,3.29276965000,
"Kepler-844 b",1.51000000,704.00,2.61302085600,
"Kepler-1836 b",1.82000000,1000.00,5.25408000000,
"Kepler-540 b",3.05000000,367.00,172.69090000000,
"Kepler-1391 b",1.36000000,464.00,54.40923330000,
"Kepler-954 b",2.33000000,558.00,16.78176602000,
"Kepler-995 b",2.70000000,507.00,28.26731672000,
"Kepler-352 b",0.92000000,694.00,10.05550267000,
"Kepler-1566 b",0.68000000,1727.00,0.53991523800,
"Kepler-407 b",1.21000000,2079.00,0.66930968600,
"Kepler-1031 b",0.78000000,1769.00,1.22621732000,
"Kepler-202 b",1.61000000,813.00,4.06940200000,
"Kepler-234 b",3.62000000,1405.00,2.71150257900,
"Kepler-1607 b",1.25000000,913.00,13.64712110000,
"Kepler-1370 c",1.20000000,1108.00,7.44142113000,
"Kepler-55 d",1.64000000,952.00,2.21112284700,
"Kepler-26 d",0.98000000,646.00,3.54387093000,"M0 V"
"Kepler-1677 b",1.98000000,681.00,22.06410000000,
"Kepler-108 b",3.90000000,480.00,49.18431000000,
"Kepler-640 b",2.73000000,631.00,22.24813967000,
"Kepler-666 b",2.21000000,1133.00,4.49876092000,
"Kepler-1404 b",1.77000000,596.00,15.93144120000,
"Kepler-316 c",1.34000000,577.00,6.82778157000,
"Kepler-936 b",2.43000000,867.00,10.56137217000,
"Kepler-937 b",3.80000000,500.00,67.66919000000,
"Kepler-938 b",2.33000000,432.00,52.63200000000,
"Kepler-933 b",2.02000000,610.00,14.20443009000,
"Kepler-934 b",2.53000000,420.00,55.67383090000,
"Kepler-507 b",1.22000000,1345.00,3.56809692600,
"Kepler-922 b",1.53000000,1866.00,0.93847040000,
"Kepler-945 b",2.72000000,616.00,31.00330720000,
"Kepler-1034 b",2.10000000,655.00,12.12400000000,
"Kepler-1772 b",2.69000000,1779.00,3.21510633700,
"Kepler-331 b",1.99000000,538.00,8.45747483000,
"Kepler-350 c",3.10000000,850.00,17.84863000000,
"Kepler-1617 b",1.08000000,689.00,27.47855720000,
"Kepler-629 b",1.46000000,854.00,7.23851900000,
"Kepler-441 b",1.93000000,194.00,207.24795900000,
"Kepler-1972 b",0.98000000,1392.00,7.54591190000,
"Kepler-80 b",2.21000000,547.00,7.05351444900,
"Kepler-1620 b",1.36000000,428.00,101.95182900000,
"Kepler-443 b",2.20000000,246.00,177.66911200000,
"Kepler-199 b",2.90000000,595.00,23.64219650000,
"Kepler-631 b",2.18000000,769.00,17.97979059000,
"Kepler-237 c",2.27000000,688.00,8.10361363000,
"Kepler-1442 b",4.63000000,522.00,81.41601380000,
"Kepler-235 d",1.99000000,350.00,20.06037454000,
"Kepler-1109 b",1.77000000,508.00,37.64673840000,
"KOI-1257 b",9.40000000,419.00,86.64764448000,
"EPIC 229004835 b",2.33200000,804.00,16.14113200000,
"Kepler-370 c",1.91000000,649.00,19.02315200000,
"Kepler-141 c",37.40000000,2953.00,7.01061700000,
"K2-24 c",7.50000000,542.00,42.33910000000,
"Kepler-1470 b",1.18000000,581.00,16.29509030000,
"Kepler-873 b",3.32000000,753.00,20.55338440000,
"Kepler-1605 b",5.18000000,716.00,85.75654950000,
"Kepler-682 b",7.40000000,753.00,12.61190434500,
"Kepler-256 b",1.37000000,1545.00,1.62046783600,
"Kepler-175 b",2.72000000,827.00,11.90350858000,
"Kepler-1158 b",2.32000000,1079.00,13.53953595000,
"Kepler-480 b",2.43000000,1264.00,4.91958379500,
"Kepler-1468 d",1.70000000,687.00,19.59061670000,
"HIP 65426 b",16.81350000,1500.00,,"A2 V"
"Kepler-431 d",1.11000000,856.00,11.92200000000,
"Kepler-252 c",2.40000000,501.00,10.84846973000,"M0 V"
"Kepler-240 c",1.99000000,662.00,7.95355800000,
"Kepler-184 d",2.53000000,563.00,29.02235261000,
"Kepler-627 b",3.20000000,685.00,40.69920620000,
"Kepler-295 c",1.36000000,621.00,21.52629580000,
"Kepler-1236 b",1.92000000,487.00,31.05716180000,
"Kepler-309 c",1.71000000,202.00,105.35510254000,"M0 V"
"Kepler-1679 b",2.18000000,813.00,9.75369069000,
"Kepler-185 c",1.94000000,530.00,20.72904234000,
"Kepler-536 b",6.18000000,1876.00,1.82708229900,
"Kepler-186 e",1.26000000,322.00,22.40777444000,
"Kepler-1065 c",1.56000000,1256.00,2.37030743000,
"Kepler-1957 b",0.98000000,1099.00,2.18660188000,
"Kepler-352 b",0.89000000,685.00,10.05545337000,
"Kepler-1028 b",1.31000000,1223.00,2.51462432000,
"Kepler-172 b",2.30000000,1236.00,2.94032100000,
"Kepler-800 b",3.20000000,676.00,14.13179000000,
"Kepler-417 b",2.34000000,671.00,12.33087921000,
"Kepler-1322 c",2.00000000,899.00,6.46005600000,
"Kepler-1910 b",1.00000000,645.00,5.68882689000,
"Kepler-950 b",6.99000000,360.00,98.71793320000,
"Kepler-1074 b",1.16000000,548.00,5.94566534000,
"Kepler-1433 b",1.33000000,1215.00,4.13592271000,
"Kepler-1738 b",2.33000000,957.00,7.67465618000,
"Kepler-105 b",3.28000000,1306.00,5.41220713000,
"Kepler-1283 b",1.29000000,764.00,12.94609780000,
"Kepler-303 b",0.95000000,794.00,1.93703206800,
"Kepler-414 c",2.97000000,879.00,7.17073200000,
"Kepler-311 b",1.57000000,928.00,9.17613539000,
"Kepler-1093 c",2.08000000,508.00,89.72229200000,
"Kepler-896 c",3.15000000,515.00,29.54225660000,
"K2-12 b",2.33000000,1003.00,8.28212000000,
"Kepler-103 b",3.14000000,864.00,15.96533687000,
"Kepler-740 b",4.66000000,1131.00,3.58410104800,
"Kepler-1273 b",2.38000000,573.00,28.62535020000,
"Kepler-213 c",2.10000000,1018.00,4.82293400000,
"Kepler-1214 b",2.49000000,591.00,18.82634264000,
"Kepler-1692 b",1.00000000,898.00,5.95960845000,
"Kepler-1592 b",1.02000000,1209.00,3.05710069000,
"Kepler-449 c",1.89000000,665.00,33.67276962000,
"Kepler-1726 b",2.44000000,630.00,18.39628156000,
"Kepler-299 c",1.98000000,933.00,6.88595559000,
"Kepler-1556 b",2.06000000,900.00,8.82713457000,
"Kepler-871 b",3.14000000,640.00,22.04590180000,
"Kepler-42 c",3.19000000,1524.00,0.45328750000,
"Kepler-1409 b",1.10000000,1736.00,0.76486492600,
"Kepler-605 b",1.65000000,1133.00,3.38354023900,
"K2-278 b",2.98000000,1711.00,3.33496600000,
"K2-268 c",2.69000000,688.00,9.32684100000,
"Kepler-589 b",2.52000000,656.00,16.54964934000,
"Kepler-1755 b",4.22000000,631.00,24.81097206000,
"Kepler-181 c",2.08000000,927.00,4.30214362700,
"Kepler-1287 b",1.48000000,811.00,11.47685909000,
"Kepler-144 b",1.10000000,1106.00,5.88528169000,
"Kepler-1852 b",2.27000000,760.00,7.97097190000,
"Kepler-1816 b",1.85000000,315.00,91.50092370000,
"Kepler-204 c",1.36000000,665.00,25.66165800000,
"Kepler-365 b",1.95000000,862.00,10.66482900000,
"Kepler-288 b",1.64000000,1068.00,6.09750607000,
"Kepler-1506 b",1.45000000,783.00,14.03287750000,
"Kepler-1330 b",1.72000000,814.00,10.10769068000,
"Kepler-974 b",1.44000000,534.00,4.19449651400,
"Kepler-955 b",3.40000000,662.00,14.53227100000,
"Kepler-1042 b",1.73000000,574.00,10.13202575000,
"Kepler-1042 b",1.73000000,574.00,10.13202575000,
"Kepler-1026 b",2.20000000,407.00,36.51567000000,
"Kepler-1032 b",1.85000000,823.00,3.29016900000,
"Kepler-340 c",5.69000000,1448.00,22.82454850000,
"Kepler-20 d",2.62000000,397.00,77.61159870000,
"Kepler-1051 b",2.45000000,795.00,25.96200249000,
"Kepler-105 c",1.44000000,997.00,7.12600000000,
"Kepler-26 c",2.82000000,381.00,17.25120011000,
"Kepler-965 b",2.59000000,356.00,134.25190000000,
"Kepler-1048 b",1.36000000,620.00,6.92101021000,
"TIC 434398831 c",5.63000000,1050.00,6.21029100000,"G4 V"
"TIC 88785435 b",5.03000000,635.00,10.50884300000,"K7 V"
"Kepler-343 b",2.17000000,1024.00,8.96847034000,
"Kepler-343 b",1.79000000,946.00,8.96848108000,
"Kepler-1021 b",2.20000000,648.00,13.47488100000,
"Kepler-1006 b",2.46000000,791.00,19.76172042000,
"Kepler-1035 b",1.00000000,1228.00,2.71407755500,
"Kepler-986 b",2.37000000,465.00,56.43499330000,
"Kepler-341 c",1.73000000,948.00,8.01041305000,
"Kepler-1448 b",1.73000000,811.00,12.27065865000,
"Kepler-1444 b",2.46000000,581.00,33.42030010000,
"Kepler-1453 b",2.58000000,503.00,47.16079320000,
"Kepler-1458 b",2.93000000,493.00,47.98727640000,
"Kepler-53 b",3.12000000,701.00,18.64932728000,
"Kepler-1461 b",1.96000000,452.00,29.34947750000,
"Kepler-1462 b",2.52000000,390.00,65.64910010000,
"Kepler-274 c",1.95000000,594.00,33.19810540000,
"Kepler-1466 b",1.31000000,585.00,31.17483110000,
"Kepler-1467 b",2.84000000,411.00,47.05684760000,
"Kepler-1469 b",2.50000000,555.00,21.86353010000,
"Kepler-296 f",1.23000000,199.00,63.33666060000,
"Kepler-1916 b",2.29000000,635.00,31.25432380000,
"Kepler-1917 b",1.47000000,680.00,12.90237151000,
"Kepler-238 e",5.71000000,625.00,23.65368621000,
"Kepler-1479 b",1.73000000,746.00,14.53261362000,
"Kepler-1481 b",1.27000000,798.00,5.94220998000,
"Kepler-545 b",2.86000000,806.00,13.24931848000,
"Kepler-1486 b",2.64000000,538.00,54.64936790000,
"Kepler-920 c",4.05000000,363.00,100.82741130000,
"Kepler-1487 b",1.24000000,1017.00,7.31946363000,
"Kepler-1230 b",3.30000000,934.00,9.95699000000,
"Kepler-1408 b",1.12000000,1616.00,2.99792926000,
"Kepler-290 c",2.53000000,422.00,36.77019000000,
"Kepler-1333 b",4.85000000,428.00,109.64699480000,
"Kepler-137 b",1.66000000,756.00,8.43639364000,
"Kepler-69 c",1.79000000,325.00,242.46590000000,
"Kepler-294 c",2.80000000,957.00,6.62643626000,
"Kepler-1014 b",2.17000000,614.00,16.57115200000,
"Kepler-549 b",2.66000000,469.00,42.94956490000,
"Kepler-1545 b",2.75000000,274.00,163.69233600000,
"Kepler-226 b",1.70000000,1018.00,3.94105221000,
"Kepler-1380 b",1.34000000,786.00,10.31082450000,
"Kepler-368 b",3.20000000,800.00,26.84759620000,
"Kepler-358 c",2.95000000,411.00,83.48874050000,
"Kepler-388 b",0.88000000,830.00,3.17323012000,
"Kepler-325 d",3.01000000,541.00,38.71468330000,
"Kepler-328 c",5.18000000,473.00,71.31165830000,
"Kepler-1218 b",1.36000000,684.00,22.92212660000,
"Kepler-1628 b",7.24000000,241.00,76.37803300000,
"Kepler-372 c",2.47000000,792.00,20.05450770000,
"Kepler-1007 b",1.15000000,652.00,5.18498961000,
"Kepler-1063 b",2.08000000,931.00,14.07969236000,
"Kepler-321 c",2.24000000,805.00,13.09390510000,
"Kepler-107 b",1.55000000,1460.00,3.18002463500,
"Kepler-1530 c",2.69000000,1167.00,5.32353350000,
"Kepler-824 b",1.88000000,1266.00,4.51436633000,
"Kepler-969 c",1.16000000,1424.00,1.68293460400,
"Kepler-1621 b",1.96000000,457.00,92.26371400000,
"Kepler-1186 b",2.10000000,703.00,16.07677000000,
"Kepler-231 c",1.73000000,343.00,19.27154680000,
"Kepler-430 b",2.53000000,631.00,35.96826000000,
"Kepler-549 c",3.40000000,335.00,116.95620000000,
"Kepler-315 b",3.89000000,378.00,96.10547100000,
"Kepler-1248 b",1.16000000,1060.00,7.46725407000,
"Kepler-540 b",3.13000000,376.00,172.70497840000,
"Kepler-261 c",2.10000000,509.00,24.57081569000,
"Kepler-1636 b",3.22000000,248.00,425.47785000000,
"Kepler-810 b",1.69000000,1105.00,4.59726613000,
"Kepler-1576 b",1.15000000,1062.00,6.98471973000,
"Kepler-11 g",3.38000000,377.00,118.37815000000,
"Kepler-1183 b",2.43000000,555.00,28.50571890000,
"Kepler-1034 b",2.27000000,663.00,12.12400943000,
"Kepler-223 d",3.46000000,827.00,14.78767172000,
"Kepler-1124 b",1.66000000,621.00,2.85234826200,
"Kepler-1001 b",3.11000000,695.00,14.30511983000,
"Kepler-59 c",1.58000000,752.00,17.97760370000,
"Kepler-1260 b",2.33000000,823.00,19.11874250000,
"Kepler-697 b",4.35000000,1151.00,3.70987078400,
"Kepler-711 b",3.07000000,487.00,23.58914398000,
"Kepler-223 e",3.57000000,751.00,19.72436720000,
"Kepler-1214 b",2.34000000,591.00,18.82628770000,
"Kepler-1398 c",0.84000000,1211.00,4.13827595000,
"Kepler-51 b",7.88000000,523.00,45.15530074000,
"Kepler-243 c",1.73000000,554.00,20.02623100000,
"Kepler-1784 b",2.40000000,724.00,13.59051547000,
"Kepler-240 b",1.54000000,884.00,4.14451776000,
"Kepler-1228 b",1.47000000,1768.00,0.57736957900,
"Kepler-902 b",3.11000000,556.00,40.10978170000,
"Kepler-1967 b",1.85000000,1087.00,7.28170196000,
"Kepler-566 b",2.08000000,568.00,18.42794624000,
"Kepler-565 b",3.22000000,1061.00,4.24374722600,
"Kepler-83 c",2.06000000,361.00,20.09020088000,
"Kepler-616 c",3.37000000,413.00,90.41135560000,
"Kepler-203 c",2.54000000,1096.00,5.37063954200,
"Kepler-748 b",2.23000000,938.00,7.40742793000,
"Kepler-33 c",3.28000000,1018.00,13.17561900000,
"Kepler-288 c",3.03000000,728.00,19.30577159000,
"Kepler-1539 b",2.71000000,301.00,133.30367410000,
"Kepler-46 d",1.48000000,793.00,6.76657900000,
"Kepler-1466 b",1.38000000,585.00,31.17504480000,
"Kepler-1587 b",1.14000000,981.00,9.40613640000,
"Kepler-1306 b",1.76000000,676.00,16.29595382000,
"Kepler-541 b",3.95000000,1673.00,5.08005790000,
"Kepler-716 b",2.79000000,669.00,10.37168453000,
"Kepler-111 c",7.52000000,323.00,224.77820930000,
"Kepler-1886 b",2.25000000,580.00,24.27589920000,
"Kepler-1072 b",1.40000000,1777.00,1.56906650200,
"Kepler-1824 b",2.47000000,449.00,95.60984500000,
"Kepler-23 c",3.15000000,1023.00,10.74242766000,
"Kepler-31 c",4.99000000,615.00,42.63416177000,
"Kepler-478 b",2.86000000,667.00,13.22175760000,
"Kepler-378 b",0.70000000,501.00,16.09234000000,
"Kepler-293 b",3.00000000,657.00,19.25405306000,
"Kepler-54 c",1.33000000,395.00,12.07135949000,
"K2-354 b",1.56000000,543.00,3.79330600000,
"Kepler-1184 b",2.49000000,529.00,53.59914590000,
"Kepler-1574 b",1.27000000,1003.00,6.94243340000,
"Kepler-949 b",2.92000000,782.00,8.68930121600,
"Kepler-149 b",3.77000000,531.00,29.19898380000,
"Kepler-259 c",3.10000000,535.00,36.92564000000,
"Kepler-179 b",1.58000000,1072.00,2.73590337500,
"Kepler-166 d",1.58000000,1326.00,1.55400392800,
"Kepler-197 d",1.15000000,811.00,15.67756112000,
"Kepler-222 c",4.71000000,734.00,10.08881066000,
"Kepler-229 b",2.41000000,782.00,6.25296489800,
"Kepler-108 c",8.15000000,449.00,190.32165640000,
"Kepler-108 b",8.97000000,706.00,49.18394922000,
"Kepler-108 b",8.97000000,706.00,49.18394922000,
"EPIC 201595106 b",1.56500000,2038.00,0.87724000000,
"Kepler-9 d",1.48000000,1517.00,1.59295975000,
"Kepler-21 b",1.59000000,1785.00,2.78582169300,
"Kepler-1013 b",4.70000000,766.00,18.93054959000,
"Kepler-1033 b",2.57000000,914.00,7.56052806000,
"Kepler-985 b",3.26000000,323.00,116.33117390000,
"Kepler-349 b",1.89000000,987.00,5.92973644000,
"Kepler-1784 b",3.20000000,724.00,13.59056583000,
"Kepler-1008 b",3.67000000,959.00,12.43951700000,
"Kepler-983 b",2.19000000,492.00,60.08550820000,
"Kepler-980 b",2.05000000,761.00,11.55102504000,
"Kepler-335 b",1.69000000,972.00,6.56225728000,
"Kepler-1779 b",2.33000000,647.00,16.34357000000,
"Kepler-1779 b",3.26000000,730.00,16.34355902000,
"Kepler-352 c",1.25000000,583.00,16.33269854000,
"Kepler-987 b",3.18000000,351.00,105.30350930000,
"Kepler-979 b",2.51000000,733.00,8.08801350000,
"Kepler-979 b",2.40000000,708.00,8.08803400000,
"Kepler-1044 b",3.00000000,1028.00,6.77395800000,
"Kepler-976 b",3.74000000,310.00,105.95770000000,
"Kepler-1011 b",2.20000000,853.00,5.75320100000,
"Kepler-1011 b",3.05000000,920.00,5.75322197400,
"Kepler-1049 b",0.81000000,625.00,3.27344784000,
"Kepler-1049 b",0.87000000,620.00,3.27346073600,
"Kepler-954 b",2.33000000,558.00,16.78176602000,
"Kepler-1709 b",2.57000000,454.00,65.70460002000,
"Kepler-1673 b",2.62000000,604.00,33.78882491000,
"Kepler-1489 b",1.67000000,408.00,82.29475100000,
"Kepler-1489 b",1.67000000,408.00,82.29475100000,
"Kepler-1491 b",1.39000000,695.00,16.58617620000,
"Kepler-1493 b",1.77000000,874.00,15.02197840000,
"Kepler-1495 b",3.01000000,443.00,85.27325600000,
"Kepler-937 c",2.40000000,377.00,153.34336400000,
"Kepler-1498 b",1.46000000,452.00,48.05140500000,
"Kepler-1501 b",1.38000000,876.00,14.55645330000,
"Kepler-1503 b",2.14000000,324.00,96.16987000000,
"Kepler-1507 b",0.87000000,674.00,16.05062130000,
"Kepler-1923 b",1.13000000,437.00,52.60794700000,
"Kepler-635 b",2.71000000,802.00,23.44970494000,
"Kepler-1510 b",4.17000000,537.00,84.70413900000,
"Kepler-159 b",1.68000000,447.00,10.13958818000,
"Kepler-159 b",2.21000000,544.00,10.13961400000,
"Kepler-1512 b",1.24000000,474.00,20.35972599000,
"Kepler-1927 b",1.46000000,449.00,73.75065010000,
"Kepler-695 b",8.99000000,1021.00,3.04033046000,
"Kepler-622 b",1.64000000,369.00,14.28226676000,
"Kepler-197 e",0.95000000,691.00,25.21001460000,
"Kepler-1903 b",1.78000000,775.00,17.06758770000,
"Kepler-159 b",1.87000000,447.00,10.13961841000,
"Kepler-1874 b",2.19000000,317.00,56.57359970000,
"Kepler-211 b",2.49000000,1301.00,4.13853676900,
"Kepler-815 b",4.26000000,1374.00,8.57504983000,
"Kepler-1474 b",2.20000000,561.00,36.43378670000,
"Kepler-9 d",1.64000000,2026.00,1.59285100000,
"Kepler-397 c",6.31000000,288.00,135.49797000000,
"Kepler-1884 b",1.17000000,864.00,8.98825111000,
"Kepler-269 b",2.45000000,1007.00,5.32670215000,
"Kepler-1386 b",1.12000000,914.00,6.73972600000,
"Kepler-1313 b",3.56000000,1432.00,3.83309117800,
"Kepler-1826 b",1.37000000,806.00,1.61535780900,
"Kepler-1563 b",0.72000000,1134.00,3.43276598000,
"Kepler-196 b",2.11000000,536.00,20.73989406000,
"Kepler-1099 b",3.11000000,1557.00,2.16845259300,
"Kepler-1112 b",2.55000000,935.00,14.36267939000,
"Kepler-821 b",1.13000000,1169.00,1.92282000000,
"Kepler-538 b",2.16000000,385.00,81.73787200000,
"Kepler-275 c",3.32000000,881.00,16.08831829000,
"Kepler-1412 b",0.66000000,1240.00,3.61459900000,
"Kepler-1311 d",9.52000000,391.00,197.51114840000,
"Kepler-1128 b",3.59000000,423.00,61.61781670000,
"Kepler-1987 d",2.95000000,749.00,5.64491522700,
"Kepler-157 b",1.16000000,1512.00,1.73232300000,
"Kepler-170 b",3.44000000,901.00,7.93056300000,
"Kepler-364 b",1.45000000,728.00,25.74575290000,
"Kepler-573 b",2.78000000,646.00,22.18332255000,
"Kepler-399 d",1.96000000,392.00,58.03410860000,
"Kepler-1389 b",1.77000000,318.00,99.25309510000,
"Kepler-268 b",2.90000000,699.00,25.93416000000,
"Kepler-597 b",2.22000000,737.00,13.02365861000,
"Kepler-1968 b",1.42000000,743.00,7.28122373000,
"Kepler-1311 c",1.05000000,1539.00,2.53573424000,
"Kepler-329 c",2.06000000,384.00,18.68480570000,
"Kepler-1819 b",27.45000000,760.00,16.48686712000,
"Kepler-1865 b",1.50000000,1203.00,2.52401751700,
"Kepler-1069 b",3.26000000,823.00,23.89900750000,
"Kepler-1714 b",3.17000000,1219.00,10.27531708000,
"Kepler-1911 b",1.45000000,1379.00,5.99077497000,
"Kepler-311 d",2.01000000,316.00,232.05802900000,
"Kepler-52 d",1.99000000,332.00,36.44540010000,
"Kepler-1464 b",1.53000000,564.00,31.77859010000,
"Kepler-1857 b",1.48000000,946.00,8.94337724000,
"Kepler-1860 b",0.89000000,715.00,12.73726137000,
"Kepler-317 c",1.85000000,816.00,8.77508519000,
"Kepler-806 b",1.86000000,1235.00,8.09219642000,
"Kepler-1550 b",2.65000000,312.00,225.58280900000,
"Kepler-1695 b",1.03000000,954.00,4.73292085000,
"Kepler-1205 b",1.60000000,1516.00,1.07839020000,
"Kepler-126 b",1.66000000,980.00,10.49570200000,
"Kepler-301 b",1.41000000,1283.00,2.50856700000,
"Kepler-663 b",2.70000000,917.00,4.99678284000,
"Kepler-224 b",1.50000000,979.00,3.13295162500,
"Kepler-903 b",1.75000000,774.00,10.35077210000,
"Kepler-298 b",2.21000000,566.00,10.47548192000,
"Kepler-881 b",1.65000000,1191.00,4.44448017000,
"Kepler-1228 b",1.42000000,1757.00,0.57736933600,
"Kepler-769 b",2.35000000,999.00,7.42608998000,
"Kepler-384 b",1.12000000,620.00,22.59659990000,
"Kepler-1519 b",6.84000000,283.00,240.79893970000,
"Kepler-334 b",1.03000000,1049.00,5.47033694000,
"Kepler-159 c",2.64000000,275.00,43.58642609000,
"Kepler-2001 c",1.82000000,604.00,14.09267960000,
"Kepler-359 b",3.83000000,665.00,25.56385760000,
"Kepler-1834 b",1.26000000,821.00,4.60299600000,
"Kepler-1693 c",0.89000000,947.00,5.36371700000,
"Kepler-751 b",2.81000000,679.00,17.44490636000,
"Kepler-2001 b",1.04000000,1402.00,1.09001100300,
"Kepler-1358 b",1.40000000,840.00,7.06316100000,
"Kepler-920 b",2.57000000,902.00,6.53192704000,
"Kepler-246 b",2.37000000,906.00,4.60181685500,
"Kepler-354 b",2.00000000,740.00,5.47665368000,
"Kepler-401 b",1.84000000,889.00,14.38322670000,
"Kepler-171 d",1.84000000,483.00,39.60275510000,
"Kepler-69 c",1.74000000,281.00,242.46770000000,
"Kepler-267 c",2.02000000,487.00,6.87744989700,
"Kepler-1210 b",1.56000000,856.00,8.07124073000,
"Kepler-115 c",2.31000000,939.00,8.99088871000,
"Kepler-1107 b",1.38000000,1879.00,0.57103851800,
"Kepler-1275 b",1.32000000,1368.00,3.65690909000,
"Kepler-464 b",3.38000000,1167.00,7.25696522400,
"Kepler-83 b",2.23000000,460.00,9.77044860000,
"Kepler-405 b",2.34000000,783.00,10.61369479000,
"Kepler-50 b",2.20000000,1278.00,7.81251200000,
"Kepler-139 b",2.62000000,752.00,15.77111067000,
"Kepler-1062 b",1.64000000,583.00,9.30412078000,
"Kepler-445 d",2.44000000,305.00,8.15275885000,
"Kepler-1668 b",3.50000000,634.00,15.43410000000,
"Kepler-787 b",1.16000000,1115.00,0.92831003600,
"Kepler-598 b",1.53000000,1049.00,3.70175428000,
"Kepler-366 c",1.79000000,844.00,12.51618164000,
"Kepler-1177 b",2.20000000,397.00,106.24900000000,
"Kepler-331 c",2.05000000,424.00,17.28115210000,
"Kepler-1468 d",1.70000000,687.00,19.59061670000,
"Kepler-140 c",1.57000000,428.00,91.35148160000,
"Kepler-26 c",2.83000000,381.00,17.25204086000,"M0 V"
"Kepler-66 b",2.81000000,699.00,17.81595067000,
"Kepler-1186 b",2.36000000,723.00,16.07677615000,
"Kepler-1133 b",2.11000000,703.00,11.55562042000,
"Kepler-1956 b",1.15000000,674.00,5.94375659000,
"Kepler-1231 b",1.29000000,808.00,10.41725184000,
"Kepler-366 b",1.37000000,1292.00,3.28189500000,
"Kepler-307 c",2.71000000,739.00,13.08424286000,
"Kepler-994 b",1.49000000,963.00,1.15116710000,
"Kepler-1373 b",0.87000000,1839.00,1.29123275000,
"Kepler-128 c",1.13000000,820.00,22.79519000000,
"Kepler-569 b",2.97000000,526.00,34.18884323000,
"K2-187 b",1.30000000,1815.00,0.77392000000,
"Kepler-123 b",2.51000000,774.00,17.23231686000,
"Kepler-380 b",1.20000000,1317.00,3.93083997000,
"Kepler-162 b",1.34000000,962.00,6.91972300000,
"Kepler-385 d",2.46000000,549.00,56.41474200000,
"Kepler-801 b",1.55000000,419.00,11.41928253000,
"Kepler-189 c",2.81000000,543.00,20.13488968000,
"Kepler-1949 b",0.95000000,1472.00,2.20829412000,
"Kepler-598 b",1.53000000,1049.00,3.70175428000,
"Kepler-846 b",2.30000000,628.00,19.80792185000,
"Kepler-1429 b",1.19000000,1188.00,4.48487493000,
"Kepler-825 b",1.35000000,1270.00,3.77360059000,
"Kepler-1043 b",2.45000000,532.00,38.50522400000,
"Kepler-1505 b",1.13000000,625.00,30.86093660000,
"Kepler-1271 b",1.20000000,1351.00,3.02559550000,
"Kepler-1586 b",1.57000000,1013.00,15.60484100000,
"Kepler-246 c",1.55000000,667.00,11.18719905000,
"Kepler-1069 b",2.02000000,693.00,23.89902960000,
"Kepler-1693 b",1.10000000,723.00,12.10001000000,
"Kepler-1353 b",2.06000000,449.00,24.75450000000,
"Kepler-199 c",4.06000000,496.00,67.09329970000,
"Kepler-197 e",1.12000000,703.00,25.20971000000,
"Kepler-1705 b",1.07000000,789.00,9.01947140000,
"Kepler-831 b",1.19000000,980.00,5.62153941000,
"Kepler-257 d",5.67000000,568.00,24.66459711000,
"Kepler-1512 b",0.80000000,322.00,20.35972200000,
"Kepler-397 b",1.78000000,498.00,22.25082470000,
"Kepler-1864 b",1.04000000,1510.00,3.88151335000,
"Kepler-683 b",2.20000000,1337.00,2.53917000000,
"Kepler-84 f",2.08000000,541.00,44.55184160000,
"Kepler-1257 b",1.44000000,1230.00,2.66836200000,
"Kepler-265 e",2.35000000,479.00,67.83183090000,
"Kepler-255 c",3.01000000,768.00,9.94603603000,
"Kepler-1239 b",2.07000000,1192.00,5.19104016000,
"Kepler-466 c",1.16000000,1206.00,3.70921410400,
"Kepler-123 c",1.31000000,669.00,26.69516590000,
"Kepler-1126 c",1.54000000,306.00,199.66453700000,
"K2-7 b",4.03523305,786.00,28.67810000000,
"Kepler-1210 b",1.53000000,856.00,8.07127043000,
"Kepler-1165 c",1.91000000,644.00,29.96859170000,
"Kepler-309 c",2.09000000,203.00,105.35859640000,
"Kepler-834 b",1.86000000,492.00,13.32411000000,
"Kepler-863 b",2.87000000,718.00,15.59461874000,
"Kepler-142 b",1.98000000,1610.00,2.02414559400,
"Kepler-52 c",1.69000000,390.00,16.38522911000,"M0 V"
"Kepler-851 b",1.90000000,900.00,8.50698069000,
"Kepler-630 b",3.25000000,343.00,161.47467860000,
"Kepler-990 b",2.25000000,847.00,9.91723428000,
"Kepler-324 c",3.25000000,413.00,51.80966950000,
"Kepler-417 c",2.70000000,616.00,15.94251522000,
"Kepler-363 c",2.36000000,1232.00,7.54236000000,
"Kepler-659 b",2.44000000,513.00,17.67177140000,
"Kepler-1930 b",2.08000000,643.00,13.02679640000,
"CoRoT-6 b",13.28266500,1025.00,8.88659300000,
"Kepler-894 b",3.23000000,896.00,9.80322400000,
"Kepler-891 b",6.04000000,486.00,53.44945593000,
"Kepler-446 b",25.00000000,1015.00,1.56540880000,
"Kepler-1809 b",1.17000000,907.00,3.75729159900,
"Kepler-1424 b",0.90000000,542.00,29.60917440000,
"Kepler-1176 b",2.21000000,595.00,24.17382440000,
"Kepler-1792 b",3.50000000,1039.00,4.19580300000,
"Kepler-128 c",1.29000000,843.00,22.80302520000,
"Kepler-79 b",2.73000000,850.00,13.48458665000,
"Kepler-206 d",0.95000000,655.00,23.44323530000,
"Kepler-1319 b",0.67000000,483.00,2.88676264500,
"Kepler-603 c",8.03000000,401.00,127.90541200000,
"Kepler-209 c",2.94000000,486.00,41.74938613000,
"Kepler-1666 b",2.57000000,672.00,25.84745960000,
"Kepler-1411 b",3.11000000,441.00,86.11608850000,
"Kepler-1786 b",2.63000000,434.00,78.54616380000,
"Kepler-1478 b",1.40000000,598.00,26.08405940000,
"Kepler-1796 b",2.21000000,598.00,29.45571540000,
"Kepler-20 b",1.77300000,1187.00,3.69610490000,
"Kepler-1520 b",5.32000000,1436.00,0.65355357200,
"Kepler-170 b",2.94000000,878.00,7.93058774500,
"Kepler-1602 b",0.97000000,883.00,11.17931605000,
"Kepler-1798 b",1.66000000,411.00,16.85481000000,
"Kepler-1667 b",6.63000000,655.00,83.57819760000,
"Kepler-1183 b",2.43000000,555.00,28.50571890000,
"Kepler-1129 b",2.98000000,690.00,24.33978040000,
"Kepler-403 b",1.09000000,1038.00,7.03144308000,
"Kepler-135 c",1.07000000,954.00,11.44859460000,
"Kepler-1365 c",0.66000000,1045.00,4.77468005000,
"Kepler-1328 b",1.31000000,1214.00,4.52158614000,
"Kepler-147 c",2.63000000,650.00,33.41600340000,
"Kepler-1142 b",1.22000000,629.00,18.30272480000,
"Kepler-183 c",2.39000000,791.00,11.63701734000,
"K2-254 c",2.19000000,551.00,12.11839000000,
"Kepler-899 b",2.40000000,640.00,19.17893976000,
"Kepler-1363 b",1.22000000,988.00,2.94194296000,
"Kepler-1669 c",1.81000000,897.00,1.60932168000,
"Kepler-693 b",10.45000000,576.00,15.37563332000,
"Kepler-1276 b",1.09000000,909.00,12.57200950000,
"Kepler-1262 b",1.79000000,949.00,8.67903700000,
"Kepler-11 g",3.46000000,376.00,118.37837900000,
"Kepler-433 b",16.25000000,1776.00,5.33408384000,
"Kepler-607 b",0.99000000,1876.00,0.63816320400,
"Kepler-756 b",1.27000000,1494.00,1.22486200000,
"Kepler-800 b",3.02000000,675.00,14.13175309000,
"Kepler-1588 b",0.78000000,925.00,7.84931739000,
"Kepler-496 b",2.33000000,721.00,8.30848500000,
"Kepler-299 c",1.98000000,933.00,6.88595559000,
"Kepler-174 d",2.10000000,194.00,247.35426500000,
"Kepler-418 b",9.88000000,446.00,86.67855186000,
"Kepler-51 c",5.90000000,415.00,85.31287000000,
"Kepler-354 c",1.33000000,508.00,16.93477480000,
"Kepler-1130 c",0.75000000,1158.00,3.26660600000,
"Kepler-1757 b",2.56000000,550.00,19.65644811000,
"Kepler-1390 b",0.92000000,872.00,6.48021673000,
"Kepler-1506 b",1.46000000,783.00,14.03291540000,
"Kepler-673 b",6.27000000,1022.00,3.72873109300,
"Kepler-250 d",2.23000000,573.00,17.64830992000,
"Kepler-62 d",1.96000000,501.00,18.16407876000,
"Kepler-1977 b",1.66000000,798.00,4.53702121000,
"Kepler-251 e",3.89000000,419.00,99.64096530000,
"Kepler-252 b",1.18000000,587.00,6.66833241000,
"Kepler-690 b",5.56000000,958.00,7.74809437400,
"Kepler-977 b",2.76000000,544.00,26.85328322000,
"Kepler-353 c",1.76000000,485.00,8.41100287000,
"V1298 Tau b",10.27000000,677.00,24.13960000000,
"Kepler-375 c",2.95000000,629.00,19.98661570000,
"Kepler-558 b",2.34000000,497.00,29.00790538000,
"Kepler-1015 b",2.60000000,938.00,16.00494214000,
"Kepler-301 d",1.96000000,725.00,13.75134642000,
"Kepler-342 c",2.76000000,754.00,26.23474470000,
"Kepler-605 b",1.33000000,1049.00,3.38353806600,
"Kepler-306 e",2.74000000,437.00,44.84122140000,
"Kepler-196 b",3.68000000,756.00,20.73991798000,
"Kepler-609 b",2.94000000,916.00,6.52123400000,
"Kepler-608 b",3.89000000,1069.00,6.41251295300,
"Kepler-1274 b",1.31000000,1398.00,6.98152703000,
"Kepler-1809 b",1.23000000,877.00,3.75729469500,
"Kepler-841 b",10.30000000,416.00,124.41971750000,
"Kepler-11 c",2.94000000,786.00,13.02492819000,
"Kepler-618 b",2.39000000,1252.00,3.59576964500,
"Kepler-50 b",1.68000000,1196.00,7.81285862000,
"Kepler-1565 b",1.18000000,1240.00,1.53818843700,
"Kepler-689 b",2.45000000,544.00,22.36656079000,
"Kepler-1938 b",1.43000000,527.00,13.06242496000,
"Kepler-145 c",3.83000000,719.00,42.88232415000,
"KOI-984 b",2.78000000,998.00,4.28745547300,
"Kepler-1408 b",0.84000000,1512.00,2.99793191000,
"Kepler-1645 b",2.25000000,754.00,16.17803000000,
"Kepler-308 b",2.23000000,833.00,9.69502544000,
"Kepler-1522 b",1.56000000,1383.00,1.84788917100,
"Kepler-245 e",1.69000000,998.00,3.21981477700,
"Kepler-1775 b",3.56000000,522.00,85.65424760000,
"Kepler-589 b",2.52000000,656.00,16.54964934000,
"Kepler-20 f",0.99000000,628.00,19.57762860000,
"Kepler-298 d",2.63000000,277.00,77.47409910000,
"Kepler-1095 b",1.24000000,1108.00,4.27103091000,
"Kepler-146 c",2.91000000,474.00,76.73251680000,
"Kepler-1642 b",5.41000000,895.00,12.20643040000,
"Kepler-993 b",3.34000000,352.00,22.08551599000,
"Kepler-784 c",1.55000000,844.00,17.15723600000,
"Kepler-942 b",2.02000000,367.00,44.96417488000,
"Kepler-192 c",2.08000000,572.00,21.22341000000,
"Kepler-118 c",7.19000000,619.00,20.17202386600,
"Kepler-1273 b",2.59000000,573.00,28.62565300000,
"Kepler-287 b",2.88000000,667.00,20.34237838000,
"Kepler-462 c",6.00000000,597.00,207.58272340000,
"Kepler-148 b",1.82000000,1284.00,1.72936707700,
"Kepler-887 c",1.05000000,1084.00,7.63846023000,
"Kepler-178 c",2.99000000,656.00,20.55280311000,
"Kepler-1525 b",0.92000000,1343.00,2.41660149000,
"Kepler-1508 b",3.22000000,967.00,20.70571530000,
"Kepler-221 d",2.52000000,706.00,10.04156852100,
"Kepler-173 c",2.41000000,956.00,8.00578366500,
"Kepler-1600 b",3.15000000,211.00,386.37054800000,
"Kepler-180 b",1.51000000,781.00,13.81731817000,
"Kepler-747 b",5.26000000,456.00,35.61760587000,
"Kepler-1834 b",1.43000000,820.00,4.60309800000,
"Kepler-634 b",1.67000000,1240.00,5.16948700000,
"Kepler-220 e",1.32000000,362.00,45.90275660000,
"Kepler-1498 b",2.36000000,564.00,48.05068780000,
"Kepler-231 c",1.73000000,343.00,19.27154680000,
"Kepler-1587 b",1.32000000,981.00,9.40604670000,
"Kepler-1447 b",2.84000000,468.00,56.67472850000,
"Kepler-1578 b",1.24000000,1699.00,1.45088690700,
"Kepler-207 d",2.50000000,1102.00,5.86805000000,
"Kepler-501 c",1.45000000,1257.00,3.62269606000,
"Kepler-992 b",3.78000000,767.00,20.16034462000,
"Kepler-1445 b",0.87000000,911.00,10.60052251000,
"Kepler-1223 b",1.31000000,557.00,16.30125900000,
"Kepler-862 b",2.54000000,1103.00,3.14867900000,
"Kepler-244 b",2.87000000,986.00,4.31177990600,
"Kepler-1665 b",2.31000000,655.00,11.95475266100,
"Kepler-1992 b",0.91000000,693.00,15.61122300000,
"Kepler-1351 b",0.60000000,1210.00,0.91614076800,
"Kepler-1263 b",1.14000000,920.00,4.55139967000,
"Kepler-1788 b",1.97000000,956.00,2.80011812400,
"Kepler-1266 c",1.56000000,881.00,4.86635506000,
"Kepler-1145 b",1.60000000,958.00,3.97076603000,
"Kepler-277 c",3.13000000,778.00,33.00631850000,
"Kepler-226 b",1.66000000,1015.00,3.94104600000,
"Kepler-974 b",1.28000000,585.00,4.19452500000,
"Kepler-1610 c",1.98000000,433.00,44.98518820000,
"Kepler-218 d",2.83000000,356.00,124.52310000000,
"Kepler-167 e",9.40000000,196.00,341.00000000000,
"Kepler-372 b",1.83000000,1081.00,6.84978728000,
"Kepler-1749 b",1.38000000,428.00,14.53410194000,
"Kepler-296 c",1.89000000,533.00,5.84164100000,
"Kepler-648 b",2.85000000,661.00,17.42117490000,
"Kepler-751 b",3.40000000,674.00,17.44487000000,
"Kepler-48 b",1.85000000,932.00,4.77800306000,
"Kepler-1649 b",0.49000000,211.00,8.68910764000,
"Kepler-707 b",1.79000000,1116.00,2.23749200000,
"Kepler-866 b",1.66000000,997.00,2.61703253600,
"Kepler-1982 b",0.77000000,1282.00,3.82315697000,
"Kepler-163 c",3.20000000,648.00,21.34736612000,
"Kepler-1224 b",1.11000000,852.00,13.32351601000,
"Kepler-95 b",3.13000000,934.00,11.52306995300,
"Kepler-1116 b",2.37000000,489.00,41.69778270000,
"Kepler-683 b",1.97000000,1348.00,2.53918317900,
"Kepler-819 b",2.90000000,464.00,33.19940000000,
"Kepler-497 b",5.95000000,1211.00,3.57320367100,
"Kepler-1439 b",1.30000000,392.00,8.07392849000,
"Kepler-387 c",1.06000000,891.00,11.83772610000,
"Kepler-342 c",1.59000000,723.00,26.23484780000,
"Kepler-1364 b",2.88000000,1299.00,13.32191461000,
"Kepler-145 b",2.20000000,886.00,22.95068896000,
"Kepler-194 b",1.48000000,1514.00,2.09226999300,
"Kepler-374 c",1.09000000,1226.00,3.28280266000,
"Kepler-995 b",2.93000000,517.00,28.26727385000,
"Kepler-1544 b",1.83000000,256.00,168.81117400000,
"Kepler-390 b",0.78000000,786.00,6.73811219000,
"Kepler-1277 b",1.50000000,496.00,40.83663070000,
"Kepler-1345 b",2.90000000,694.00,44.61731000000,
"Kepler-1991 b",1.26000000,700.00,13.26084292000,
"Kepler-294 c",2.80000000,957.00,6.62643626000,
"Kepler-1189 b",1.23000000,1158.00,3.78861833000,
"Kepler-1046 b",1.39000000,747.00,14.37517000000,
"Kepler-232 b",3.07000000,1074.00,4.43124259300,
"Kepler-1108 b",1.39000000,972.00,4.51005748000,
"Kepler-1941 b",1.99000000,670.00,31.33513970000,
"Kepler-82 b",4.70000000,588.00,26.44435456000,
"Kepler-26 d",1.23000000,646.00,3.54391789500,
"Kepler-196 b",3.68000000,756.00,20.73991798000,
"Kepler-122 c",4.66000000,804.00,12.46599555600,
"Kepler-121 c",2.69000000,430.00,41.00811830000,
"Kepler-698 b",3.97000000,725.00,16.32976218000,
"Kepler-1748 b",2.71000000,955.00,5.82349237000,
"K2-339 b",1.92000000,508.00,19.50742800000,
"Kepler-1576 b",1.15000000,1062.00,6.98471973000,
"Kepler-1048 b",1.36000000,620.00,6.92101021000,
"Kepler-167 b",1.41000000,807.00,4.39315767800,
"Kepler-1618 b",1.07000000,1311.00,6.10826019000,
"Kepler-304 e",1.43000000,1318.00,1.49914695300,
"Kepler-701 b",2.40000000,763.00,10.35545900000,
"Kepler-1102 b",3.13000000,546.00,51.32856230000,
"Kepler-305 d",2.68000000,590.00,16.73865956000,
"Kepler-1676 b",1.88000000,613.00,29.92205802000,
"Kepler-58 e",1.70000000,1205.00,4.45825200000,
"Kepler-1435 b",0.85000000,1378.00,4.45343400000,
"Kepler-849 b",7.79000000,325.00,394.62495140000,
"Kepler-169 e",2.24000000,595.00,13.76710058000,
"Kepler-171 c",3.00000000,752.00,11.46347165000,
"Kepler-183 c",2.39000000,791.00,11.63701734000,
"Kepler-199 b",3.87000000,702.00,23.64219092000,
"Kepler-796 b",2.18000000,1226.00,6.40087618000,
"Kepler-143 b",1.82000000,767.00,16.00749754000,
"Kepler-1540 b",3.14000000,266.00,125.41323020000,
"Kepler-1650 b",1.00000000,602.00,1.53818094900,
"Kepler-964 b",2.11000000,652.00,13.52252364000,
"Kepler-262 c",1.74000000,618.00,21.85367910000,
"Kepler-1312 c",0.84000000,1565.00,1.11612899900,
"Kepler-619 d",9.00000000,832.00,11.67890700000,
"Kepler-155 b",1.95000000,562.00,5.93119293900,
"Kepler-243 c",2.28000000,559.00,20.02614120000,
"Kepler-69 c",1.74000000,286.00,242.46712000000,
"Kepler-713 b",2.33000000,904.00,7.41114100000,
"Kepler-1300 b",2.04000000,954.00,22.24200320000,
"Kepler-831 b",1.19000000,980.00,5.62153941000,
"Kepler-598 c",3.07000000,367.00,86.49437040000,
"Kepler-150 e",2.95000000,572.00,30.82647130000,
"Kepler-903 b",1.75000000,774.00,10.35077210000,
"Kepler-178 d",3.43000000,408.00,96.67819260000,
"Kepler-1208 b",2.50000000,665.00,11.08507658000,
"Kepler-940 b",3.44000000,486.00,59.62252570000,
"Kepler-191 b",1.38000000,676.00,9.93954300000,
"Kepler-649 b",2.46000000,606.00,29.90722674000,
"Kepler-370 c",1.88000000,648.00,19.02339000000,
"Kepler-62 d",1.96000000,501.00,18.16407876000,
"Kepler-360 b",1.74000000,1287.00,3.28968400000,
"Kepler-851 b",1.92000000,900.00,8.50699658000,
"Kepler-326 c",2.79000000,1258.00,4.58033862200,
"Kepler-24 e",2.36000000,748.00,18.99850923000,
"Kepler-1777 b",4.27000000,1139.00,12.18416331000,
"Kepler-403 c",1.43000000,525.00,54.28120310000,
"Kepler-149 d",3.54000000,301.00,160.02005970000,
"Kepler-561 c",2.50000000,959.00,5.35019300000,
"Kepler-95 b",3.13000000,934.00,11.52306995300,
"Kepler-1902 b",1.02000000,628.00,3.82222231000,
"Kepler-1853 b",2.96000000,386.00,48.88826680000,
"Kepler-124 c",2.20000000,584.00,13.82139306000,
"Kepler-753 b",1.76000000,618.00,5.74771900000,
"KOI-1831 d",1.13000000,474.00,34.20693950000,
"Kepler-163 b",1.05000000,870.00,7.81104673000,
"Kepler-760 c",2.01000000,1358.00,2.46697439000,
"Kepler-903 c",2.23000000,424.00,62.92285570000,
"Kepler-458 c",3.29000000,702.00,20.74028413000,
"CoRoT-25 b",12.11000000,1330.00,4.86069000000,"F9"
"Kepler-79 e",2.23000000,467.00,81.06349420000,
"Kepler-601 b",1.77000000,836.00,5.37886844100,
"Kepler-1201 b",1.92000000,789.00,15.18725932000,
"Kepler-1802 c",1.88000000,343.00,33.13642590000,
"Kepler-133 c",2.72000000,663.00,31.51779463000,
"Kepler-1366 b",1.28000000,771.00,2.16457096800,
"Kepler-1999 b",4282.98000000,576.00,8.73932720000,
"Kepler-476 b",2.80000000,767.00,14.00640607000,
"Kepler-319 c",5.22000000,1240.00,6.94135962400,
"Kepler-1367 b",0.85000000,869.00,1.57409027200,
"Kepler-537 b",1.41000000,1181.00,3.24754881400,
"Kepler-1459 b",1.58000000,377.00,62.86916110000,
"Kepler-511 b",7.18000000,322.00,296.63786500000,
"Kepler-1286 b",2.40000000,877.00,11.25450000000,
"Kepler-346 c",3.30000000,654.00,23.85163032000,
"Kepler-915 b",1.24000000,1321.00,4.59489604000,
"Kepler-263 c",2.40000000,418.00,47.33302620000,
"Kepler-125 c",0.82000000,560.00,5.77447000000,
"Kepler-509 b",2.42000000,585.00,41.74600392000,
"Kepler-367 c",1.36000000,350.00,53.57783760000,
"Kepler-188 b",1.66000000,1562.00,2.06190735800,
"Kepler-1315 b",1.57000000,1540.00,0.84338011000,
"Kepler-1919 b",2.33000000,479.00,37.88694820000,
"Kepler-59 b",1.09000000,864.00,11.86931440000,
"Kepler-1207 b",1.53000000,802.00,13.68237119000,
"Kepler-1265 b",1.30000000,688.00,6.49447400000,
"Kepler-871 b",3.14000000,640.00,22.04590180000,
"Kepler-354 d",1.47000000,451.00,24.21021710000,
"Kepler-222 b",3.19000000,1004.00,3.93699370600,
"Kepler-613 b",2.19000000,713.00,15.77979614000,
"Kepler-1677 b",2.31000000,726.00,22.06406230000,
"Kepler-980 b",2.05000000,761.00,11.55102504000,
"Kepler-750 b",2.95000000,1018.00,9.42887179000,
"Kepler-62 e",1.73000000,265.00,122.38638120000,
"Kepler-433 b",8.10000000,1164.00,5.33408670000,
"Kepler-394 d",1.50000000,1197.00,5.61357629000,
"Kepler-108 c",3.40000000,306.00,190.31340000000,
"Kepler-1083 b",3.22000000,449.00,33.41779930000,
"Kepler-711 b",3.07000000,487.00,23.58914398000,
"Kepler-1858 b",2.27000000,325.00,88.07126960000,
"Kepler-1400 b",1.90000000,725.00,9.06687613000,
"Kepler-835 b",2.91000000,918.00,11.41909375000,
"Kepler-392 c",1.07000000,901.00,10.42317343000,
"Kepler-1190 b",1.30000000,581.00,10.45854000000,
"Kepler-623 b",3.23000000,825.00,9.07097734000,
"Kepler-788 b",2.16000000,978.00,8.39846269000,
"Kepler-1638 b",1.70000000,281.00,259.33683000000,
"Kepler-130 c",2.85000000,660.00,27.50867519000,
"Kepler-87 c",4.96000000,259.00,573.95023000000,
"Kepler-1805 b",1.01000000,436.00,8.84786839000,
"Kepler-136 b",1.97000000,912.00,11.57891140000,
"Kepler-1494 b",3.34000000,415.00,91.08048200000,
"Kepler-934 b",2.53000000,420.00,55.67383090000,
"Kepler-290 b",2.18000000,596.00,14.58932462000,
"Kepler-1193 b",1.13000000,1375.00,2.83265213400,
"Kepler-158 b",2.53000000,500.00,16.70920692000,
"Kepler-1086 c",2.74000000,203.00,161.51633450000,
"Kepler-1398 b",0.77000000,1382.00,2.78815679000,
"Kepler-1899 b",1.76000000,852.00,4.09577947000,
"Kepler-151 c",2.20000000,542.00,24.67424000000,
"Kepler-1222 b",0.90000000,1170.00,1.91699200000,
"Kepler-1977 b",1.57000000,811.00,4.53700111000,
"Kepler-969 c",1.16000000,1424.00,1.68293460400,
"Kepler-1064 b",1.57000000,570.00,16.54081386000,
"Kepler-1890 b",0.84000000,1350.00,4.82052932000,
"Kepler-1464 c",0.89000000,1023.00,5.32786292000,
"Kepler-549 b",2.66000000,469.00,42.94956490000,
"Kepler-197 b",1.18000000,1157.00,5.59935000000,
"Kepler-1092 b",2.30000000,510.00,58.60030000000,
"Kepler-55 b",3.35000000,409.00,27.95379590000,
"Kepler-784 b",2.24000000,741.00,31.59226460000,
"Kepler-304 c",2.60000000,748.00,5.31596500000,
"Kepler-107 d",1.07000000,1075.00,7.95830216000,
"Kepler-373 b",1.47000000,968.00,5.53530100000,
"Kepler-106 c",2.47000000,791.00,13.57073300000,
"Kepler-1734 b",2.12000000,985.00,6.79684436000,
"Kepler-1957 b",0.82000000,1099.00,2.18659922000,
"Kepler-221 b",1.49000000,1082.00,2.79589407300,
"Kepler-208 e",1.72000000,880.00,16.25951967000,
"Kepler-224 c",3.15000000,758.00,5.92499392700,
"Kepler-1172 b",3.26000000,586.00,26.02044230000,
"Kepler-885 b",2.15000000,853.00,18.11450000000,
"KOI-134 b",12.10000000,588.00,67.59237540000,
"Kepler-1614 b",1.56000000,981.00,3.94661410000,
"Kepler-1311 c",1.05000000,1539.00,2.53573424000,
"Kepler-163 c",2.23000000,623.00,21.34736120000,
"Kepler-834 b",1.26000000,378.00,13.32389352000,
"Kepler-1433 b",1.33000000,1215.00,4.13592271000,
"Kepler-1034 b",2.27000000,663.00,12.12400943000,
"Kepler-1884 b",1.17000000,864.00,8.98825111000,
"Kepler-734 b",3.18000000,784.00,6.10484941700,
"Kepler-229 c",5.27000000,571.00,16.06862959000,
"Kepler-296 b",1.53000000,434.00,10.86431000000,
"Kepler-174 b",2.02000000,508.00,13.98181400000,
"Kepler-1370 b",1.94000000,781.00,20.26427000000,
"Kepler-239 c",2.19000000,365.00,56.22796970000,
"Kepler-896 b",2.90000000,303.00,144.54310000000,
"Kepler-316 b",1.19000000,815.00,2.24048639100,
"Kepler-1493 b",0.84000000,677.00,15.02179830000,
"Kepler-1766 b",1.88000000,404.00,105.01290000000,
"Kepler-310 d",2.38000000,380.00,92.87503470000,
"Kepler-1870 b",2.03000000,1178.00,3.60694152600,
"Kepler-1267 b",2.20000000,699.00,13.03139450000,
"Kepler-1388 e",2.25000000,299.00,37.63338680000,
"Kepler-881 b",1.71000000,1217.00,4.44448260000,
"Kepler-100 b",1.31000000,1163.00,6.88706037000,
"Kepler-709 b",3.30000000,604.00,16.08535100000,
"Kepler-124 b",0.93000000,979.00,3.41050500000,
"Kepler-427 b",9.83000000,884.00,10.29099375500,
"Kepler-1283 b",1.13000000,764.00,12.94625670000,
"Kepler-1140 b",2.93000000,500.00,24.08627070000,
"Kepler-149 b",3.77000000,531.00,29.19898380000,
"Kepler-1879 b",1.32000000,876.00,10.61345435000,
"Kepler-1511 b",2.28000000,903.00,23.23827920000,
"Kepler-629 b",1.43000000,846.00,7.23858540000,
"Kepler-1869 b",1.03000000,865.00,8.16733851000,
"Kepler-385 b",2.29000000,895.00,10.04325000000,
"Kepler-1768 b",2.54000000,933.00,15.13591895000,
"Kepler-272 d",2.00000000,718.00,10.93711000000,
"Kepler-327 d",2.04000000,387.00,13.96950181000,
"Kepler-87 b",12.28000000,476.00,114.73658000000,
"Kepler-500 b",2.40000000,851.00,8.50835500000,
"Kepler-154 d",3.29000000,633.00,20.54981883000,
"Kepler-189 b",1.17000000,664.00,10.40006000000,
"Kepler-1386 b",1.48000000,1011.00,6.73968289000,
"Kepler-1752 b",5.26000000,419.00,56.35922360000,
"Kepler-324 b",1.11000000,941.00,4.38536461000,
"Kepler-233 c",2.72000000,390.00,60.41861370000,
"Kepler-852 b",2.78000000,628.00,44.93098040000,
"Kepler-760 c",2.01000000,1358.00,2.46697439000,
"Kepler-962 b",1.59000000,652.00,12.05707239000,
"KOI-3503 c",0.80000000,589.00,31.82453040000,
"Kepler-529 b",1.92000000,1582.00,1.98036190000,
"Kepler-383 b",1.39000000,564.00,12.90475463000,
"Kepler-1073 d",1.16000000,1235.00,2.50475882000,
"Kepler-295 d",1.72000000,541.00,33.88489000000,
"Kepler-405 c",3.81000000,555.00,29.72721420000,
"Kepler-774 b",3.51000000,1422.00,11.08956602000,
"Kepler-1421 b",0.91000000,1209.00,6.91317320000,
"Kepler-1350 b",2.13000000,535.00,4.49686040000,
"Kepler-955 b",3.19000000,664.00,14.53244172000,
"Kepler-384 b",1.12000000,620.00,22.59659990000,
"Kepler-477 b",1.84000000,636.00,11.11990653000,
"Kepler-323 b",1.81000000,1918.00,1.67833800000,
"Kepler-339 d",1.16000000,742.00,10.55838956000,
"Kepler-346 b",2.71000000,1008.00,6.51111985000,
"Kepler-1006 b",2.60000000,793.00,19.76191000000,
"Kepler-704 b",2.10000000,1102.00,3.76184900000,
"Kepler-216 b",2.12000000,1069.00,7.69363627000,
"Kepler-1869 c",1.57000000,2124.00,1.71683171700,
"Kepler-943 b",5.80000000,464.00,49.76999000000,
"Kepler-1400 b",1.63000000,726.00,9.06689421000,
"Kepler-294 b",1.79000000,1162.00,3.70120482000,
"Kepler-618 b",2.39000000,1252.00,3.59576964500,
"Kepler-1991 c",2.02000000,571.00,22.78983000000,
"Kepler-1714 b",3.04000000,1211.00,10.27532513000,
"Kepler-205 c",1.29000000,343.00,20.30655662000,
"Kepler-394 d",1.41000000,1165.00,5.61357653000,
"Kepler-341 c",1.73000000,948.00,8.01041305000,
"Kepler-1055 b",1.18000000,1304.00,2.29503515000,
"Kepler-1711 b",1.94000000,685.00,21.06075647000,
"Kepler-1997 b",2.28000000,660.00,26.75758660000,
"Kepler-823 b",1.95000000,1204.00,4.16809082000,
"Kepler-297 d",32.60000000,325.00,150.01895110000,
"Kepler-353 b",1.05000000,534.00,5.79529495000,
"Kepler-1979 b",5.28000000,683.00,18.50844050000,
"Kepler-1417 b",1.01000000,695.00,20.35047040000,
"Kepler-749 b",2.10000000,454.00,17.31716585000,
"Kepler-1116 b",2.37000000,489.00,41.69778270000,
"Kepler-1427 b",1.09000000,1851.00,0.96897237600,
"Kepler-238 d",2.30000000,722.00,13.23580000000,
"Kepler-58 b",2.33000000,920.00,10.21864532000,
"Kepler-464 b",3.38000000,1167.00,7.25696522400,
"Kepler-154 f",1.26000000,806.00,9.91935684000,
"Kepler-1138 b",1.69000000,1080.00,3.17059731000,
"Kepler-837 b",3.80000000,755.00,16.56062000000,
"Kepler-303 b",0.99000000,790.00,1.93702900000,"M0 V"
"Kepler-838 b",2.85000000,774.00,15.74957994000,
"Kepler-59 b",1.02000000,866.00,11.86915070000,
"Kepler-496 b",1.97000000,700.00,8.30864937000,
"Kepler-1907 b",0.88000000,856.00,5.65243986000,
"Kepler-712 b",3.12000000,539.00,21.02247699000,
"Kepler-504 b",1.82000000,372.00,9.54927542200,
"Kepler-1298 b",1.36000000,1373.00,7.12815163000,
"Kepler-1250 b",2.07000000,1431.00,2.60754515900,
"Kepler-417 b",2.49000000,671.00,12.33090437000,
"Kepler-117 b",6.04000000,808.00,18.79590048000,
"Kepler-526 b",1.91000000,1099.00,5.45849914000,
"Kepler-578 b",2.54000000,1536.00,1.61688369600,
"Kepler-32 d",2.29000000,327.00,22.78076945000,
"Kepler-192 c",2.63000000,623.00,21.22349325000,
"Kepler-1425 b",0.72000000,676.00,14.45403290000,
"Kepler-1349 b",0.69000000,1678.00,2.12823928000,
"Kepler-1291 b",1.57000000,741.00,8.63043276000,
"Kepler-927 b",1.78000000,906.00,9.11499030000,
"Kepler-1423 b",2.84000000,741.00,23.95539860000,
"Kepler-33 c",2.68000000,1009.00,13.17556672000,
"Kepler-524 c",1.03000000,1717.00,1.88897906000,
"Kepler-129 b",1.96000000,827.00,15.79186000000,
"Kepler-1386 b",1.09000000,930.00,6.73972381000,
"Kepler-1788 b",1.97000000,956.00,2.80011812400,
"Kepler-241 b",2.31000000,562.00,12.71809866000,
"Kepler-1160 b",1.97000000,842.00,7.97034958000,
"Kepler-869 b",3.25000000,496.00,40.42877550000,
"Kepler-62 b",1.33000000,737.00,5.71489071700,
"Kepler-292 d",2.57000000,879.00,7.05566710000,
"Kepler-444 e",0.42000000,669.00,7.74347614000,
"Kepler-983 b",2.12000000,496.00,60.08556000000,
"Kepler-903 c",1.98000000,422.00,62.91470000000,
"Kepler-392 c",1.31000000,1088.00,10.42312041000,
"Kepler-216 c",2.50000000,764.00,17.40665938000,
"Kepler-33 b",1.54000000,1336.00,5.66815436000,
"Kepler-1846 b",0.99000000,556.00,14.82004540000,
"Kepler-24 b",3.11000000,993.00,8.14511872000,
"Kepler-1542 c",0.83000000,1417.00,2.89223021000,
"Kepler-11 e",4.12000000,582.00,31.99552485000,
"Kepler-553 c",10.99000000,224.00,328.24020100000,
"Kepler-480 b",2.43000000,1264.00,4.91958379500,
"Kepler-1779 b",2.50000000,646.00,16.34356447000,
"Kepler-1211 b",2.69000000,840.00,11.01816836000,
"Kepler-1189 b",1.23000000,1242.00,3.78875300000,
"Kepler-707 b",1.35000000,1129.00,2.23749275100,
"Kepler-146 c",3.08000000,473.00,76.73245560000,
"Kepler-116 c",1.85000000,912.00,13.07148900000,
"Kepler-193 b",2.44000000,917.00,11.38839971000,
"Kepler-943 b",5.36000000,457.00,49.77014380000,
"Kepler-917 b",1.85000000,999.00,2.97041437500,
"Kepler-1901 b",1.39000000,1223.00,3.48412534000,
"Kepler-255 c",3.01000000,768.00,9.94603603000,
"Kepler-176 b",1.61000000,841.00,5.43313290200,
"Kepler-1713 b",1.75000000,893.00,18.01167665000,
"Kepler-620 b",2.74000000,849.00,12.91375431000,
"Kepler-1129 c",2.75000000,471.00,76.53695860000,
"Kepler-1264 b",0.99000000,1823.00,0.96852602300,
"EPIC 212587672 b",1.26000000,756.00,15.28078000000,
"Kepler-576 b",2.90000000,541.00,29.91118860000,
"Kepler-1885 b",25.82000000,1205.00,2.52259056700,
"Kepler-700 b",4.73000000,376.00,80.87206390000,
"Kepler-393 b",1.51000000,1228.00,9.18247194000,
"Kepler-220 b",0.81000000,789.00,4.15982100000,
"Kepler-431 d",1.22000000,1109.00,11.92162140000,
"Kepler-619 b",2.69000000,1073.00,5.40427219700,
"Kepler-1981 b",9.23000000,390.00,453.54212000000,
"Kepler-1230 b",2.85000000,946.00,9.95661537000,
"Kepler-1561 b",0.89000000,1683.00,1.00520700700,
"Kepler-1008 b",2.83000000,927.00,12.43931193000,
"Kepler-116 b",3.26000000,1251.00,5.96872404800,
"Kepler-1923 b",1.13000000,437.00,52.60794700000,
"Kepler-267 d",2.01000000,303.00,28.46462622000,
"Kepler-771 b",1.67000000,890.00,8.73485836000,
"Kepler-85 d",1.39000000,626.00,17.91342150000,
"Kepler-769 c",1.62000000,803.00,15.98689320000,
"Kepler-200 b",2.92000000,1046.00,8.59479202000,
"Kepler-418 b",9.83000000,434.00,86.67856052000,
"Kepler-156 b",2.51000000,853.00,4.97345141100,
"Kepler-340 b",4.61000000,1672.00,14.84441630000,
"Kepler-1149 b",1.48000000,1128.00,3.73090026000,
"Kepler-897 b",1.95000000,854.00,8.04726420000,
"Kepler-142 d",1.43000000,587.00,41.80876680000,
"Kepler-1684 b",2.89000000,347.00,47.70525660000,
"Kepler-1981 b",3.71000000,270.00,453.54399900000,
"Kepler-1549 b",2.71000000,266.00,214.88654500000,
"Kepler-1950 b",1.06000000,753.00,10.77704620000,
"Kepler-625 c",1.18000000,1202.00,4.16536510000,
"Kepler-515 b",1.50000000,564.00,19.96367208000,
"Kepler-275 b",2.25000000,1021.00,10.30065512000,
"Kepler-1080 b",3.63000000,473.00,77.25570000000,
"Kepler-92 d",1.84000000,608.00,49.35899000000,
"Kepler-1435 b",0.94000000,1427.00,4.45343281000,
"Kepler-153 b",2.87000000,621.00,18.87021566000,
"Kepler-446 c",2.10000000,583.00,3.03621679000,
"Kepler-1191 b",1.52000000,893.00,5.60014851000,
"Kepler-921 b",2.07000000,492.00,51.30118440000,
"Kepler-193 c",2.85000000,558.00,50.69844480000,
"Kepler-1521 b",2.58000000,391.00,47.14843240000,
"Kepler-1076 b",0.81000000,770.00,6.14727918000,
"Kepler-951 b",6.21000000,346.00,71.52530845000,
"Kepler-165 c",2.24000000,605.00,15.31297659000,
"Kepler-1904 b",1.53000000,606.00,4.57702600000,
"Kepler-328 b",3.33000000,600.00,34.91765920000,
"Kepler-1014 b",2.21000000,619.00,16.57110363000,
"Kepler-280 c",1.84000000,1004.00,4.80709958800,
"Kepler-229 c",5.27000000,571.00,16.06862959000,
"K2-272 b",3.13000000,747.00,14.45367560000,
"Kepler-271 d",0.71000000,978.00,5.24972541000,
"Kepler-884 b",1.46000000,1098.00,5.69921500000,
"Kepler-399 d",2.80000000,420.00,58.03438000000,
"Kepler-1081 b",2.00000000,1372.00,3.85687400000,
"Kepler-174 c",1.46000000,346.00,44.00042870000,
"Kepler-1129 b",5.09000000,737.00,24.33982020000,
"Kepler-119 c",0.90000000,1017.00,4.12512093000,
"Kepler-1437 b",1.52000000,767.00,10.92944000000,
"Kepler-288 d",2.87000000,492.00,56.63440000000,
"Kepler-975 b",3.35000000,1598.00,1.97034245700,
"Kepler-921 b",2.70000000,494.00,51.30020000000,
"Kepler-20 e",0.82000000,927.00,6.09853672000,
"Kepler-1791 b",1.96000000,1077.00,7.72084349000,
"Kepler-244 b",2.70000000,983.00,4.31180200000,
"Kepler-1799 b",2.67000000,770.00,11.92976844000,
"Kepler-565 b",3.16000000,1063.00,4.24374809700,
"Kepler-1380 b",1.34000000,786.00,10.31082450000,
"Kepler-1987 b",1.09000000,945.00,2.34587000000,
"Kepler-430 b",2.06000000,616.00,35.96823440000,
"Kepler-1808 b",2.21000000,601.00,23.34036251000,
"Kepler-104 b",2.35000000,852.00,11.42755098400,
"Kepler-782 b",3.73000000,390.00,158.68533080000,
"Kepler-590 b",3.51000000,1056.00,5.85296257000,
"Kepler-149 c",1.67000000,436.00,55.32913990000,
"Kepler-527 b",2.18000000,893.00,13.28535633000,
"Kepler-1317 b",1.51000000,1801.00,0.56887442700,
"Kepler-1635 b",3.24000000,200.00,469.61309000000,
"Kepler-1871 b",1.97000000,1403.00,1.95271006400,
"Kepler-1511 b",2.28000000,903.00,23.23827920000,
"Kepler-1258 b",0.95000000,1856.00,0.98493800000,
"Kepler-1485 b",1.42000000,726.00,19.91577250000,
"Kepler-393 c",1.40000000,1052.00,14.61342510000,
"Kepler-220 c",1.80000000,586.00,9.03419078300,
"Kepler-31 b",5.28000000,781.00,20.86021267000,
"Kepler-103 b",2.94000000,805.00,15.96534900000,
"Kepler-704 b",2.59000000,1120.00,3.76182115000,
"Kepler-321 c",2.34000000,739.00,13.09392200000,
"Kepler-1431 b",1.45000000,1064.00,5.86601270000,
"Kepler-279 b",2.60000000,996.00,12.30971700000,
"Kepler-1697 b",2.13000000,630.00,33.49763130000,
"Kepler-208 c",1.49000000,1134.00,7.46662197000,
"Kepler-1850 b",0.54000000,989.00,1.38578595600,
"Kepler-732 b",2.58000000,450.00,9.46783900000,
"Kepler-82 e",2.55000000,970.00,5.90224692100,
"Kepler-1151 b",2.49000000,456.00,65.64784240000,
"Kepler-1437 b",1.32000000,773.00,10.92954610000,
"Kepler-865 b",2.42000000,694.00,14.16399294000,
"Kepler-165 c",2.24000000,605.00,15.31297659000,
"Kepler-1893 b",1.60000000,1198.00,4.17938195000,
"Kepler-510 b",3.90000000,995.00,19.55663000000,
"VHS J125601.92-125723.9 b",13.67495645,1194.00,5800000.00000000000,
"Kepler-476 b",2.54000000,752.00,14.00640600000,
"Kepler-883 b",1.53000000,834.00,12.98495573000,
"Kepler-1854 b",1.28000000,401.00,39.83131530000,
"Kepler-531 b",2.77000000,453.00,29.88485741000,
"Kepler-1538 b",3.06000000,346.00,175.13892000000,
"Kepler-1485 b",1.42000000,726.00,19.91577250000,
"Kepler-819 b",2.56000000,468.00,33.19956480000,
"Kepler-1551 b",2.56000000,714.00,24.49736980000,
"Kepler-647 b",1.39000000,832.00,16.22547000000,
"Kepler-756 b",1.54000000,1741.00,1.22486644100,
"Kepler-990 c",1.31000000,2233.00,0.53835430800,
"Kepler-1907 c",1.59000000,608.00,14.86398000000,
"Kepler-1029 b",1.20000000,852.00,4.41769647900,
"Kepler-1990 b",3.76000000,1664.00,1.73513602600,
"Kepler-142 d",1.58000000,559.00,41.80925000000,
"Kepler-573 b",2.06000000,583.00,22.18329658000,
"Kepler-205 b",1.49000000,795.00,2.75562810000,
"Kepler-336 d",1.66000000,651.00,20.67879355000,
"Kepler-1764 b",3.57000000,514.00,70.46802660000,
"Kepler-1499 b",1.19000000,409.00,44.20080000000,
"Kepler-11 e",4.18000000,583.00,31.99546700000,
"Kepler-1686 b",1.16000000,913.00,9.30989826000,
"Kepler-962 b",1.59000000,652.00,12.05707239000,
"Kepler-1279 b",1.44000000,738.00,23.47741010000,
"Kepler-288 c",3.03000000,728.00,19.30577159000,
"Kepler-164 c",2.84000000,881.00,10.94577783000,
"Kepler-825 c",1.71000000,981.00,8.18182460000,
"KOI-1599.01",2.90000000,660.00,20.40748460000,
"Kepler-1700 b",3.14000000,335.00,234.24425700000,
"Kepler-1847 b",2.13000000,843.00,11.12968583000,
"Kepler-832 b",2.33000000,965.00,7.13969410000,
"Kepler-233 c",2.40000000,381.00,60.41916000000,
"Kepler-81 c",2.18000000,502.00,12.03987488000,
"Kepler-327 b",1.20000000,744.00,2.54955900000,
"Kepler-416 d",1.68000000,1343.00,3.07645208300,
"Kepler-1570 b",2.57000000,836.00,26.54895500000,
"Kepler-1926 b",2.67000000,451.00,42.87741690000,
"Kepler-254 d",2.89000000,674.00,18.74656000000,
"Kepler-1725 b",2.73000000,782.00,16.71979000000,
"Kepler-529 d",1.78000000,601.00,35.86286000000,
"Kepler-949 b",2.90000000,729.00,8.68929800000,
"Kepler-684 b",2.66000000,813.00,6.77030200800,
"Kepler-693 b",10.45000000,576.00,15.37563332000,
"Kepler-1553 b",1.11000000,939.00,4.24261881000,
"Kepler-266 b",2.51000000,990.00,6.61834191000,
"Kepler-1181 c",1.57000000,1111.00,8.93490815000,
"Kepler-322 c",1.59000000,1016.00,4.33722403900,
"Kepler-388 c",0.96000000,515.00,13.29706969000,
"Kepler-585 b",3.40000000,1355.00,2.75236230000,
"Kepler-1250 b",2.19000000,1444.00,2.60754383400,
"Kepler-747 b",5.17000000,456.00,35.61760233000,
"Kepler-601 b",1.77000000,836.00,5.37886844100,
"Kepler-977 b",2.60000000,535.00,26.85336000000,
"Kepler-1248 b",1.16000000,1060.00,7.46725407000,
"Kepler-33 e",3.55000000,752.00,31.78481570000,
"Kepler-298 c",2.26000000,436.00,22.92884482000,
"Kepler-1681 b",1.84000000,387.00,69.89571580000,
"Kepler-206 d",0.95000000,655.00,23.44323530000,
"Kepler-1818 b",1.54000000,1200.00,4.64488000000,
"Kepler-208 c",1.49000000,1134.00,7.46662197000,
"Kepler-758 d",2.96000000,843.00,20.49727550000,
"Kepler-808 b",1.10000000,1324.00,0.63133235300,
"Kepler-1762 b",2.74000000,735.00,29.53913280000,
"Kepler-292 b",1.65000000,1229.00,2.58082149000,
"Kepler-1118 b",2.56000000,502.00,38.67150750000,
"Kepler-1129 b",2.98000000,690.00,24.33978040000,
"Kepler-998 b",1.88000000,1020.00,5.65377733000,
"Kepler-438 b",0.98000000,273.00,35.23318000000,
"Kepler-1306 b",1.76000000,676.00,16.29595382000,
"Kepler-255 d",1.37000000,1628.00,1.04562265800,
"Kepler-1679 b",2.18000000,813.00,9.75369069000,
"Kepler-1640 b",5.83000000,1228.00,7.58442410000,
"K2-272 b",2.91000000,655.00,14.45353300000,
"Kepler-1055 b",1.09000000,1290.00,2.29503623300,
"Kepler-1602 b",0.97000000,883.00,11.17931605000,
"Kepler-1527 b",3.26000000,338.00,160.12991800000,
"Kepler-1666 b",2.55000000,680.00,25.84723000000,
"Kepler-579 b",1.70000000,730.00,9.66857723000,
"Kepler-1603 b",0.97000000,1522.00,2.27164952000,
"Kepler-1251 b",1.86000000,487.00,45.09046430000,
"Kepler-1370 c",1.33000000,1075.00,7.44136102000,
"Kepler-577 b",2.37000000,467.00,25.69597000000,
"Kepler-1795 b",1.91000000,525.00,13.36020599000,
"Kepler-184 d",2.80000000,567.00,29.02277000000,
"Kepler-810 b",1.55000000,1081.00,4.59731000000,
"Kepler-1865 b",1.56000000,1203.00,2.52401811500,
"Kepler-296 e",1.40000000,297.00,34.14247000000,
"Kepler-535 b",2.05000000,1169.00,4.90332155100,
"Kepler-952 b",6.70000000,359.00,130.35148000000,
"Kepler-1987 b",1.27000000,1003.00,2.34585857800,
"Kepler-107 d",1.07000000,1075.00,7.95830216000,
"Kepler-1804 b",3.77000000,960.00,12.28859000000,
"Kepler-1895 b",1.41000000,796.00,6.07032030000,
"Kepler-684 b",2.66000000,813.00,6.77030200800,
"Kepler-1916 b",2.43000000,646.00,31.25483470000,
"Kepler-752 b",2.92000000,632.00,18.82747265000,
"Kepler-262 c",1.74000000,618.00,21.85367910000,
"Kepler-1416 b",1.20000000,1709.00,1.49515000000,
"Kepler-271 c",1.02000000,872.00,7.41086267000,
"Kepler-243 b",2.48000000,842.00,5.71542485000,
"Kepler-84 e",2.30000000,636.00,27.43458830000,
"Kepler-1490 b",2.59000000,349.00,92.43629730000,
"Kepler-364 b",1.45000000,728.00,25.74575290000,
"Kepler-29 c",1226.40000000,714.00,13.28689074000,
"Kepler-326 d",1.31000000,781.00,6.76690759000,
"Kepler-1673 b",2.62000000,604.00,33.78882491000,
"Kepler-774 b",2.49000000,1204.00,11.08957230000,
"K2-44 b",2.16000000,1211.00,5.65706000000,
"Kepler-1368 b",1.44000000,2086.00,0.67564948600,
"Kepler-239 c",2.37000000,366.00,56.22792710000,
"Kepler-516 b",7.61000000,1095.00,24.85466504000,
"Kepler-1123 b",2.11000000,1061.00,4.33945690000,
"Kepler-101 c",1.25000000,1413.00,6.02976000000,"G3 IV"
"Kepler-625 b",1.89000000,852.00,7.75192755000,
"Kepler-1338 b",0.92000000,2021.00,0.93511805700,
"Kepler-1418 b",1.32000000,419.00,22.47644250000,
"Kepler-1739 b",1.90000000,838.00,7.34372823000,
"Kepler-1487 c",3.02000000,599.00,35.80228450000,
"Kepler-553 c",10.70000000,228.00,328.24020000000,
"TIC 46432937 b",13.31626907,872.00,1.44044527000,
"Kepler-1983 b",3.70000000,744.00,7.32850500000,
"Kepler-298 b",2.21000000,566.00,10.47548192000,
"Kepler-1851 b",18.49000000,776.00,12.02298773000,
"Kepler-1081 b",1.88000000,1385.00,3.85691854700,
"Kepler-138 b",0.79000000,491.00,10.31202000000,
"Kepler-507 b",1.36000000,1407.00,3.56809961200,
"Kepler-1895 b",1.41000000,796.00,6.07032030000,
"Kepler-1575 b",1.33000000,1312.00,2.55314213000,
"Kepler-224 b",1.50000000,979.00,3.13295162500,
"Kepler-907 b",1.18000000,874.00,15.86621821000,
"Kepler-1131 b",1.44000000,1189.00,3.53232449000,
"Kepler-1491 c",1.62000000,449.00,61.56946200000,
"Kepler-319 b",3.24000000,1447.00,4.36274436200,
"Kepler-1956 b",1.15000000,674.00,5.94375659000,
"Kepler-1770 b",2.95000000,699.00,16.84192204000,
"Kepler-1357 b",1.12000000,1163.00,3.00913240000,
"Kepler-1144 b",1.82000000,661.00,17.14624000000,
"Kepler-564 b",4.74000000,1129.00,3.75083228500,
"Kepler-1067 c",1.33000000,931.00,5.42587228000,
"Kepler-126 c",1.51000000,790.00,21.86965714000,
"Kepler-1277 b",1.37000000,491.00,40.83640000000,
"Kepler-921 b",2.90000000,492.00,51.30063400000,
"Kepler-1552 b",2.17000000,251.00,184.77185300000,
"Kepler-1142 b",1.22000000,629.00,18.30272480000,
"Kepler-479 b",2.01000000,642.00,12.49341307000,
"Kepler-1480 b",3.94000000,721.00,22.12708850000,
"Kepler-1642 b",5.83000000,895.00,12.20575130000,
"Kepler-612 b",2.42000000,1051.00,3.72215641300,
"Kepler-374 c",1.09000000,1226.00,3.28280266000,
"Kepler-860 b",2.91000000,1050.00,5.10137945400,
"Kepler-1994 b",0.55000000,1026.00,4.61226344000,
"Kepler-1251 b",1.86000000,487.00,45.09046430000,
"Kepler-296 b",35.38000000,358.00,10.86443187000,
"Kepler-127 d",2.54000000,593.00,48.63038976000,
"Kepler-356 b",1.45000000,1280.00,4.61266100000,
"Kepler-1475 b",2.20000000,441.00,82.17737400000,
"Kepler-1725 b",2.37000000,749.00,16.71987223000,
"Kepler-155 b",1.90000000,663.00,5.93121700000,
"Kepler-1702 b",1.56000000,557.00,18.50101970000,
"Kepler-1601 b",0.84000000,1507.00,2.20923119000,
"K2-181 b",2.83587212,1015.00,6.89381300000,
"Kepler-1533 b",2.36000000,298.00,308.54710000000,
"Kepler-1277 b",1.32000000,474.00,40.83650120000,
"Kepler-1982 b",1.04000000,1554.00,3.82316376000,
"Kepler-158 c",1.90000000,418.00,28.55156868000,
"Kepler-1480 b",2.97000000,721.00,22.12679948000,
"Kepler-1019 b",1.36000000,1049.00,1.41122984700,
"Kepler-277 b",2.96000000,923.00,17.32417247000,
"Kepler-211 b",1.30000000,954.00,4.13852825000,
"Kepler-634 b",1.61000000,1222.00,5.16950177000,
"Kepler-1632 b",1.66000000,232.00,448.30355800000,
"Kepler-87 b",9.51000000,444.00,114.73635190000,
"Kepler-245 d",3.03000000,445.00,36.27612380000,
"Kepler-290 b",2.22000000,575.00,14.58950100000,
"Kepler-1993 b",4.15000000,903.00,26.65657370000,
"Kepler-257 d",5.67000000,568.00,24.66459711000,
"Kepler-26 e",2.11000000,273.00,46.82771400000,
"Kepler-899 b",2.57000000,640.00,19.17891293000,
"Kepler-766 b",2.80000000,990.00,6.10027804000,
"Kepler-1759 b",1.03000000,954.00,3.72020177000,
"Kepler-1599 b",1.83000000,408.00,122.36355300000,
"KIC 9663113 b",3.78000000,232.00,572.38327700000,
"Kepler-167 b",1.71000000,899.00,4.39315652300,
"Kepler-1288 b",1.31000000,1413.00,2.76121000000,
"Kepler-204 b",2.23000000,806.00,14.40094471000,
"Kepler-236 b",1.96000000,504.00,8.29561000000,
"Kepler-404 c",1.63000000,678.00,14.75120340000,
"Kepler-112 b",2.28000000,809.00,8.40887813700,
"Kepler-593 b",2.60000000,706.00,21.21708973000,
"Kepler-219 d",2.56000000,565.00,47.90352110000,
"Kepler-171 c",2.80000000,727.00,11.46352700000,
"Kepler-1402 b",1.60000000,1789.00,2.03387483000,
"Kepler-1022 b",2.02000000,512.00,10.99461500000,
"Kepler-24 c",2.90000000,870.00,12.33354000000,
"Kepler-157 d",1.32000000,949.00,7.02573474000,
"Kepler-1992 b",0.91000000,693.00,15.61122300000,
"Kepler-969 b",2.35000000,522.00,34.17317140000,
"Kepler-236 b",1.82000000,469.00,8.29561738000,
"Kepler-832 b",2.33000000,965.00,7.13969410000,
"Kepler-918 b",1.44000000,1102.00,4.85386933000,
"Kepler-1028 b",1.31000000,1223.00,2.51462432000,
"Kepler-827 b",8.49000000,574.00,51.92920654000,
"Kepler-1380 b",1.27000000,786.00,10.31082320000,
"Kepler-1747 b",3.20000000,821.00,6.23022700000,
"Kepler-1046 b",1.61000000,776.00,14.37508035000,
"Kepler-1243 b",1.64000000,685.00,16.83207290000,
"Kepler-380 c",1.62000000,1124.00,7.63018000000,
"Kepler-977 b",2.76000000,544.00,26.85328322000,
"Kepler-138 c",1.58000000,398.00,13.78104973000,"M1 V"
"Kepler-1800 b",2.82000000,1533.00,4.56204070000,
"Kepler-826 b",0.89000000,1043.00,4.48758907000,
"Kepler-344 c",3.19000000,360.00,125.60230200000,
"Kepler-770 b",1.93000000,585.00,18.92540274000,
"Kepler-130 d",1.37000000,448.00,87.51743610000,
"Kepler-1668 b",4.47000000,721.00,15.43397750000,
"Kepler-1877 b",0.48000000,1227.00,2.37752807000,
"Kepler-898 b",1.38000000,603.00,5.87061910000,
"Kepler-60 b",1.97000000,1202.00,7.13294363000,
"Kepler-200 c",1.99000000,987.00,10.22214214000,
"Kepler-251 d",4.25000000,624.00,30.13293030000,
"Kepler-253 d",3.17000000,569.00,18.11989364000,
"Kepler-620 b",2.49000000,849.00,12.91385906000,
"Kepler-526 b",1.84000000,1103.00,5.45851000000,
"Kepler-369 c",1.32000000,339.00,14.87153514000,
"Kepler-525 b",3.54000000,803.00,18.68421000000,
"Kepler-710 b",2.36000000,1174.00,4.34728878300,
"Kepler-118 b",1.67000000,861.00,7.51849479000,
"Kepler-1276 b",1.09000000,909.00,12.57200950000,
"Kepler-82 b",3.91000000,562.00,26.44439337000,
"Kepler-1666 b",2.57000000,672.00,25.84745960000,
"Kepler-110 c",3.54000000,786.00,31.71982498000,
"Kepler-32 d",2.18000000,326.00,22.78033066000,"M1 V"
"Kepler-144 c",1.10000000,923.00,10.10463505000,
"Kepler-1822 b",1.76000000,507.00,22.13342240000,
"Kepler-11 f",2.74000000,513.00,46.68580240000,
"Kepler-194 b",1.48000000,1514.00,2.09226999300,
"Kepler-328 c",5.40000000,455.00,71.31010000000,
"Kepler-764 b",1.80000000,886.00,7.33674000000,
"Kepler-1562 b",4.72000000,570.00,64.27377520000,
"K2-33 b",5.76000000,850.00,5.42513000000,"M3"
"Kepler-736 b",2.90000000,1003.00,3.60147201000,
"Kepler-1082 b",0.80000000,1535.00,1.54320660400,
"Kepler-225 b",1.26000000,465.00,6.73880005000,"M1 V"
"Kepler-1868 b",3.69000000,212.00,211.03387410000,
"Kepler-1403 b",2.24000000,1251.00,5.19492202000,
"Kepler-1969 b",1.72000000,999.00,6.64752101000,
"Kepler-305 c",3.10000000,729.00,8.29085800000,
"Kepler-103 b",3.48600000,973.00,15.96532870000,
"Kepler-1200 b",1.01000000,1123.00,1.11855700000,
"Kepler-357 b",1.90000000,804.00,6.47538919000,
"Kepler-758 b",2.02000000,979.00,12.10995000000,
"Kepler-1072 b",1.35000000,1713.00,1.56906000000,
"Kepler-743 b",1.22000000,1097.00,3.17926292100,
"Kepler-169 c",1.37000000,776.00,6.19545950000,
"Kepler-609 b",2.60000000,932.00,6.52121066600,
"Kepler-36 c",3.54000000,926.00,16.23191704000,
"Kepler-1728 b",2.76000000,886.00,4.78300451000,
"K2-331 b",1.79000000,909.00,9.39897700000,
"Kepler-308 c",2.19000000,715.00,15.38250060000,
"K2-338 b",1.03000000,783.00,3.85061400000,
"Kepler-1837 b",1.43000000,1012.00,5.90609759000,
"Kepler-327 d",2.14000000,423.00,13.96940700000,
"KOI-351 h",10.89000000,294.00,331.59727320000,
"Kepler-1266 c",1.35000000,799.00,4.86643000000,
"Kepler-394 c",1.70000000,895.00,12.13123000000,
"Kepler-1380 b",1.80000000,774.00,10.31053100000,
"Kepler-200 c",1.99000000,987.00,10.22214214000,
"Kepler-1016 c",3.50000000,392.00,105.65513690000,
"Kepler-283 b",3.25000000,653.00,11.00815926000,
"Kepler-121 b",2.65000000,997.00,3.17741460100,
"K2-233 d",2.36300000,525.00,24.36810000000,"K3"
"Kepler-563 b",3.40000000,529.00,22.18431200000,
"Kepler-913 c",1.72000000,849.00,5.93918879000,
"Kepler-937 c",2.14000000,377.00,153.34873900000,
"Kepler-772 b",1.96000000,855.00,12.99207337000,
"Kepler-991 b",2.45000000,260.00,82.53411880000,
"K2-226 b",1.54000000,1120.00,3.27108000000,
"K2-126 b",1.97000000,601.00,7.38565500000,
"Kepler-58 c",2.93000000,799.00,15.57363551000,
"Kepler-168 c",2.79000000,870.00,13.19320920000,
"Kepler-749 b",2.10000000,454.00,17.31716585000,
"Kepler-62 d",1.96000000,501.00,18.16407876000,
"Kepler-1284 b",1.19000000,1703.00,0.66407414500,
"Kepler-1305 b",1.75000000,733.00,13.56309720000,
"Kepler-1723 b",2.80000000,568.00,39.75302840000,
"Kepler-235 c",1.22000000,478.00,7.82501206000,
"Kepler-1555 b",1.45000000,959.00,8.10503551000,
"Kepler-821 b",1.25000000,1194.00,1.92279873000,
"Kepler-265 c",2.41000000,760.00,17.02902105000,
"Kepler-655 b",2.48000000,574.00,46.40633580000,
"Kepler-418 b",9.70000000,447.00,86.67831000000,
"Kepler-385 b",2.94000000,951.00,10.04378351000,
"Kepler-370 b",1.30000000,1043.00,4.57950946000,
"Kepler-745 b",2.41000000,931.00,9.93146307000,
"Kepler-176 e",1.54000000,429.00,51.16579000000,
"Kepler-383 b",1.39000000,564.00,12.90475463000,
"Kepler-266 b",2.51000000,990.00,6.61834191000,
"Kepler-501 b",4.00000000,1094.00,5.64066200000,
"Kepler-339 c",1.39000000,914.00,6.98800953000,
"Kepler-945 b",2.79000000,609.00,31.00338140000,
"Kepler-1739 b",2.10000000,886.00,7.34369200000,
"Kepler-1208 b",2.42000000,665.00,11.08507637000,
"Kepler-373 b",1.38000000,962.00,5.53532955000,
"Kepler-877 b",1.90000000,604.00,18.45848000000,
"Kepler-904 b",1.35000000,1332.00,3.02166863200,
"Kepler-83 d",1.81000000,567.00,5.16980994600,
"Kepler-192 b",2.20000000,747.00,9.92672514000,
"Kepler-1860 b",0.89000000,715.00,12.73726137000,
"Kepler-249 b",0.91000000,554.00,3.30655164300,
"Kepler-824 b",1.84000000,1231.00,4.51436096000,
"Kepler-1014 b",2.03000000,614.00,16.57099265000,
"Kepler-1067 c",1.27000000,919.00,5.42594400000,
"Kepler-390 b",0.78000000,786.00,6.73811219000,
"Kepler-1430 b",1.03000000,969.00,2.46050993000,
"Kepler-1643 b",1.72000000,796.00,5.34264507000,
"Kepler-1207 b",1.60000000,775.00,13.68201000000,
"Kepler-1722 b",2.30000000,753.00,9.17858526000,
"Kepler-227 b",3.10000000,881.00,9.48803146000,
"Kepler-212 b",0.87000000,769.00,16.25835860000,
"Kepler-1216 b",1.46000000,1155.00,4.37034536000,
"Kepler-1097 b",3.12000000,267.00,187.74702900000,
"Kepler-1096 b",1.17000000,779.00,2.89221900000,
"Kepler-261 b",2.23000000,678.00,10.38123451000,
"Kepler-1802 c",2.05000000,357.00,33.13628610000,
"Kepler-880 b",2.15000000,1256.00,7.71468975000,
"Kepler-32 e",1.32000000,650.00,2.89601378700,
"Kepler-1397 b",1.58000000,509.00,47.44949000000,
"Kepler-996 b",1.83000000,1209.00,3.77056700000,
"Kepler-240 b",1.54000000,884.00,4.14451776000,
"Kepler-220 e",1.32000000,362.00,45.90275660000,
"Kepler-163 c",2.23000000,623.00,21.34736120000,
"Kepler-60 c",1.84000000,1023.00,8.91901228000,
"Kepler-1792 b",3.02000000,1047.00,4.19577385000,
"Kepler-33 c",2.68000000,1009.00,13.17556672000,
"Kepler-292 f",2.94000000,613.00,20.83429470000,
"Kepler-997 b",0.98000000,1508.00,2.70730671600,
"Kepler-650 b",3.49000000,1641.00,3.03214558800,
"Kepler-511 c",2.19000000,609.00,26.62942000000,
"Kepler-283 b",2.77000000,501.00,11.00812100000,
"Kepler-1626 b",1.24000000,1352.00,4.13960513000,
"Kepler-112 b",2.72000000,914.00,8.40887695100,
"Kepler-1197 b",1.13000000,998.00,2.03231700000,
"Kepler-166 b",2.39000000,780.00,7.65024191600,
"Kepler-164 c",2.69000000,950.00,10.94577222000,
"Kepler-1883 b",3.16000000,416.00,103.42698730000,
"Kepler-36 c",3.94000000,928.00,16.23192004000,
"Kepler-198 d",1.38000000,1539.00,1.31184443000,
"Kepler-1801 c",3.43000000,371.00,116.58261400000,
"Kepler-1849 b",2.13000000,355.00,57.29315500000,
"Kepler-1403 b",2.10000000,1171.00,5.19492800000,
"Kepler-360 c",2.19000000,860.00,7.18644594000,
"Kepler-1028 b",1.49000000,1218.00,2.51461500000,
"Kepler-1097 b",3.12000000,267.00,187.74702900000,
"Kepler-501 b",4.11000000,1085.00,5.64067757200,
"Kepler-283 b",3.25000000,653.00,11.00815926000,
"Kepler-1482 b",0.83000000,642.00,12.25383217000,
"Kepler-1156 b",1.48000000,809.00,11.89534000000,
"Kepler-79 c",2.96000000,671.00,27.40232089000,
"Kepler-1440 b",1.31000000,570.00,39.85925000000,
"Kepler-1879 b",2.00000000,988.00,10.61340500000,
"Kepler-1350 b",1.93000000,535.00,4.49686066000,
"Kepler-498 b",3.46000000,931.00,9.61375356000,
"Kepler-443 b",2.20000000,246.00,177.66911200000,
"Kepler-975 c",21.00000000,758.00,5.05822800000,
"Kepler-290 d",0.89000000,1596.00,0.76402007200,
"Kepler-1958 b",1.65000000,801.00,9.32867332000,
"Kepler-123 c",1.41000000,666.00,26.69376000000,
"Kepler-20 c",3.07000000,713.00,10.85409200000,
"Kepler-343 c",1.53000000,689.00,23.22181890000,
"Kepler-166 d",1.70000000,1336.00,1.55400100000,
"Kepler-279 c",3.57000000,660.00,35.73557190000,
"Kepler-766 b",2.80000000,990.00,6.10027804000,
"Kepler-180 c",2.69000000,540.00,41.88548340000,
"Kepler-869 b",3.25000000,496.00,40.42877550000,
"Kepler-641 b",1.77000000,896.00,9.48938300000,
"Kepler-665 b",3.10000000,593.00,16.01308419000,
"Kepler-223 b",1.80000000,961.00,7.38441403000,
"Kepler-760 b",4.20000000,863.00,8.70414200000,
"Kepler-869 b",3.10000000,503.00,40.42805000000,
"Kepler-1140 b",2.93000000,500.00,24.08627070000,
"Kepler-445 b",1.41000000,426.00,2.98415346900,
"Kepler-1772 b",2.69000000,1779.00,3.21510633700,
"Kepler-1548 b",2.31000000,342.00,124.82867900000,
"Kepler-1849 b",1.95000000,355.00,57.29323090000,
"Kepler-1293 b",0.95000000,1222.00,5.57661000000,
"Kepler-615 b",1.36000000,534.00,10.35584657000,
"Kepler-181 b",1.42000000,1016.00,3.13785200000,
"Kepler-573 b",2.06000000,583.00,22.18329658000,
"K2-36 c",3.20000000,854.00,5.34088800000,
"Kepler-547 b",4.02000000,768.00,6.01038428900,
"Kepler-1888 b",1.13000000,1011.00,11.39170568000,
"Kepler-393 c",1.40000000,1052.00,14.61342510000,
"Kepler-1187 b",2.33000000,701.00,18.87064068000,
"Kepler-299 c",1.89000000,922.00,6.88584100000,
"Kepler-1825 b",1.34000000,1406.00,1.02585860000,
"Kepler-532 b",2.62000000,642.00,12.92491623000,
"Kepler-205 b",1.37000000,757.00,2.75563721600,
"Kepler-9 b",8.28000000,678.00,19.27393800000,
"Kepler-1513 b",9.16000000,346.00,160.88465087000,
"Kepler-1229 b",1.68000000,196.00,86.82951900000,
"Kepler-1426 b",1.83000000,778.00,14.25624000000,
"Kepler-1091 b",1.09000000,1426.00,1.43474156400,
"K2-223 c",1.57000000,1091.00,4.56327000000,
"Kepler-1553 b",1.10000000,926.00,4.24263096000,
"Kepler-183 b",2.00000000,971.00,5.68801800000,
"Kepler-133 c",2.73000000,644.00,31.51789000000,
"Kepler-1180 b",1.67000000,765.00,16.86012860000,
"Kepler-1347 b",0.98000000,617.00,14.00948631000,
"Kepler-359 c",5.15000000,507.00,57.68991180000,
"Kepler-51 c",6.34000000,423.00,85.31620040000,
"Kepler-211 b",2.49000000,1301.00,4.13853676900,
"Kepler-1180 b",1.77000000,780.00,16.85818000000,
"K2-229 c",2.04000000,727.00,8.32620000000,
"KOI-3503 b",0.77000000,674.00,21.18758460000,
"Kepler-1004 b",7.09000000,1662.00,5.28789787000,
"Kepler-1047 c",0.79000000,1219.00,3.18897601000,
"Kepler-243 b",2.48000000,842.00,5.71542485000,
"Kepler-143 b",1.82000000,767.00,16.00749754000,
"Kepler-1572 b",1.33000000,1293.00,5.49548621000,
"Kepler-1672 b",3.50000000,425.00,150.88110000000,
"Kepler-1129 c",3.73000000,503.00,76.53695310000,
"Kepler-955 b",3.11000000,664.00,14.53244830000,
"Kepler-338 d",2.46000000,634.00,44.43150000000,
"Kepler-176 c",2.58000000,633.00,12.75934489000,
"Kepler-1889 b",2.31000000,493.00,37.30331970000,
"Kepler-385 c",3.12000000,829.00,15.16222870000,
"Kepler-1245 b",1.56000000,1043.00,4.35409304000,
"Kepler-184 c",2.40000000,639.00,20.30291000000,
"Kepler-1292 b",1.80000000,1090.00,3.27645000000,
"Kepler-1940 b",1.28000000,885.00,4.95060632000,
"Kepler-1654 b",9.18017100,206.00,1047.83560000000,"G5 V"
"Kepler-184 c",2.04000000,634.00,20.30302457000,
"Kepler-79 d",5.70000000,542.00,52.09081602000,
"Kepler-285 b",1.38000000,1131.00,2.63385252800,
"HD 88986 b",2.49000000,460.00,146.05000000000,"G2 V"
"Kepler-140 b",1.38000000,1301.00,3.25427774200,
"Kepler-52 c",1.81000000,392.00,16.38485646000,
"Kepler-478 b",2.86000000,667.00,13.22175760000,
"Kepler-1672 b",3.16000000,411.00,150.87799060000,
"Kepler-1988 b",1.53000000,1105.00,11.49500229000,
"Kepler-181 c",2.29000000,918.00,4.30216300000,
"Kepler-212 b",0.87000000,769.00,16.25835860000,
"Kepler-308 b",2.23000000,833.00,9.69502544000,
"Kepler-647 c",2.70000000,630.00,29.66629667000,
"Kepler-351 b",2.74000000,497.00,37.05485690000,
"Kepler-235 b",2.18000000,635.00,3.34021995000,
"Kepler-825 b",1.41000000,1310.00,3.77368200000,
"Kepler-1066 b",2.55000000,1513.00,1.93155983900,
"Kepler-33 e",3.66000000,752.00,31.78476785000,
"Kepler-958 b",3.00000000,829.00,9.76780500000,
"Kepler-1484 b",2.30000000,624.00,30.45491360000,
"Kepler-376 c",1.72000000,804.00,14.17220432000,
"Kepler-370 c",2.04000000,647.00,19.02313610000,
"Kepler-240 b",1.28000000,823.00,4.14453800000,
"Kepler-333 c",1.16000000,386.00,24.08841780000,
"Kepler-137 b",1.66000000,756.00,8.43639364000,
"Kepler-313 b",1.97000000,787.00,14.97015000000,
"Kepler-110 b",3.01000000,990.00,12.69115000000,
"Kepler-1342 b",1.64000000,1282.00,2.21571035800,
"Kepler-1750 b",4.68000000,298.00,205.91273500000,
"Kepler-418 c",4.75000000,857.00,12.21827800000,
"Kepler-1878 b",1.96000000,1062.00,4.44588291000,
"Kepler-272 b",1.33000000,1117.00,2.97136410000,
"Kepler-157 d",1.32000000,949.00,7.02573474000,
"Kepler-911 b",2.41000000,931.00,20.31047472000,
"Kepler-986 b",2.30000000,437.00,56.43500000000,
"Kepler-1133 b",1.72000000,720.00,11.55562343000,
"Kepler-554 b",3.60000000,1209.00,1.90221000000,
"Kepler-1720 b",3.17000000,703.00,12.70637048000,
"Kepler-804 b",1.90000000,767.00,14.37457351000,
"Kepler-203 c",2.14000000,1034.00,5.37064586800,
"Kepler-444 c",0.39000000,799.00,4.54587844200,
"Kepler-202 c",2.04000000,531.00,16.28248353000,
"Kepler-146 b",3.23000000,640.00,31.15879749000,
"Kepler-115 b",0.99000000,1459.00,2.40364329600,
"Kepler-1173 b",0.93000000,1650.00,0.76985489900,
"Kepler-374 d",1.38000000,1085.00,5.02823900000,
"Kepler-577 b",1.70000000,314.00,25.69581456000,
"Kepler-100 c",2.28000000,946.00,12.81588378000,
"Kepler-625 b",2.51000000,1033.00,7.75190800000,
"Kepler-794 b",1.61000000,884.00,11.13125132000,
"Kepler-1880 b",1.43000000,605.00,6.30923438000,
"Kepler-940 b",3.44000000,486.00,59.62252570000,
"Kepler-1865 b",1.50000000,1199.00,2.52407400000,
"Kepler-182 b",2.66000000,935.00,9.82578495000,
"Kepler-251 e",3.89000000,419.00,99.64096530000,
"Kepler-2000 c",1.40000000,354.00,20.61810660000,
"Kepler-886 b",1.36000000,1098.00,6.24146367000,
"Kepler-1266 b",2.61000000,489.00,28.47474800000,
"Kepler-1062 b",1.64000000,583.00,9.30412078000,
"Kepler-415 b",1.15000000,714.00,4.17636600000,
"Kepler-406 c",0.76000000,1053.00,4.62333557000,
"Kepler-1865 b",1.56000000,1203.00,2.52401811500,
"Kepler-812 b",3.16000000,1228.00,10.11716531000,
"Kepler-164 d",2.46000000,687.00,28.98683260000,
"Kepler-776 b",1.38000000,904.00,4.89718784000,
"Kepler-680 b",1.96000000,1147.00,3.68992629100,
"Kepler-1125 b",1.58000000,646.00,17.67006420000,
"Kepler-1023 b",2.70000000,399.00,62.14020000000,
"Kepler-545 b",2.24000000,742.00,13.24921200000,
"Kepler-1937 b",3.18000000,1025.00,9.68866460000,
"Kepler-656 c",1.31000000,977.00,5.25448795000,
"Kepler-208 e",1.45000000,722.00,16.25934000000,
"Kepler-351 b",2.80000000,498.00,37.05302000000,
"Kepler-810 b",1.74000000,1105.00,4.59725385000,
"Kepler-1012 b",1.29000000,931.00,5.50860439000,
"Kepler-324 e",1.97000000,635.00,13.97945055000,
"Kepler-562 b",5.12000000,658.00,18.00931443600,
"Kepler-79 c",3.10000000,685.00,27.40220000000,
"Kepler-537 b",1.34000000,1176.00,3.24755521900,
"Kepler-382 c",1.68000000,771.00,12.16281552000,
"Kepler-39 b",13.68000000,905.00,21.08740000000,"F7 IV"
"Kepler-274 c",1.95000000,594.00,33.19810540000,
"Kepler-719 b",6.96000000,998.00,5.00731666100,
"Kepler-304 d",3.25000000,709.00,9.65347640000,
"Kepler-609 b",2.54000000,932.00,6.52120962900,
"Kepler-1599 b",2.15000000,407.00,122.35811600000,
"Kepler-751 b",2.81000000,679.00,17.44490636000,
"Kepler-402 b",1.26000000,1393.00,4.02875481000,
"Kepler-1608 b",1.80000000,612.00,16.47356860000,
"Kepler-1227 b",2.16000000,393.00,94.28875770000,
"Kepler-897 b",1.95000000,854.00,8.04726420000,
"Kepler-107 c",1.71000000,1165.00,4.90146700000,
"Kepler-798 b",2.10000000,887.00,13.71933369000,
"Kepler-1078 b",1.61000000,1125.00,3.00725242000,
"Kepler-1387 b",0.93000000,1122.00,2.27952665600,
"Kepler-57 b",2.91000000,853.00,5.72932862400,
"Kepler-1293 b",0.90000000,1214.00,5.57654784000,
"K2-269 b",1.57000000,1429.00,4.14496500000,
"Kepler-1968 b",1.42000000,743.00,7.28122373000,
"Kepler-313 c",1.70000000,608.00,32.27521180000,
"Kepler-111 b",1.75000000,1311.00,3.34180293800,
"Kepler-727 b",2.20000000,957.00,5.15444100000,
"Kepler-1734 b",2.12000000,985.00,6.79684436000,
"Kepler-283 b",2.15000000,488.00,11.00817635000,
"Kepler-1211 b",2.69000000,840.00,11.01816836000,
"Kepler-484 b",2.28000000,782.00,10.04556931300,
"Kepler-1673 b",2.62000000,604.00,33.78882491000,
"Kepler-391 c",2.38000000,927.00,20.48544030000,
"Kepler-664 b",2.71000000,1407.00,2.52559331500,
"Kepler-1235 b",0.68000000,986.00,4.16055856000,
"Kepler-272 c",1.67000000,881.00,6.05730524000,
"Kepler-445 b",1.41000000,426.00,2.98415346900,
"Kepler-1494 b",3.34000000,415.00,91.08048200000,
"Kepler-380 b",1.07000000,1266.00,3.93087100000,
"Kepler-712 b",3.12000000,539.00,21.02247699000,
"Kepler-1481 b",1.27000000,798.00,5.94220998000,
"Kepler-33 f",4.14000000,691.00,41.02806370000,
"Kepler-255 b",1.55000000,923.00,5.71462004000,
"Kepler-1048 b",1.48000000,619.00,6.92101452000,
"Kepler-80 f",1.00000000,1054.00,0.98678705900,
"Kepler-247 c",4.34000000,690.00,9.43946080100,
"EPIC 220674823 b",1.52000000,2333.00,0.57129200000,"G5 V"
"Kepler-263 b",2.66000000,592.00,16.56806000000,
"Kepler-154 c",3.05000000,454.00,62.30268770000,
"Kepler-169 e",2.75000000,678.00,13.76708539000,
"Kepler-592 b",2.14000000,1329.00,2.82021000000,
"Kepler-1070 b",1.79000000,1276.00,6.22161470000,
"Kepler-184 d",2.53000000,563.00,29.02235261000,
"Kepler-1354 b",2.48000000,463.00,76.61337700000,
"Kepler-1342 b",1.70000000,1283.00,2.21571296000,
"Kepler-745 b",1.85000000,806.00,9.93161000000,
"Kepler-831 b",1.37000000,992.00,5.62154315000,
"Kepler-348 c",1.07000000,824.00,17.26546440000,
"Kepler-374 d",1.29000000,1063.00,5.02818614000,
"Kepler-335 b",1.69000000,972.00,6.56225728000,
"Kepler-464 b",3.38000000,1167.00,7.25696522400,
"Kepler-329 b",1.36000000,522.00,7.41634311000,
"Kepler-1442 b",2.96000000,488.00,81.41629410000,
"Kepler-120 b",2.06000000,576.00,6.31250372800,
"Kepler-895 b",1.34000000,708.00,2.80624232800,
"Kepler-228 b",1.56000000,1360.00,2.56659092000,
"Kepler-327 c",1.24000000,544.00,5.21231585000,
"Kepler-1497 b",1.94000000,924.00,8.74192361000,
"Kepler-1616 b",1.21000000,1337.00,6.76289308000,
"Kepler-1905 b",1.13000000,1188.00,3.42389600000,
"Kepler-1076 b",0.81000000,770.00,6.14727918000,
"Kepler-609 b",2.60000000,932.00,6.52121066600,
"Kepler-193 b",2.44000000,917.00,11.38839971000,
"Kepler-1303 b",1.25000000,891.00,7.56127224000,
"Kepler-1134 b",2.60000000,613.00,17.13263989000,
"Kepler-207 b",1.72000000,1930.00,1.61189046000,
"K2-183 d",2.86000000,615.00,22.63196400000,
"Kepler-961 b",3.19000000,752.00,16.87727414000,
"Kepler-1059 b",1.74000000,909.00,3.76419104800,
"Kepler-24 e",3.00000000,754.00,18.99835000000,
"Kepler-120 c",1.62000000,455.00,12.79397011000,"M0 V"
"Kepler-919 b",1.80000000,869.00,11.04605365000,
"Kepler-604 b",2.40000000,637.00,25.85499978000,
"Kepler-813 b",2.20000000,692.00,19.12962000000,
"Kepler-137 b",1.66000000,756.00,8.43639364000,
"Kepler-241 c",2.71000000,397.00,36.06587916000,
"Kepler-1457 b",1.75000000,478.00,51.11102430000,
"Kepler-1897 b",2.10000000,490.00,24.22049000000,
"Kepler-385 d",2.90000000,535.00,56.41483140000,
"Kepler-162 c",3.24000000,681.00,19.44639139000,
"Kepler-179 c",2.26000000,807.00,6.40014739400,
"Kepler-484 b",2.28000000,782.00,10.04556931300,
"Kepler-735 b",2.90000000,657.00,11.51517167000,
"Kepler-221 e",2.43000000,577.00,18.36972310000,
"Kepler-51 d",10.74000000,367.00,130.17746603000,
"Kepler-1966 b",1.01000000,733.00,8.61742738000,
"Kepler-905 b",1.60000000,990.00,5.08270900000,
"Kepler-402 c",1.43000000,1208.00,6.12483300000,
"Kepler-55 d",1.64000000,952.00,2.21112284700,
"Kepler-1990 b",3.76000000,1664.00,1.73513602600,
"Kepler-1078 b",1.61000000,1125.00,3.00725242000,
"K2-122 b",1.16000000,769.00,2.21930230000,
"Kepler-993 b",5.50000000,448.00,22.08515000000,
"Kepler-1988 b",2.59000000,1394.00,11.49499722000,
"Kepler-681 b",3.16000000,491.00,26.39435646000,
"Kepler-224 b",1.50000000,979.00,3.13295162500,
"Kepler-932 b",1.77000000,1276.00,1.92143748800,
"Kepler-1741 b",1.01000000,615.00,2.75758462200,
"Kepler-1111 b",1.88000000,939.00,8.79617863000,
"Kepler-1724 b",2.45000000,999.00,6.45443377000,
"Kepler-996 b",1.48000000,1132.00,3.77059058400,
"Kepler-1434 b",0.86000000,1186.00,8.05333618000,
"Kepler-327 b",1.31000000,690.00,2.54956329600,
"Kepler-839 b",2.29000000,614.00,37.81445140000,
"Kepler-296 f",1.18000000,202.00,63.33547190000,
"Kepler-264 c",3.74000000,560.00,140.09140000000,
"Kepler-1363 b",1.29000000,988.00,2.94194094000,
"Kepler-475 b",2.66000000,1016.00,3.10550818900,
"Kepler-406 b",1.41000000,1302.00,2.42630412700,
"Kepler-1287 b",1.40000000,818.00,11.47685000000,
"Kepler-1450 b",1.55000000,310.00,54.50941660000,
"Kepler-883 b",1.64000000,818.00,12.98494603000,
"Kepler-653 c",0.70000000,1912.00,0.90037647600,
"Kepler-1680 b",1.42000000,771.00,8.77426218000,
"Kepler-1720 b",2.75000000,697.00,12.70636123000,
"KOI-1831 d",1.13000000,475.00,34.16900000000,
"Kepler-529 c",1.57000000,795.00,12.83450220000,
"Kepler-114 d",1.95000000,447.00,11.77617931000,"M0 V"
"Kepler-1801 b",3.14000000,829.00,10.44091127000,
"Kepler-1764 b",3.60000000,506.00,70.46540000000,
"KOI-1833 d",1.95000000,586.00,7.68433487400,
"Kepler-572 b",2.46000000,565.00,17.20522200000,
"Kepler-218 d",2.78000000,357.00,124.52446470000,
"Kepler-368 c",1.42000000,376.00,72.38130100000,
"Kepler-386 c",1.78000000,502.00,25.19344670000,
"Kepler-813 b",2.27000000,698.00,19.12947337000,
"Kepler-153 c",2.50000000,458.00,46.90251120000,
"Kepler-907 b",1.07000000,760.00,15.86620000000,
"Kepler-214 c",1.83000000,641.00,28.77958130000,
"Kepler-1627 b",3.06000000,794.00,7.20281185000,
"Kepler-1542 d",1.03000000,1111.00,5.99273738000,
"Kepler-1291 b",1.57000000,741.00,8.63043276000,
"Kepler-364 c",2.81000000,568.00,59.98098680000,
"Kepler-398 d",0.85000000,643.00,6.83437001000,
"Kepler-1420 b",1.24000000,773.00,6.69966200000,
"Kepler-1840 b",2.55000000,249.00,131.18771100000,
"Kepler-291 c",2.03000000,1035.00,5.70070626000,
"Kepler-351 c",3.26000000,430.00,57.24866910000,
"Kepler-268 c",3.10000000,474.00,83.44210000000,
"Kepler-254 b",3.68000000,983.00,5.82665919400,
"Kepler-1935 b",64.89000000,1083.00,3.95138220000,
"Kepler-28 b",2.17000000,694.00,5.91226200000,
"Kepler-317 c",1.85000000,816.00,8.77508519000,
"Kepler-398 d",0.74000000,606.00,6.83437800000,
"Kepler-1969 b",1.72000000,999.00,6.64752101000,
"Kepler-92 c",2.37000000,784.00,26.72320599000,
"Kepler-1512 b",0.80000000,276.00,20.35971899000,
"Kepler-213 c",1.68000000,1030.00,4.82297735000,
"Kepler-1539 b",2.67000000,301.00,133.30324700000,
"Kepler-406 c",0.84000000,1107.00,4.62339000000,
"Kepler-52 d",1.80000000,300.00,36.44519820000,
"Kepler-185 b",1.16000000,1282.00,1.63291885300,
"Kepler-300 c",2.20000000,516.00,40.71504980000,
"Kepler-2000 b",2.59000000,523.00,6.38316346200,
"Kepler-626 b",2.17000000,772.00,14.48585199000,
"Kepler-1550 b",3.71000000,348.00,225.58524500000,
"Kepler-1333 b",2.46000000,340.00,109.64718420000,
"Kepler-1045 b",2.40000000,514.00,26.41045478000,
"Kepler-531 b",2.81000000,453.00,29.88487723000,
"Kepler-317 b",2.11000000,951.00,5.52417517000,
"Kepler-228 c",3.02000000,1160.00,4.13443005000,
"Kepler-1296 b",1.05000000,852.00,8.38469000000,
"Kepler-154 f",1.26000000,806.00,9.91935684000,
"Kepler-1326 b",3.44000000,704.00,42.35142670000,
"Kepler-675 b",2.38000000,1054.00,2.33743801000,
"Kepler-1558 b",0.79000000,1019.00,3.50470358000,
"Kepler-596 b",2.92000000,752.00,21.30022655000,
"Kepler-476 b",2.80000000,767.00,14.00640607000,
"Kepler-919 b",1.93000000,869.00,11.04603384000,
"Kepler-687 b",3.41000000,518.00,20.50588921000,
"Kepler-1126 c",1.54000000,306.00,199.66453700000,
"Kepler-144 c",1.69000000,1075.00,10.10500000000,
"Kepler-1361 b",1.00000000,1061.00,3.57554956000,
"Kepler-1103 b",2.04000000,732.00,19.79191978000,
"Kepler-560 b",2.42000000,348.00,18.47765900000,
"Kepler-326 c",1.38000000,889.00,4.58034616100,
"Kepler-742 b",3.73000000,690.00,8.36086823800,
"Kepler-127 d",2.48000000,590.00,48.63038050000,
"Kepler-1089 b",1.85000000,531.00,5.13248561800,
"Kepler-660 b",2.52000000,649.00,9.27358194000,
"Kepler-1598 b",0.96000000,1237.00,4.34195123000,
"Kepler-195 c",1.76000000,470.00,34.09622950000,
"Kepler-232 c",3.95000000,806.00,11.37936986000,
"Kepler-92 b",3.51000000,934.00,13.74877800000,
"Kepler-130 d",1.85000000,451.00,87.51777870000,
"Kepler-79 c",3.63000000,734.00,27.40229859000,
"Kepler-1713 b",1.75000000,893.00,18.01167665000,
"Kepler-1055 b",1.31000000,1306.00,2.29502600000,
"Kepler-1928 b",2.41000000,755.00,19.57776570000,
"Kepler-1278 b",0.77000000,1213.00,3.23941775000,
"Kepler-808 b",1.20000000,1322.00,0.63133171000,
"Kepler-1398 b",0.77000000,1382.00,2.78815679000,
"Kepler-140 c",1.54000000,435.00,91.35158670000,
"Kepler-373 b",1.38000000,962.00,5.53532955000,
"K2-159 b",2.26000000,684.00,12.42205000000,
"Kepler-987 b",3.90000000,384.00,105.30800000000,
"Kepler-1477 b",1.26000000,674.00,11.55530021000,
"Kepler-783 b",0.93000000,1218.00,4.29264638000,
"Kepler-27 d",2.80000000,876.00,6.54630300000,
"Kepler-370 b",1.30000000,1043.00,4.57950946000,
"Kepler-215 b",1.76000000,892.00,9.36063971000,
"Kepler-561 b",7.04000000,446.00,58.36204950000,
"Kepler-30 d",9.36000000,308.00,143.20635180000,
"Kepler-1314 b",4.00000000,391.00,5.42474680000,
"Kepler-1759 b",1.03000000,954.00,3.72020177000,
"Kepler-1748 b",2.71000000,955.00,5.82349237000,
"Kepler-728 b",3.23000000,982.00,5.74347726500,
"Kepler-725 b",10.52000000,476.00,39.64317811000,
"Kepler-1535 b",1.97000000,343.00,138.94420000000,
"Kepler-1100 b",1.28000000,1036.00,6.42200058000,
"Kepler-690 b",5.56000000,958.00,7.74809437400,
"Kepler-662 b",2.95000000,530.00,21.67699193000,
"Kepler-79 d",5.70000000,542.00,52.09081602000,
"Kepler-281 c",5.39000000,513.00,36.33730238000,
"Kepler-148 c",3.44000000,957.00,4.18004808100,
"Kepler-301 c",1.39000000,989.00,5.41907559000,
"Kepler-229 b",2.41000000,782.00,6.25296489800,
"Kepler-1422 b",1.94000000,833.00,18.60520460000,
"Kepler-275 d",3.08000000,675.00,35.67569630000,
"Kepler-513 b",2.40000000,644.00,28.86231000000,
"Kepler-884 b",1.32000000,1089.00,5.69919514000,
"Kepler-154 c",2.73000000,437.00,62.30278730000,
"Kepler-431 d",1.22000000,1109.00,11.92162140000,
"Kepler-378 b",2.38000000,812.00,16.09231474000,
"Kepler-1289 b",1.58000000,895.00,7.99025100000,
"Kepler-601 b",1.86000000,833.00,5.37886800100,
"Kepler-1338 b",0.88000000,2000.00,0.93511860000,
"Kepler-118 c",7.19000000,619.00,20.17202386600,
"Kepler-79 c",2.96000000,671.00,27.40232089000,
"KOI-351 b",1.29000000,1062.00,7.00821787000,
"KOI-351 d",2.50000000,518.00,59.73716000000,
"Kepler-303 c",1.49000000,561.00,7.06119300000,
"Kepler-434 b",8.00000000,768.00,12.87471141800,
"Kepler-1305 b",1.75000000,733.00,13.56309720000,
"Kepler-511 b",7.56000000,332.00,296.63758170000,
"Kepler-1284 b",1.19000000,1710.00,0.66407380600,
"Kepler-872 b",1.60000000,1232.00,2.57885506800,
"Kepler-465 b",2.80000000,1032.00,9.94067246600,
"Kepler-1401 b",1.23000000,826.00,11.19948000000,
"Kepler-763 c",1.42000000,938.00,4.09667624000,
"Kepler-186 f",1.06000000,179.00,129.94577000000,
"Kepler-1669 b",2.40000000,496.00,9.51221128000,
"Kepler-1164 b",1.22000000,982.00,3.97599768000,
"Kepler-1671 b",1.05000000,984.00,4.16789251400,
"Kepler-217 c",1.83000000,1133.00,8.58604000000,
"Kepler-1277 b",1.32000000,474.00,40.83650120000,
"Kepler-293 b",3.00000000,657.00,19.25405306000,
"Kepler-141 c",38.60000000,3021.00,7.01062745000,
"Kepler-180 b",1.52000000,779.00,13.81752000000,
"Kepler-298 d",2.89000000,291.00,77.47407240000,
"Kepler-250 c",2.41000000,773.00,7.15681773000,
"Kepler-145 c",3.83000000,719.00,42.88232415000,
"Kepler-1422 b",1.23000000,661.00,18.60503000000,
"Kepler-649 b",2.16000000,564.00,29.90721859000,
"Kepler-49 e",1.30000000,359.00,18.59604310000,
"Kepler-80 b",2.21000000,547.00,7.05351444900,
"Kepler-1132 b",2.06000000,371.00,62.89162280000,
"Kepler-334 c",1.37000000,791.00,12.75802811000,
"Kepler-1169 b",1.04000000,1153.00,6.11012200000,
"Kepler-933 b",1.72000000,516.00,14.20437000000,
"Kepler-791 b",3.45000000,939.00,14.55387488000,
"Kepler-432 b",9.60000000,735.00,52.50128000000,
"Kepler-1578 b",1.24000000,1699.00,1.45088690700,
"Kepler-26 d",1.23000000,646.00,3.54391789500,
"Kepler-906 b",2.18000000,563.00,41.69799760000,
"Kepler-1017 b",3.08000000,1047.00,7.23400469000,
"Kepler-171 b",2.44000000,1024.00,4.16696217300,
"Kepler-462 b",5.01000000,804.00,84.68798080000,
"Kepler-555 b",2.22000000,664.00,16.21774917000,
"Kepler-49 b",2.25000000,509.00,7.20385586200,
"Kepler-191 b",1.34000000,701.00,9.93967857000,
"Kepler-174 d",2.10000000,194.00,247.35426500000,
"Kepler-294 b",1.79000000,1162.00,3.70120482000,
"K2-139 b",9.05687200,565.00,28.38236000000,"K0 V"
"Kepler-769 c",2.20000000,773.00,15.98467000000,
"Kepler-504 b",1.82000000,372.00,9.54927542200,
"Kepler-260 b",2.09000000,798.00,8.18741090000,
"Kepler-395 c",1.25000000,264.00,34.98944750000,
"Kepler-1668 b",4.47000000,721.00,15.43397750000,
"Kepler-1761 b",0.92000000,582.00,4.04355143000,
"Kepler-123 c",1.31000000,669.00,26.69516590000,
"Kepler-653 b",2.04000000,819.00,14.70749512000,
"Kepler-254 d",3.05000000,686.00,18.74649011000,
"K2-331 c",2.72000000,673.00,22.99659100000,
"Kepler-848 b",1.90000000,1086.00,6.91134223000,
"Kepler-880 b",2.15000000,1256.00,7.71468975000,
"Kepler-101 b",4.36000000,1291.00,3.48768942800,
"Kepler-245 c",2.53000000,619.00,17.46085263000,
"Kepler-1120 b",1.51000000,1028.00,2.94902905200,
"Kepler-1000 b",4.30000000,489.00,120.01900000000,
"Kepler-1026 b",2.30000000,431.00,36.51560530000,
"Kepler-1214 b",2.70000000,580.00,18.82735000000,
"Kepler-62 c",0.59000000,569.00,12.44168710000,
"Kepler-687 b",3.62000000,518.00,20.50586978000,
"Kepler-1949 b",0.95000000,1472.00,2.20829412000,
"Kepler-400 b",1.69000000,977.00,9.02439889000,
"Kepler-1162 b",2.05000000,490.00,32.56352490000,
"Kepler-106 c",2.35000000,796.00,13.57076622000,
"Kepler-904 b",1.66000000,1354.00,3.02154200000,
"Kepler-1477 b",1.26000000,674.00,11.55530021000,
"Kepler-1297 b",0.98000000,1682.00,1.68189002000,
"Kepler-1960 b",0.97000000,1524.00,2.29792825000,
"Kepler-100 d",1.40000000,620.00,35.33314000000,
"Kepler-1763 b",0.98000000,1821.00,1.48028058800,
"Kepler-585 b",3.64000000,1400.00,2.75235975300,
"Kepler-527 b",2.18000000,893.00,13.28535633000,
"Kepler-298 b",2.24000000,571.00,10.47542600000,
"Kepler-300 b",2.18000000,812.00,10.44635944000,
"Kepler-595 b",3.77000000,519.00,25.30292332000,
"Kepler-122 b",2.27000000,1159.00,5.76616557300,
"Kepler-568 b",2.11000000,418.00,11.02347475000,
"Kepler-1421 b",0.71000000,1131.00,6.91311120000,
"Kepler-80 f",1.19000000,1054.00,0.98678583400,
"Kepler-274 c",3.21000000,678.00,33.19817610000,
"Kepler-539 b",8.00000000,348.00,125.62887621000,
"Kepler-1545 b",2.71000000,280.00,163.69234900000,
"Kepler-1910 b",1.00000000,645.00,5.68882689000,
"Kepler-1921 b",2.30000000,968.00,20.03494560000,
"Kepler-1254 c",1.36000000,927.00,3.60082855000,
"Kepler-1049 b",0.87000000,620.00,3.27346073600,
"Kepler-1143 b",1.43000000,970.00,2.88887000000,
"Kepler-758 d",2.01000000,863.00,20.49661970000,
"Kepler-118 b",1.30000000,775.00,7.51866000000,
"Kepler-482 b",2.20000000,333.00,56.35418576000,
"Kepler-385 b",3.21000000,975.00,10.04377084000,
"Kepler-46 b",7.20000000,466.00,33.60178900000,
"Kepler-1243 b",1.86000000,690.00,16.83203175000,
"Kepler-501 c",1.62000000,1304.00,3.62275506000,
"Kepler-1135 b",1.99000000,451.00,76.95785700000,
"Kepler-218 b",1.47000000,1156.00,3.61930973400,
"Kepler-231 b",1.61000000,426.00,10.06525843000,
"Kepler-1414 b",1.35000000,1033.00,3.51575492000,
"Kepler-876 b",1.45000000,864.00,5.14438011000,
"Kepler-1947 b",1.44000000,1297.00,6.96355103000,
"Kepler-187 c",2.58000000,910.00,10.64022272000,
"Kepler-154 d",3.60000000,663.00,20.54975100000,
"Kepler-402 e",1.59000000,990.00,11.24283541000,
"Kepler-168 b",1.63000000,1240.00,4.42535097000,
"Kepler-337 b",1.43000000,1497.00,3.29274300000,
"Kepler-20 b",2.11000000,1095.00,3.69611967500,
"Kepler-1350 c",1.48000000,730.00,1.76678906200,
"Kepler-400 b",1.69000000,977.00,9.02439889000,
"Kepler-186 d",1.53000000,383.00,13.34300789000,
"Kepler-163 b",1.05000000,870.00,7.81104673000,
"Kepler-1581 b",0.73000000,1108.00,6.28384079000,
"Kepler-160 c",3.60000000,743.00,13.69913800000,
"Kepler-296 d",1.65000000,293.00,19.85028393000,
"KOI-351 h",9.80000000,292.00,331.64300000000,
"Kepler-142 c",2.78000000,1210.00,4.76170525900,
"Kepler-479 b",2.50000000,722.00,12.49331100000,
"Kepler-575 b",2.03000000,803.00,9.37891944000,
"Kepler-390 b",0.78000000,786.00,6.73811219000,
"Kepler-1109 b",1.67000000,515.00,37.64617000000,
"Kepler-1698 b",180.72000000,1356.00,1.21069328200,
"Kepler-915 b",1.24000000,1321.00,4.59489604000,
"Kepler-853 b",1.61000000,1187.00,7.16893064000,
"Kepler-182 c",3.69000000,742.00,20.68422311000,
"Kepler-557 b",2.43000000,1281.00,3.70599166100,
"Kepler-1113 b",2.54000000,558.00,42.30062820000,
"Kepler-479 b",2.20000000,649.00,12.49340725000,
"Kepler-645 b",2.18000000,1527.00,3.27582262100,
"Kepler-340 c",5.69000000,1448.00,22.82454850000,
"Kepler-1674 b",3.53000000,419.00,62.56152800000,
"Kepler-1903 b",1.62000000,769.00,17.06764400000,
"Kepler-182 c",3.69000000,742.00,20.68422311000,
"Kepler-1851 b",18.49000000,776.00,12.02298773000,
"Kepler-523 b",1.93000000,892.00,5.83598311100,
"Kepler-436 c",1.77000000,450.00,16.79702000000,
"Kepler-345 b",0.79000000,622.00,7.41556471000,
"Kepler-1149 b",1.27000000,1115.00,3.73089898000,
"Kepler-332 b",1.45000000,792.00,7.62634063000,
"Kepler-553 b",4.48000000,970.00,4.03046678600,
"Kepler-887 b",1.64000000,762.00,20.42226000000,
"Kepler-444 c",0.65000000,868.00,4.54586982000,
"Kepler-1785 b",3.72000000,668.00,19.58557219000,
"Kepler-55 b",3.35000000,409.00,27.95379590000,
"Kepler-975 c",5.99000000,1168.00,5.05821320300,
"Kepler-286 e",1.79000000,582.00,29.22151010000,
"Kepler-758 c",1.65000000,1404.00,4.75793986000,
"Kepler-32 c",2.20000000,449.00,8.75210645000,
"Kepler-214 b",2.16000000,812.00,15.66039000000,
"K2-247 b",2.12000000,979.00,2.25021000000,
"Kepler-999 b",1.51000000,1114.00,5.99185701700,
"Kepler-726 b",2.72000000,549.00,21.80451088000,
"Kepler-692 b",3.60000000,627.00,21.81293000000,
"Kepler-906 b",2.18000000,563.00,41.69799760000,
"Kepler-168 b",1.54000000,1252.00,4.42534621000,
"Kepler-810 b",1.74000000,1105.00,4.59725385000,
"Kepler-1278 b",0.77000000,1213.00,3.23941344000,
"Kepler-1750 b",4.83000000,297.00,205.91208200000,
"Kepler-1093 b",2.03000000,776.00,25.08246260000,
"Kepler-973 b",2.12000000,402.00,49.60757710000,
"Kepler-1989 b",4.42000000,904.00,10.16103226100,
"Kepler-405 b",2.34000000,783.00,10.61369479000,
"Kepler-46 d",2.17000000,845.00,6.76652078000,
"Kepler-23 d",2.17000000,896.00,15.27443889000,
"K2-21 b",1.59000000,500.00,9.32414000000,"M0.0"
"Kepler-20 f",0.99000000,628.00,19.57762860000,
"Kepler-125 b",2.54000000,590.00,4.16438450500,
"Kepler-1846 b",0.96000000,552.00,14.82005960000,
"Kepler-1576 b",1.15000000,1062.00,6.98471973000,
"Kepler-1036 b",2.70000000,326.00,122.87995430000,
"Kepler-789 b",5.99000000,1419.00,8.63847391000,
"Kepler-1535 b",1.97000000,343.00,138.94420000000,
"Kepler-174 c",1.56000000,377.00,44.00039750000,
"Kepler-106 e",2.87000000,531.00,43.84439721000,
"Kepler-1520 b",5.32000000,1436.00,0.65355357200,
"Kepler-1921 b",2.24000000,967.00,20.03470800000,
"Kepler-267 b",2.12000000,619.00,3.35373033300,
"Kepler-1292 b",1.90000000,1198.00,3.27646405000,
"Kepler-1025 b",1.64000000,568.00,37.32294930000,
"Kepler-1529 b",1.90000000,817.00,5.33905606000,
"Kepler-376 b",1.18000000,1242.00,4.92031063000,
"Kepler-286 b",1.33000000,1489.00,1.79631100000,
"Kepler-348 c",1.07000000,824.00,17.26546440000,
"Kepler-1293 b",0.90000000,1214.00,5.57654784000,
"Kepler-896 c",2.30000000,515.00,29.53941000000,
"Kepler-1419 b",2.45000000,510.00,42.52170060000,
"Kepler-253 b",1.69000000,959.00,3.78403393000,
"Kepler-1301 b",1.41000000,734.00,9.08237046000,
"Kepler-1566 b",0.68000000,1727.00,0.53991523800,
"Kepler-732 b",2.08000000,403.00,9.46781404800,
"Kepler-1924 b",1.20000000,716.00,15.33170180000,
"Kepler-282 c",1.22000000,762.00,13.63952500000,
"Kepler-284 c",2.80000000,489.00,37.51406930000,
"Kepler-356 b",1.30000000,1207.00,4.61268045000,
"Kepler-1042 b",1.67000000,574.00,10.13200555000,
"Kepler-401 c",2.10000000,598.00,47.31866310000,
"Kepler-332 d",1.41000000,481.00,34.21130540000,
"Kepler-1471 c",1.46000000,784.00,11.60446940000,
"Kepler-1099 b",3.00000000,1550.00,2.16844600000,
"Kepler-737 b",1.83000000,298.00,28.59914031000,
"Kepler-164 e",3.79000000,462.00,94.88576800000,
"Kepler-1572 b",1.33000000,1293.00,5.49548621000,
"Kepler-941 b",3.40000000,693.00,17.42459000000,
"Kepler-1784 b",3.20000000,724.00,13.59056583000,
"Kepler-630 b",4.79000000,440.00,161.47439370000,
"Kepler-306 d",2.23000000,535.00,17.32670445000,
"K2-340 b",3.36000000,606.00,29.74045100000,
"Kepler-1177 b",1.99000000,397.00,106.24754700000,
"Kepler-1254 b",1.57000000,679.00,9.99124000000,
"Kepler-300 c",2.26000000,527.00,40.71524000000,
"Kepler-911 b",2.48000000,891.00,20.31035000000,
"K2-15 b",2.48000000,676.00,11.81040000000,
"Kepler-850 b",1.65000000,996.00,7.19303878000,
"Kepler-1770 b",2.60000000,681.00,16.84189600000,
"Kepler-258 c",3.72000000,470.00,33.65297010000,
"Kepler-589 b",2.95000000,656.00,16.54967098000,
"Kepler-189 b",1.33000000,677.00,10.39990194000,
"Kepler-87 c",6.14000000,403.00,191.23180000000,
"Kepler-306 d",2.31000000,580.00,17.32639000000,
"Kepler-244 c",2.00000000,751.00,9.76734365000,
"Kepler-157 d",1.56000000,969.00,7.02574090000,
"Kepler-1073 c",1.38000000,1055.00,4.02582254000,
"Kepler-258 c",3.72000000,470.00,33.65297010000,
"Kepler-917 b",1.85000000,999.00,2.97041437500,
"Kepler-82 d",1.77000000,1313.00,2.38295218600,
"Kepler-549 d",4.20000000,562.00,24.61484700000,
"Kepler-655 b",2.48000000,574.00,46.40633580000,
"Kepler-133 b",2.14000000,1011.00,8.12985800000,
"Kepler-872 b",1.60000000,1232.00,2.57885506800,
"Kepler-192 d",0.89000000,862.00,6.47027579000,
"Kepler-1176 b",1.90000000,552.00,24.17385790000,
"Kepler-968 b",1.61000000,748.00,3.69298372800,
"Kepler-744 b",2.80000000,1024.00,12.06222443000,
"Kepler-228 d",4.02000000,835.00,11.09431923000,
"Kepler-287 b",2.40000000,680.00,20.34234237000,
"Kepler-335 c",1.48000000,447.00,67.84507710000,
"Kepler-527 b",2.50000000,912.00,13.28538800000,
"Kepler-125 b",2.47000000,594.00,4.16437101000,"M1 V"
"Kepler-844 b",1.50000000,713.00,2.61302042100,
"Kepler-973 b",1.84000000,406.00,49.60773310000,
"Kepler-904 b",1.35000000,1332.00,3.02166863200,
"Kepler-416 b",2.58000000,1017.00,6.31943900000,
"Kepler-1312 c",1.00000000,1659.00,1.11612716900,
"Kepler-549 d",3.65000000,565.00,24.61482073000,
"Kepler-176 d",2.90000000,539.00,25.75260028000,
"K2-111 b",1.90000000,1309.00,5.35117000000,
"Kepler-837 b",2.71000000,702.00,16.56059504000,
"Kepler-573 b",2.06000000,583.00,22.18329658000,
"Kepler-1604 b",1.39000000,1612.00,0.68368425600,
"Kepler-1542 e",0.94000000,1173.00,5.10115756000,
"Kepler-302 c",9.32000000,352.00,127.28240310000,
"Kepler-27 c",6.50000000,481.00,31.33046135000,
"Kepler-1270 b",3.01000000,1464.00,6.03356196000,
"Kepler-175 b",2.72000000,827.00,11.90350858000,
"Kepler-794 b",1.79000000,924.00,11.13127000000,
"Kepler-647 b",1.15000000,770.00,16.22546490000,
"Kepler-1388 c",1.96000000,557.00,5.53608151000,
"Kepler-1081 b",1.88000000,1385.00,3.85691854700,
"Kepler-1460 b",1.89000000,391.00,29.96332470000,
"Kepler-638 b",2.32000000,1111.00,6.07972016000,
"Kepler-319 c",5.22000000,1240.00,6.94135962400,
"Kepler-664 b",2.80000000,1382.00,2.52561200000,
"Kepler-128 b",1.13000000,940.00,15.09205000000,
"Kepler-1791 b",1.96000000,1077.00,7.72084349000,
"Kepler-218 b",1.72000000,1161.00,3.61931219500,
"Kepler-365 b",1.83000000,868.00,10.66487537000,
"Kepler-520 c",1.05000000,1104.00,5.21104261000,
"Kepler-516 b",4.97000000,933.00,24.85462415000,
"Kepler-993 b",2.22000000,301.00,22.08557563000,
"K2-38 b",1.55000000,1189.00,4.01668000000,
"Kepler-1413 b",1.92000000,661.00,13.18296420000,
"Kepler-1258 b",0.84000000,1846.00,0.98494016700,
"Kepler-398 d",1.01000000,636.00,6.83440674000,
"Kepler-499 b",1.91000000,788.00,5.63256600000,
"Kepler-697 b",3.96000000,1056.00,3.70987064500,
"Kepler-1346 b",1.19000000,1236.00,3.40165668000,
"Kepler-1481 b",1.27000000,798.00,5.94220998000,
"Kepler-1993 b",4.05000000,903.00,26.65655740000,
"Kepler-1805 b",1.29000000,485.00,8.84781300000,
"Kepler-330 b",1.26000000,688.00,8.25980000000,
"Kepler-55 e",1.51000000,744.00,4.61746693000,
"Kepler-1770 b",3.08000000,699.00,16.84183355000,
"Kepler-747 b",5.26000000,456.00,35.61760587000,
"Kepler-263 b",2.81000000,594.00,16.56805949000,
"Kepler-782 b",3.73000000,390.00,158.68533080000,
"Kepler-1780 b",3.21000000,328.00,109.44496660000,
"Kepler-1830 b",2.13000000,530.00,56.49322690000,
"Kepler-150 e",3.18000000,544.00,30.82610430000,
"Kepler-437 b",1.37000000,294.00,66.65054820000,
"Kepler-1831 b",2.32000000,1051.00,5.78388573000,
"Kepler-1530 b",2.41000000,1484.00,2.59044340000,
"Kepler-515 b",1.43000000,672.00,19.96359000000,
"Kepler-1496 b",1.79000000,487.00,64.65880170000,
"Kepler-365 c",1.63000000,732.00,17.78355980000,
"Kepler-106 e",2.52000000,533.00,43.84445000000,
"Kepler-127 d",2.54000000,593.00,48.63038976000,
"Kepler-142 b",1.86000000,1540.00,2.02413460000,
"Kepler-431 c",0.66800000,951.00,8.70300000000,
"Kepler-1323 b",1.48000000,2291.00,0.92990616600,
"Kepler-1526 b",2.31000000,788.00,3.90863200500,
"Kepler-480 b",2.45000000,1246.00,4.91957600000,
"Kepler-529 d",1.61000000,564.00,35.86573060000,
"Kepler-324 b",1.11000000,941.00,4.38536461000,
"Kepler-263 b",2.81000000,594.00,16.56805949000,
"Kepler-1692 b",1.02000000,897.00,5.95958637000,
"Kepler-1308 b",0.52000000,586.00,2.10433811900,
"Kepler-1857 b",1.57000000,973.00,8.94326000000,
"Kepler-392 c",1.31000000,1088.00,10.42312041000,
"Kepler-1564 b",1.39000000,623.00,18.05403810000,
"Kepler-1741 b",1.17000000,640.00,2.75759025000,
"Kepler-1777 b",4.27000000,1139.00,12.18416331000,
"Kepler-273 b",1.55000000,1167.00,2.93652696600,
"Kepler-743 b",1.22000000,1097.00,3.17926292100,
"Kepler-186 d",1.29000000,379.00,13.34300250000,
"Kepler-1593 b",2.91000000,260.00,174.50850000000,
"K2-38 c",2.29000000,916.00,10.56103000000,"G2 V"
"Kepler-1008 b",2.83000000,927.00,12.43931193000,
"Kepler-332 c",1.04000000,550.00,15.99560373000,
"Kepler-1476 b",1.80000000,860.00,10.35863224000,
"Kepler-1679 b",1.87000000,813.00,9.75374033000,
"NGTS-26 b",14.88552637,1331.00,4.51992790000,
"Kepler-915 b",1.36000000,1341.00,4.59492000000,
"Kepler-1234 b",2.87000000,634.00,11.94014029000,
"Kepler-1433 b",1.33000000,1215.00,4.13592271000,
"Kepler-1789 b",3.60000000,393.00,80.23247000000,
"Kepler-1821 b",1.98000000,678.00,16.45819349000,
"Kepler-1460 b",2.24000000,391.00,29.96328160000,
"Kepler-393 c",2.07000000,1076.00,14.61360000000,
"Kepler-770 b",13.92000000,1171.00,18.92537246000,
"Kepler-168 c",2.94000000,862.00,13.19322809000,
"Kepler-356 b",1.30000000,1207.00,4.61268045000,
"Kepler-180 b",1.51000000,781.00,13.81731817000,
"Kepler-1260 b",1.57000000,694.00,19.11850000000,
"Kepler-1189 b",1.79000000,1276.00,3.78858982000,
"Kepler-366 b",1.48000000,1318.00,3.28192091000,
"Kepler-1364 b",1.94000000,1104.00,13.32196237000,
"Kepler-1327 b",1.96000000,831.00,14.88776650000,
"Kepler-126 c",1.56000000,796.00,21.86967617000,
"Kepler-347 d",1.72000000,430.00,85.52088800000,
"Kepler-864 b",2.98000000,1143.00,5.83376197000,
"Kepler-1671 b",1.05000000,984.00,4.16789251400,
"Kepler-1756 b",1.18000000,1039.00,2.35578800000,
"Kepler-965 b",3.43000000,393.00,134.25204740000,
"Kepler-379 c",2.28000000,530.00,62.78439810000,
"Kepler-798 b",2.07000000,862.00,13.71990000000,
"Kepler-681 b",3.07000000,489.00,26.39432897000,
"Kepler-812 b",2.80000000,1170.00,10.11712100000,
"Kepler-194 b",1.48000000,1514.00,2.09226999300,
"Kepler-42 b",3.46000000,1106.00,1.21377030000,
"Kepler-787 b",1.47000000,1405.00,0.92831049800,
"Kepler-174 b",1.88000000,507.00,13.98177228000,
"Kepler-507 b",1.22000000,1345.00,3.56809692600,
"Kepler-1430 b",1.03000000,969.00,2.46050993000,
"Kepler-1976 b",11.88000000,1128.00,4.95931945100,
"Kepler-215 e",1.75000000,460.00,68.16135980000,
"Kepler-842 b",1.58000000,1264.00,1.21956827000,
"Kepler-1370 b",1.77000000,793.00,20.26416840000,
"Kepler-1851 b",18.49000000,776.00,12.02298773000,
"Kepler-516 b",4.97000000,933.00,24.85462415000,
"Kepler-1715 b",2.98000000,613.00,35.59713982000,
"Kepler-1117 b",1.01000000,938.00,4.79029482000,
"Kepler-215 c",1.21000000,675.00,14.66722930000,
"Kepler-139 c",2.63000000,350.00,157.06599760000,
"Kepler-767 b",6.15000000,318.00,161.52801010000,
"Kepler-272 b",1.30000000,1114.00,2.97136500000,
"Kepler-297 d",13.54000000,369.00,150.01906090000,
"Kepler-1348 b",1.48000000,570.00,27.57227420000,
"Kepler-784 b",2.24000000,741.00,31.59226460000,
"Kepler-286 b",1.20000000,1367.00,1.79632095300,
"Kepler-825 b",1.35000000,1270.00,3.77360059000,
"Kepler-581 b",2.67000000,521.00,40.60689500000,
"Kepler-376 b",0.95000000,1143.00,4.92031217000,
"Kepler-226 c",2.70000000,918.00,5.34955671000,
"Kepler-852 b",2.49000000,565.00,44.93067060000,
"Kepler-1844 b",1.82000000,1074.00,3.92453009000,
"Kepler-56 b",4.96000000,1368.00,10.50073340000,
"Kepler-260 b",2.09000000,798.00,8.18741090000,
"Kepler-293 c",3.81000000,466.00,54.15610780000,
"Kepler-900 b",1.95000000,716.00,6.99130452000,
"Kepler-560 b",1.57000000,270.00,18.47764449000,
"Kepler-539 b",8.37312300,387.60,125.63243000000,"G2 V"
"Kepler-967 c",2.86000000,236.00,198.71125020000,
"Kepler-218 c",2.97000000,502.00,44.69950400000,
"Kepler-570 b",2.36000000,1008.00,4.30166200300,
"Kepler-1425 b",0.79000000,676.00,14.45413020000,
"Kepler-891 b",5.10000000,453.00,53.44965000000,
"Kepler-1434 b",0.86000000,1186.00,8.05333618000,
"K2-162 b",1.44000000,631.00,9.45889000000,
"Kepler-137 c",2.21000000,597.00,18.73572100000,
"Kepler-1860 b",0.87000000,697.00,12.73723710000,
"Kepler-378 b",0.98000000,503.00,16.09227518000,
"Kepler-1116 b",2.53000000,482.00,41.69810000000,
"Kepler-440 b",1.61000000,229.00,101.11070140000,
"Kepler-1622 b",1.15000000,980.00,10.81187370000,
"Kepler-421 b",4.73000000,216.00,362.00000000000,
"Kepler-533 b",2.94000000,422.00,28.51109600000,
"K2-16 b",2.13000000,710.00,7.62067000000,
"Kepler-638 b",2.80000000,1174.00,6.07962900000,
"Kepler-613 b",2.19000000,713.00,15.77979614000,
"Kepler-644 b",2.95000000,1686.00,3.17391710300,
"K2-36 c",2.80000000,793.00,5.34059000000,"K2 V"
"Kepler-1551 b",2.74000000,722.00,24.49726830000,
"Kepler-1002 b",1.75000000,1453.00,4.33643506000,
"Kepler-344 c",2.89000000,360.00,125.60232300000,
"Kepler-1685 b",3.07000000,625.00,20.49040290000,
"Kepler-1093 b",2.26000000,776.00,25.08234020000,
"Kepler-1322 c",1.80000000,883.00,6.46004728000,
"Kepler-1307 b",2.47000000,768.00,18.01621096000,
"Kepler-1323 b",1.78000000,2329.00,0.92990760000,
"Kepler-124 c",2.20000000,584.00,13.82139306000,
"Kepler-52 b",1.93000000,499.00,7.87761021000,"M0 V"
"Kepler-1984 b",6.81000000,675.00,1.99281233900,
"Kepler-48 b",1.89000000,922.00,4.77800402800,
"Kepler-1730 b",4.60000000,820.00,13.80994000000,
"Kepler-1282 b",1.66000000,1418.00,2.13194504500,
"Kepler-1997 b",2.51000000,654.00,26.75758590000,
"Kepler-1090 b",2.51000000,288.00,198.68017900000,
"Kepler-26 b",2.89000000,427.00,12.28299971900,
"Kepler-1118 b",2.56000000,502.00,38.67150750000,
"Kepler-1954 b",1.34000000,948.00,5.88346916000,
"Kepler-1475 b",2.20000000,441.00,82.17737400000,
"Kepler-150 e",2.60000000,572.00,30.82701000000,
"Kepler-1729 b",2.62000000,595.00,4.22096577800,
"Kepler-1190 b",1.25000000,609.00,10.45839865000,
"Kepler-1267 b",2.88000000,774.00,13.03135830000,
"Kepler-137 c",2.15000000,580.00,18.73575579000,
"Kepler-112 c",3.70000000,649.00,28.57414000000,
"Kepler-1425 b",0.79000000,676.00,14.45413020000,
"Kepler-1813 b",1.42000000,1055.00,2.81815010600,
"Kepler-1972 c",0.91000000,1215.00,11.32201040000,
"Kepler-968 b",1.74000000,745.00,3.69298623000,
"Kepler-578 b",1.80000000,1387.00,1.61688630000,
"Kepler-26 b",3.08000000,501.00,12.28307800000,
"Kepler-23 c",3.15000000,1023.00,10.74242766000,
"Kepler-1781 b",2.50000000,897.00,4.88753300000,
"Kepler-1373 b",0.87000000,1839.00,1.29123275000,
"Kepler-1898 b",0.93000000,1168.00,4.76559135000,
"Kepler-271 d",0.67000000,954.00,5.24970432000,
"Kepler-261 c",2.82000000,505.00,24.57090230000,
"Kepler-1854 b",1.28000000,401.00,39.83131530000,
"Kepler-588 b",2.70000000,1170.00,4.22164400000,
"Kepler-141 c",1.50000000,738.00,7.01063240000,
"Kepler-1630 b",2.62000000,182.00,509.99740200000,
"Kepler-9 b",7.96000000,661.00,19.27082403100,
"Kepler-1901 b",1.39000000,1223.00,3.48412534000,
"Kepler-520 b",1.57000000,709.00,19.67416124000,
"Kepler-1622 b",1.15000000,980.00,10.81187370000,
"Kepler-339 c",1.23000000,855.00,6.98825000000,
"Kepler-101 c",0.91000000,1075.00,6.02979518000,
"Kepler-147 c",2.63000000,650.00,33.41600340000,
"Kepler-955 b",3.19000000,664.00,14.53244172000,
"EPIC 249893012 c",3.67000000,990.00,15.62400000000,"G8 IV/V"
"Kepler-784 b",2.24000000,741.00,31.59226460000,
"Kepler-259 c",3.01000000,530.00,36.92504090000,
"Kepler-201 b",2.68000000,683.00,25.67215590000,
"Kepler-216 c",2.95000000,814.00,17.40665216000,
"Kepler-929 b",0.86000000,1762.00,0.92103213500,
"Kepler-1375 b",1.22000000,1450.00,3.30042600000,
"Kepler-1749 b",1.25000000,434.00,14.53398000000,
"Kepler-877 b",2.50000000,632.00,18.45848388000,
"Kepler-1751 b",1.56000000,984.00,7.01734994000,
"Kepler-1420 b",1.24000000,806.00,6.69958851000,
"Kepler-380 b",1.07000000,1266.00,3.93087100000,
"Kepler-607 b",0.99000000,1876.00,0.63816320400,
"Kepler-475 b",2.66000000,1016.00,3.10550818900,
"Kepler-290 d",0.78000000,1544.00,0.76402200000,
"Kepler-11 g",3.46000000,376.00,118.37837900000,
"Kepler-281 b",2.20000000,676.00,14.64613000000,
"Kepler-84 f",2.08000000,541.00,44.55184160000,
"Kepler-1663 b",2.63000000,355.00,17.60460628000,
"Kepler-965 b",2.42000000,340.00,134.25272980000,
"Kepler-1693 b",1.39000000,807.00,12.09990650000,
"Kepler-416 d",1.61000000,1303.00,3.07650800000,
"Kepler-360 c",2.11000000,998.00,7.18645260000,
"Kepler-561 b",7.04000000,446.00,58.36204950000,
"Kepler-252 b",1.20000000,588.00,6.66834872000,
"K2-273 b",3.05000000,849.00,11.71956630000,
"Kepler-622 b",1.82000000,446.00,14.28228147000,
"Kepler-1980 b",1.96000000,533.00,33.02568070000,
"Kepler-800 b",2.91000000,677.00,14.13176026000,
"TIC 4672985 b",11.50041420,517.20,69.04800000000,
"Kepler-1720 b",3.17000000,703.00,12.70637048000,
"Kepler-1619 b",1.07000000,797.00,23.62235710000,
"Kepler-234 c",3.51000000,1015.00,7.21204152000,
"Kepler-48 c",3.15000000,740.00,9.67392800000,
"Kepler-161 c",2.37000000,769.00,7.06425202100,
"Kepler-1439 b",1.30000000,392.00,8.07392849000,
"Kepler-463 b",4.95000000,1060.00,8.98101683300,
"Kepler-1774 b",2.70000000,516.00,59.77049000000,
"Kepler-761 b",2.24000000,902.00,10.12804789000,
"Kepler-1309 b",2.27000000,491.00,28.84326470000,
"Kepler-286 c",1.47000000,1186.00,3.46808239000,
"Kepler-1634 b",4.27000000,282.00,374.87813300000,
"Kepler-85 c",1.88000000,706.00,12.51353325000,
"Kepler-725 b",10.98000000,472.00,39.64315520000,
"Kepler-1684 b",3.62000000,341.00,47.70546120000,
"Kepler-223 c",2.68000000,947.00,9.84824649000,
"Kepler-361 c",2.24000000,561.00,55.18666950000,
"Kepler-587 b",2.08000000,764.00,10.94026745000,
"Kepler-1391 b",1.56000000,513.00,54.40996120000,
"Kepler-776 b",1.50000000,841.00,4.89713400000,
"Kepler-190 b",1.43000000,1186.00,2.02000102100,
"Kepler-1544 b",1.83000000,256.00,168.81117400000,
"Kepler-331 c",2.05000000,424.00,17.28115210000,
"Kepler-159 c",2.05000000,275.00,43.58594190000,
"K2-187 e",2.38000000,698.00,13.60987800000,
"Kepler-360 c",2.50000000,999.00,7.18647600000,
"Kepler-176 b",1.41000000,906.00,5.43312169000,
"Kepler-235 e",1.94000000,265.00,46.18415000000,
"Kepler-1817 b",2.68000000,463.00,44.29934830000,
"Kepler-363 d",2.98000000,1112.00,11.93208690000,
"Kepler-55 e",1.34000000,712.00,4.61751900000,
"Kepler-994 b",1.28000000,957.00,1.15116677600,
"Kepler-984 b",3.14000000,590.00,43.03252000000,
"Kepler-1951 b",0.88000000,624.00,20.65776020000,
"Kepler-58 c",2.60000000,795.00,15.57380000000,
"Kepler-1556 b",1.67000000,797.00,8.82715783000,
"Kepler-594 b",2.06000000,678.00,13.64617478000,
"Kepler-139 b",2.73000000,768.00,15.77111583000,
"Kepler-942 b",1.84000000,362.00,44.96393000000,
"Kepler-319 b",1.76000000,1023.00,4.36273233000,
"Kepler-1764 b",3.57000000,514.00,70.46802660000,
"Kepler-129 b",2.30000000,903.00,15.79193725000,
"Kepler-945 b",2.79000000,609.00,31.00338140000,
"Kepler-1884 b",1.39000000,864.00,8.98826122000,
"Kepler-372 b",1.43000000,1132.00,6.84976206000,
"Kepler-257 d",4.20000000,498.00,24.66454000000,
"Kepler-198 d",1.38000000,1539.00,1.31184443000,
"Kepler-107 b",1.53600000,1592.00,3.18002180000,
"Kepler-775 b",1.41000000,1643.00,0.97487640000,
"Kepler-1469 b",2.50000000,555.00,21.86353010000,
"Kepler-1125 b",1.78000000,659.00,17.67089000000,
"Kepler-416 d",1.68000000,1343.00,3.07645208300,
"Kepler-948 b",1.79000000,900.00,7.76846622000,
"Kepler-245 e",1.72000000,1044.00,3.21979200000,
"Kepler-301 d",1.96000000,725.00,13.75134642000,
"Kepler-341 c",1.87000000,946.00,8.01035000000,
"Kepler-714 b",8.95000000,986.00,8.09888906000,
"K2-36 b",1.29100000,1200.00,1.42258600000,
"Kepler-754 b",1.76000000,759.00,14.55962370000,
"Kepler-189 b",1.33000000,677.00,10.39990194000,
"Kepler-1642 b",5.83000000,895.00,12.20575130000,
"Kepler-397 c",5.70000000,273.00,135.49777450000,
"Kepler-461 b",2.69000000,886.00,8.31378305900,
"Kepler-167 e",11.11000000,144.00,1071.23193460000,
"Kepler-1136 b",1.54000000,922.00,2.36172432900,
"Kepler-446 b",2.61000000,727.00,1.56541284700,
"Kepler-621 b",1.90000000,738.00,2.62811374600,
"Kepler-141 b",17.50000000,3866.00,3.10752800000,
"Kepler-828 b",1.40000000,1714.00,0.56785713600,
"Kepler-384 c",1.20000000,491.00,45.34852770000,
"Kepler-1280 b",4.96000000,757.00,66.55767280000,
"Kepler-1322 b",1.48000000,1662.00,0.96286738200,
"Kepler-1389 b",2.17000000,300.00,99.25323360000,
"Kepler-722 c",2.70000000,391.00,105.15200000000,
"Kepler-1820 b",2.40000000,537.00,31.03364000000,
"Kepler-1838 b",1.43000000,981.00,12.14664000000,
"Kepler-1750 b",4.83000000,297.00,205.91208200000,
"Kepler-1225 b",1.57000000,1046.00,7.01075434000,
"Kepler-255 b",1.78000000,971.00,5.71462396000,
"Kepler-1339 b",1.08000000,1967.00,1.34155512700,
"Kepler-1485 b",1.41000000,728.00,19.91588630000,
"Kepler-482 b",2.20000000,333.00,56.35418576000,
"Kepler-991 b",2.29000000,252.00,82.53425190000,
"Kepler-726 b",2.72000000,549.00,21.80451088000,
"Kepler-211 c",1.30000000,841.00,6.04046220000,
"Kepler-225 c",1.81000000,330.00,18.79419535000,
"Kepler-399 d",3.21000000,486.00,58.03374260000,
"Kepler-186 c",1.23000000,469.00,7.26730117000,
"Kepler-1315 b",1.57000000,1540.00,0.84338011000,
"Kepler-414 c",3.00000000,895.00,7.17073207500,
"Kepler-1613 b",2.34000000,1927.00,1.51842990000,
"Kepler-1822 b",2.08000000,507.00,22.13345106000,
"Kepler-122 e",1.93000000,555.00,37.99639810000,
"Kepler-1271 b",1.62000000,1484.00,3.02558494000,
"Kepler-1339 b",1.08000000,1967.00,1.34155512700,
"Kepler-55 d",1.64000000,952.00,2.21112284700,
"Kepler-882 b",0.96000000,901.00,3.98953966600,
"Kepler-1051 b",2.50000000,797.00,25.96264000000,
"Kepler-238 c",2.32000000,1146.00,6.15560285000,
"Kepler-33 f",4.14000000,691.00,41.02806370000,
"Kepler-138 c",1.42000000,402.00,13.78109471000,
"Kepler-462 b",4.70000000,793.00,84.68895000000,
"Kepler-363 c",1.59000000,1054.00,7.54235832000,
"Kepler-253 c",2.70000000,687.00,10.28192877000,
"Kepler-589 c",1.46000000,1098.00,3.52467888000,
"Kepler-30 b",1.91000000,524.00,29.15986150000,
"Kepler-22 b",2.38000000,262.00,289.86230000000,"G5 V"
"Kepler-1597 b",0.91000000,1499.00,2.94654179000,
"Kepler-115 c",2.78000000,960.00,8.99088621000,
"Kepler-1139 b",1.03000000,1613.00,0.81316671900,
"Kepler-9 c",7.98000000,523.00,38.90787517000,
"Kepler-342 e",0.83000000,1820.00,1.64422461300,
"Kepler-719 b",7.30000000,1001.00,5.00731777900,
"Kepler-67 b",2.81000000,599.00,15.72589061000,
"Kepler-1015 b",3.71000000,1040.00,16.00496657000,
"Kepler-1623 b",1.30000000,1090.00,4.36128348000,
"Kepler-504 b",1.82000000,372.00,9.54927542200,
"Kepler-1718 b",2.50000000,363.00,135.18782340000,
"Kepler-730 b",10.30000000,1073.00,6.49168425900,
"Kepler-218 b",1.50000000,1164.00,3.61934500000,
"K2-239 d",1.10000000,399.00,10.11500000000,"M3.0 V"
"Kepler-1488 c",0.87000000,1107.00,6.15827512000,
"Kepler-1117 b",1.01000000,964.00,4.79028459000,
"Kepler-601 b",1.82000000,847.00,5.37890100000,
"Kepler-362 b",1.25000000,838.00,10.32736351000,
"OGLE-TR-111 b",12.07209300,1034.00,4.01444790000,
"Kepler-1504 b",4.47000000,485.00,82.30391400000,
"Kepler-321 b",1.41000000,1021.00,4.91537800000,
"Kepler-1716 b",2.14000000,392.00,35.58944000000,
"Kepler-511 c",2.94000000,718.00,26.62946276000,
"Kepler-1285 b",0.79000000,782.00,14.79763000000,
"Kepler-1977 b",1.57000000,811.00,4.53700111000,
"Kepler-400 c",1.50000000,786.00,17.34088462000,
"Kepler-20 c",2.89400000,828.00,10.85407740000,
"Kepler-462 b",3.37000000,611.00,84.68775240000,
"Kepler-1610 b",1.45000000,749.00,8.70181574000,
"Kepler-379 b",1.44000000,765.00,20.09842150000,
"Kepler-754 b",1.76000000,759.00,14.55962370000,
"Kepler-576 b",4.06000000,626.00,29.91136794000,
"Kepler-1233 b",2.09000000,598.00,45.12570000000,
"Kepler-1458 b",3.35000000,493.00,47.98691190000,
"Kepler-1567 b",2.67000000,330.00,153.97957800000,
"Kepler-146 b",3.23000000,640.00,31.15879749000,
"K2-220 b",2.39000000,758.00,13.68325600000,
"Kepler-124 b",0.80000000,931.00,3.41045424000,
"Kepler-760 c",2.36000000,1310.00,2.46696100000,
"Kepler-405 c",3.81000000,555.00,29.72721420000,
"Kepler-1897 b",2.40000000,511.00,24.22045860000,
"Kepler-1084 b",1.44000000,1737.00,2.05334189100,
"Kepler-1255 b",2.02000000,572.00,36.29193360000,
"Kepler-1758 b",2.53000000,1028.00,9.97716876000,
"Kepler-1331 b",0.96000000,1243.00,0.78916165300,
"Kepler-384 b",1.30000000,670.00,22.59682560000,
"Kepler-439 b",2.33000000,284.00,178.14045600000,
"Kepler-338 b",2.47000000,1005.00,13.72707449000,
"Kepler-1486 b",2.26000000,517.00,54.64957590000,
"Kepler-1383 b",1.36000000,935.00,13.90950000000,
"Kepler-1725 b",2.52000000,767.00,16.71987303000,
"Kepler-248 c",4.22000000,591.00,16.23946714000,
"Kepler-988 b",2.17000000,393.00,17.76080053000,
"Kepler-334 b",1.11000000,1081.00,5.47037100000,
"Kepler-1935 b",23.51000000,1083.00,3.95138313800,
"Kepler-176 c",2.64000000,682.00,12.75934834000,
"Kepler-341 d",2.06000000,627.00,27.66496000000,
"Kepler-114 b",1.00000000,587.00,5.18856175700,
"Kepler-1207 b",1.43000000,802.00,13.68237980000,
"Kepler-653 b",1.75000000,753.00,14.70748976000,
"Kepler-1377 b",1.32000000,1873.00,0.74092842200,
"Kepler-1039 b",3.48000000,2081.00,0.93488424200,
"Kepler-851 b",1.92000000,900.00,8.50699658000,
"Kepler-1182 b",2.05000000,796.00,11.17394617000,
"Kepler-1048 b",1.36000000,620.00,6.92101021000,
"Kepler-383 c",1.39000000,420.00,31.20093330000,
"Kepler-842 b",1.51000000,1252.00,1.21956804700,
"Kepler-881 b",1.65000000,1191.00,4.44448017000,
"Kepler-1307 b",2.47000000,768.00,18.01621096000,
"Kepler-1719 b",3.47000000,1287.00,6.14955299000,
"Kepler-892 b",2.81000000,556.00,13.75207851000,
"Kepler-36 b",1.48000000,978.00,13.84984283000,
"Kepler-616 b",2.35000000,834.00,9.99762400000,
"Kepler-778 b",1.72000000,977.00,3.75574426000,
"Kepler-296 e",1.06000000,248.00,34.14205060000,
"Kepler-554 b",3.92000000,1271.00,1.90220855600,
"Kepler-50 c",1.82000000,1127.00,9.37664325000,
"Kepler-1749 b",1.36000000,420.00,14.53410833000,
"bet Pic b",18.49485000,1612.00,,
"Kepler-987 b",3.54000000,394.00,105.30331480000,
"Kepler-251 c",3.59000000,762.00,16.51412820000,
"Kepler-1403 b",2.24000000,1251.00,5.19492202000,
"Kepler-1288 b",1.88000000,2016.00,2.76122421000,
"Kepler-1429 b",1.19000000,1188.00,4.48487493000,
"Kepler-340 c",3.36000000,946.00,22.82451440000,
"Kepler-313 c",1.96000000,608.00,32.27570000000,
"Kepler-678 b",4.91000000,833.00,7.27503724000,
"Kepler-253 d",3.17000000,569.00,18.11989364000,
"Kepler-251 c",2.72000000,655.00,16.51410989000,
"Kepler-597 b",2.30000000,743.00,13.02363236000,
"Kepler-184 c",2.04000000,634.00,20.30302457000,
"Kepler-1202 b",2.52000000,547.00,28.68549000000,
"Kepler-1416 b",1.44000000,1870.00,1.49515130000,
"Kepler-1295 b",1.62000000,1015.00,3.81366800000,
"Kepler-266 b",2.98000000,1066.00,6.61836309000,
"Kepler-1964 b",21.29000000,986.00,2.44083943600,
"Kepler-366 c",1.79000000,844.00,12.51618164000,
"Kepler-271 b",1.32000000,778.00,10.43547805000,
"Kepler-992 b",3.78000000,767.00,20.16034462000,
"Kepler-580 b",2.28000000,512.00,8.22241965600,
"Kepler-1388 d",2.38000000,363.00,20.95699850000,
"Kepler-732 c",1.22000000,886.00,0.89304123600,
"Kepler-536 b",5.95000000,1877.00,1.82708193000,
"Kepler-155 b",1.95000000,562.00,5.93119293900,
"Kepler-789 b",2.10000000,937.00,8.63847725000,
"Kepler-1523 b",1.46000000,1676.00,0.93875022100,
"KOI-1843.03",0.63000000,1654.00,0.17689300000,
"Kepler-902 b",2.49000000,524.00,40.10995470000,
"Kepler-1098 b",1.13000000,1280.00,2.54307285500,
"Kepler-146 b",3.23000000,640.00,31.15879749000,
"Kepler-711 b",3.07000000,487.00,23.58914398000,
"Kepler-1688 b",2.53000000,1184.00,5.62005172000,
"Kepler-688 b",7.92000000,1011.00,3.89593684400,
"Kepler-288 c",3.08000000,703.00,19.30563000000,
"Kepler-496 b",1.97000000,700.00,8.30864937000,
"K2-8 b",3.58000000,631.00,10.35239000000,"K3 V"
"Kepler-375 b",1.58000000,743.00,12.12582991000,
"Kepler-465 b",2.80000000,1032.00,9.94067246600,
"Kepler-1583 b",0.59000000,788.00,9.32819120000,
"Kepler-303 c",1.15000000,516.00,7.06117359000,
"Kepler-1530 d",4.90000000,972.00,9.20779890000,
"Kepler-392 b",1.19000000,1360.00,5.34185804000,
"Kepler-328 c",5.18000000,473.00,71.31165830000,
"Kepler-1003 b",1.30000000,1155.00,3.55485691500,
"EPIC 205950854 c",1.31000000,960.60,8.05072200000,
"Kepler-467 b",1.69000000,616.00,24.99334000000,
"Kepler-362 b",0.84000000,739.00,10.32738017000,
"Kepler-923 b",1.28000000,1054.00,6.93366476000,
"Kepler-990 b",2.10000000,854.00,9.91721500000,
"PH1 b",6.18000000,481.00,138.31700000000,"F"
"Kepler-1127 b",1.58000000,907.00,5.12330347000,
"Kepler-373 c",1.56000000,729.00,16.72619690000,
"Kepler-482 b",2.59000000,352.00,56.35407916000,
"Kepler-572 b",2.29000000,553.00,17.20523483000,
"Kepler-853 b",1.25000000,1070.00,7.16892463000,
"Kepler-11 f",2.74000000,513.00,46.68580240000,
"Kepler-206 c",1.57000000,795.00,13.13745719000,
"Kepler-150 c",3.70000000,925.00,7.38199600000,
"Kepler-1862 b",63.94000000,650.00,16.05737320000,
"Kepler-105 b",3.38000000,1296.00,5.41220140000,
"Kepler-1223 b",1.12000000,512.00,16.30177000000,
"Kepler-515 b",1.75000000,671.00,19.96371318000,
"Kepler-1286 b",2.42000000,888.00,11.25401871000,
"Kepler-914 b",1.32000000,1186.00,4.40966548000,
"Kepler-1304 b",1.90000000,632.00,16.12822000000,
"Kepler-1065 b",3.26000000,1092.00,3.60931305900,
"Kepler-282 c",1.22000000,762.00,13.63952500000,
"Kepler-174 d",2.10000000,194.00,247.35426500000,
"KOI-351 d",2.55000000,519.00,59.73703480000,
"Kepler-1002 b",1.63000000,1428.00,4.33642933100,
"Kepler-182 b",2.20000000,900.00,9.82598000000,
"Kepler-1621 b",1.96000000,457.00,92.26371400000,
"Kepler-341 b",1.14000000,1095.00,5.19556758000,
"Kepler-1227 b",2.16000000,393.00,94.28875770000,
"Kepler-1798 b",2.08000000,403.00,16.85593514000,
"Kepler-212 b",0.92000000,830.00,16.25802760000,
"Kepler-884 b",1.32000000,1089.00,5.69919514000,
"Kepler-66 b",2.94000000,688.00,17.81563000000,
"Kepler-1067 b",0.70000000,1792.00,0.76212926100,
"K2-233 b",1.31500000,1127.00,2.46758300000,"K3"
"Kepler-62 b",1.33000000,747.00,5.71489692000,
"Kepler-901 b",1.21000000,645.00,3.51749439400,
"Kepler-538 b",2.29000000,380.00,81.73747000000,
"GSC 06214-00210 b",20.17620000,2200.00,,
"Kepler-770 b",2.40000000,598.00,18.92532000000,
"Kepler-1471 b",1.32000000,1153.00,3.63899398000,
"Kepler-42 b",0.87000000,525.00,1.21377022200,
"Kepler-111 b",1.67000000,1356.00,3.34179948600,
"Kepler-658 b",1.42000000,860.00,1.28707676200,
"Kepler-80 f",1.00000000,1054.00,0.98678705900,
"Kepler-354 d",1.47000000,451.00,24.21021710000,
"Kepler-700 b",4.73000000,376.00,80.87206390000,
"Kepler-1067 b",0.75000000,1872.00,0.76213230700,
"Kepler-1073 d",1.16000000,1235.00,2.50475882000,
"Kepler-1845 b",2.21000000,606.00,11.60656196000,
"Kepler-1290 b",1.52000000,1098.00,4.69500134000,
"Kepler-1899 b",1.76000000,852.00,4.09577947000,
"Kepler-814 b",2.04000000,1164.00,6.14699560000,
"Kepler-1057 b",2.75000000,724.00,14.08827448000,
"Kepler-336 d",1.66000000,651.00,20.67879355000,
"Kepler-1853 b",1.38000000,385.00,48.88742920000,
"Kepler-122 e",1.85000000,558.00,37.99441000000,
"Kepler-1150 b",2.33000000,1432.00,2.78787417500,
"Kepler-1047 b",2.56000000,503.00,56.18864360000,
"Kepler-315 b",4.01000000,409.00,96.10932300000,
"Kepler-859 b",2.87000000,519.00,20.38177573000,
"Kepler-1086 c",2.74000000,203.00,161.51633450000,
"Kepler-619 b",2.69000000,1073.00,5.40427219700,
"Kepler-868 b",2.53000000,1047.00,5.03257009000,
"Kepler-1888 b",1.02000000,886.00,11.39169531000,
"Kepler-442 b",1.56000000,260.00,112.30683900000,
"Kepler-534 b",2.24000000,721.00,15.95994513000,
"Kepler-1711 b",1.78000000,669.00,21.06075303000,
"Kepler-1450 b",1.94000000,308.00,54.50915490000,
"Kepler-1109 b",1.77000000,508.00,37.64673840000,
"Kepler-1878 b",1.70000000,949.00,4.44591100000,
"Kepler-1154 c",1.67000000,950.00,8.45808312000,
"Kepler-1441 b",1.17000000,499.00,39.44131000000,
"Kepler-402 b",1.21000000,1311.00,4.02877097000,
"Kepler-1328 b",0.94000000,1081.00,4.52158888000,
"Kepler-305 b",3.50000000,833.00,5.48710800000,
"Kepler-891 b",6.04000000,486.00,53.44945593000,
"Kepler-310 c",3.33000000,448.00,56.47616700000,
"Kepler-278 c",2.21000000,583.00,51.08020000000,
"Kepler-1892 b",1.48000000,821.00,6.33127840000,
"Kepler-1415 b",1.31000000,1846.00,0.63642484800,
"Kepler-1419 b",2.60000000,510.00,42.52158950000,
"Kepler-1983 b",88.52000000,797.00,7.32849062000,
"Kepler-1897 b",2.40000000,511.00,24.22045860000,
"Kepler-431 b",1.25000000,1360.00,6.80258100000,
"Kepler-1435 b",0.94000000,1427.00,4.45343281000,
"Kepler-1909 b",0.96000000,1030.00,2.39162484000,
"Kepler-1440 b",1.39000000,570.00,39.85948400000,
"Kepler-552 b",3.86000000,1100.00,5.26341576500,
"Kepler-567 b",2.31000000,611.00,16.54295261000,
"Kepler-551 b",2.11000000,401.00,12.37646610000,
"Kepler-122 f",1.81000000,487.00,56.25878850000,
"Kepler-755 b",1.78000000,1372.00,1.26909037400,
"Kepler-722 c",2.71000000,401.00,105.14474900000,
"Kepler-853 b",1.25000000,1070.00,7.16892463000,
"Kepler-542 b",1.59000000,698.00,13.14496741000,
"Kepler-249 c",1.27000000,435.00,7.11372736000,
"Kepler-53 c",3.57000000,550.00,38.55759140000,
"Kepler-1530 d",4.90000000,972.00,9.20779890000,
"Kepler-258 b",4.12000000,641.00,13.19721496000,
"Kepler-1055 b",1.09000000,1290.00,2.29503623300,
"Kepler-320 c",1.41000000,777.00,17.93465630000,
"Kepler-1333 b",2.46000000,340.00,109.64718420000,
"Kepler-117 c",8.75000000,568.00,50.79056300000,
"Kepler-332 d",1.15000000,427.00,34.21150220000,
"Kepler-354 c",1.31000000,508.00,16.93481040000,
"Kepler-1349 b",0.51000000,1462.00,2.12824780000,
"Kepler-564 b",4.61000000,1129.00,3.75083292700,
"Kepler-199 c",4.06000000,496.00,67.09329970000,
"Kepler-345 c",1.22000000,564.00,9.38742889000,
"PH2 b",8.98000000,264.00,282.52535580000,
"Kepler-781 b",2.77000000,629.00,13.21409607000,
"Kepler-525 b",3.64000000,829.00,18.68404933000,
"Kepler-577 b",1.68000000,315.00,25.69578251000,
"Kepler-339 d",1.16000000,742.00,10.55838956000,
"Kepler-109 c",2.71000000,793.00,21.22253400000,
"Kepler-530 b",3.58000000,576.00,39.30941904000,
"Kepler-1070 b",1.59000000,1101.00,6.22161107000,
"Kepler-592 b",2.17000000,1326.00,2.82019240800,
"Kepler-402 c",1.60000000,1213.00,6.12481814000,
"Kepler-1814 b",2.90000000,1003.00,2.93534600000,
"Kepler-1816 b",1.82000000,310.00,91.50087300000,
"Kepler-1683 b",1.92000000,723.00,15.03366571000,
"Kepler-1078 b",1.56000000,1122.00,3.00725068000,
"Kepler-110 c",3.09000000,743.00,31.71981013000,
"Kepler-1091 b",1.50000000,1664.00,1.43474512900,
"Kepler-1679 b",2.18000000,813.00,9.75369069000,
"Kepler-1108 b",1.39000000,966.00,4.51014200000,
"Kepler-1110 b",2.12000000,609.00,9.69310837000,
"Kepler-702 b",8.40000000,716.00,10.52629370000,
"Kepler-323 b",1.70000000,1915.00,1.67832545000,
"Kepler-665 b",2.86000000,593.00,16.01310205000,
"Kepler-570 b",2.50000000,1000.00,4.30167100000,
"Kepler-667 b",5.73000000,516.00,41.43962808000,
"Kepler-213 c",1.68000000,1030.00,4.82297735000,
"Kepler-1345 b",2.31000000,693.00,44.61675100000,
"Kepler-1688 b",1.45000000,772.00,5.62006198000,
"Kepler-885 b",2.41000000,864.00,18.11472949000,
"Kepler-58 d",3.31000000,583.00,40.10142720000,
"Kepler-1590 b",1.09000000,1019.00,7.61760804000,
"Kepler-380 c",1.25000000,1015.00,7.63006848000,
"Kepler-589 b",2.40000000,638.00,16.54941400000,
"Kepler-48 d",2.02000000,443.00,42.89605505000,
"Kepler-158 b",2.53000000,500.00,16.70920692000,
"Kepler-355 b",1.45000000,840.00,11.03178360000,
"Kepler-1532 b",1.29000000,1681.00,1.09366585400,
"Kepler-1288 b",1.88000000,2016.00,2.76122421000,
"Kepler-408 b",0.70000000,1558.00,2.46502615800,
"Kepler-591 b",2.90000000,396.00,81.16990000000,
"Kepler-1465 b",1.74000000,414.00,31.82771110000,
"Kepler-1216 b",1.46000000,1155.00,4.37034536000,
"Kepler-372 b",1.43000000,1132.00,6.84976206000,
"Kepler-1984 b",0.69000000,661.00,1.99281228200,
"Kepler-292 d",2.70000000,864.00,7.05565200000,
"Kepler-276 b",2.40000000,767.00,14.12843000000,
"Kepler-1987 d",2.10000000,703.00,5.64495400000,
"Kepler-603 b",2.35000000,650.00,21.05358596000,
"Kepler-1119 b",1.68000000,938.00,8.32651530000,
"Kepler-1483 b",1.65000000,1131.00,9.50848710000,
"Kepler-282 e",2.59000000,515.00,44.34709950000,
"Kepler-1360 b",2.20000000,597.00,40.52864130000,
"Kepler-51 d",10.74000000,367.00,130.17746603000,
"Kepler-236 c",1.84000000,325.00,23.97159958000,"M1 V"
"Kepler-703 b",5.69000000,1039.00,4.58352175600,
"Kepler-154 e",1.29000000,1097.00,3.93276465000,
"Kepler-152 b",3.09000000,567.00,18.20795693000,
"Kepler-1336 c",2.17000000,1260.00,5.77721259000,
"Kepler-1962 b",1.21000000,913.00,7.99147383000,
"Kepler-642 b",1.99000000,1311.00,4.41745855000,
"Kepler-1428 b",1.79000000,1049.00,10.67615920000,
"Kepler-398 b",0.73000000,722.00,4.08141480000,
"Kepler-1889 b",2.20000000,480.00,37.30304000000,
"Kepler-569 b",3.06000000,544.00,34.18890521000,
"Kepler-103 c",5.42000000,385.00,179.60766020000,
"Kepler-1987 c",1.47000000,866.00,3.64829642000,
"Kepler-1054 b",1.99000000,1177.00,4.30655689000,
"Kepler-1163 b",1.05000000,1211.00,6.11784972000,
"Kepler-249 b",1.20000000,629.00,3.30656200000,
"Kepler-178 d",3.60000000,407.00,96.67200000000,
"Kepler-464 b",3.10000000,1062.00,7.25699900000,
"Kepler-1553 b",1.11000000,939.00,4.24261881000,
"Kepler-1371 b",0.64000000,1015.00,3.44620390000,
"Kepler-202 b",1.91000000,843.00,4.06942840100,
"Kepler-1663 b",2.64000000,362.00,17.60461401000,
"Kepler-223 c",2.79000000,873.00,9.84820240000,
"Kepler-1666 c",2.70000000,578.00,40.71556100000,
"Kepler-194 d",2.41000000,516.00,52.81472840000,
"Kepler-215 e",1.80000000,474.00,68.16030000000,
"Kepler-62 c",0.59000000,569.00,12.44168710000,
"Kepler-372 d",2.25000000,660.00,30.08994590000,
"Kepler-9 b",7.96000000,661.00,19.27082403100,
"Kepler-1551 b",2.56000000,714.00,24.49736980000,
"Kepler-234 b",3.20000000,1372.00,2.71148200000,
"Kepler-675 b",2.38000000,1054.00,2.33743801000,
"Kepler-572 b",2.22000000,553.00,17.20522898000,
"Kepler-1704 b",10.40000000,258.00,600.00000000000,
"Kepler-233 b",2.71000000,752.00,8.47237844000,
"Kepler-220 d",1.03000000,426.00,28.12246550000,
"Kepler-188 c",3.08000000,1094.00,5.99653499700,
"Kepler-1226 b",2.13000000,809.00,17.29226310000,
"Kepler-223 e",2.50000000,696.00,19.72134000000,
"Kepler-1037 b",1.61000000,1652.00,1.06378867300,
"Kepler-702 b",8.50000000,713.00,10.52629406300,
"Kepler-147 c",2.27000000,634.00,33.41800000000,
"Kepler-1664 b",2.54000000,776.00,14.38682567000,
"Kepler-793 b",1.51000000,1177.00,4.24153639000,
"Kepler-1812 b",2.49000000,1034.00,7.16521372000,
"Kepler-312 c",2.43000000,735.00,19.74732846000,
"Kepler-273 b",1.55000000,1167.00,2.93652696600,
"Kepler-1483 b",1.07000000,937.00,9.50851560000,
"Kepler-1675 b",2.73000000,493.00,63.03811210000,
"Kepler-992 b",1.75000000,510.00,20.16037858000,
"Kepler-757 b",0.95000000,1593.00,1.02267882100,
"Kepler-207 d",2.31000000,1112.00,5.86806801700,
"Kepler-1955 b",0.99000000,833.00,14.26525580000,
"Kepler-1743 b",1.78000000,1258.00,7.64972303000,
"HD 224018 d",2.40000000,411.00,138.07310000000,"G V"
"Kepler-123 b",2.51000000,774.00,17.23231686000,
"OGLE-TR-211 b",14.14575800,1686.00,3.67724000000,
"Kepler-915 b",1.85000000,1319.00,4.59489816000,
"Kepler-1716 b",2.30000000,403.00,35.58355458000,
"Kepler-1431 b",1.46000000,1064.00,5.86601526000,
"Kepler-578 b",4.47000000,1774.00,1.61688337300,
"Kepler-1225 b",3.76000000,1453.00,7.01074295000,
"Kepler-84 d",1.24000000,1195.00,4.22448800000,
"Kepler-50 c",1.82000000,1127.00,9.37664325000,
"Kepler-293 c",3.88000000,466.00,54.15583840000,
"Kepler-298 c",2.26000000,436.00,22.92884482000,
"Kepler-1825 b",1.57000000,1520.00,1.02585798400,
"Kepler-1195 b",2.11000000,702.00,8.49642241000,
"Kepler-381 c",1.41000000,1198.00,13.39152873000,
"Kepler-917 b",1.70000000,991.00,2.97041801000,
"Kepler-1936 b",4.59000000,524.00,126.55719000000,
"Kepler-304 e",1.43000000,1318.00,1.49914695300,
"Kepler-1008 b",1.30000000,627.00,12.43929428000,
"Kepler-291 c",1.76000000,994.00,5.70078000000,
"Kepler-401 b",1.79000000,956.00,14.38338734000,
"Kepler-1510 b",2.97000000,473.00,84.70392100000,
"Kepler-1367 b",0.82000000,895.00,1.57408720000,
"Kepler-80 e",1.37000000,629.00,4.64539708800,
"Kepler-297 d",13.54000000,369.00,150.01906090000,
"Kepler-186 b",1.31000000,579.00,3.88675809000,"M1 V"
"Kepler-317 b",2.11000000,951.00,5.52417517000,
"Kepler-1373 b",0.86000000,1895.00,1.29124580000,
"Kepler-1125 b",2.89000000,778.00,17.67002910000,
"Kepler-1530 c",2.40000000,1167.00,5.32274060000,
"Kepler-1168 b",2.21000000,379.00,55.82265390000,
"Kepler-247 b",1.65000000,975.00,3.33612510400,
"Kepler-1432 b",2.22000000,722.00,23.91090110000,
"Kepler-580 b",2.28000000,512.00,8.22241965600,
"Kepler-405 c",2.70000000,515.00,29.72682000000,
"Kepler-610 c",2.14000000,308.00,151.86540000000,
"Kepler-1216 b",1.33000000,1113.00,4.37038100000,
"Kepler-951 b",7.70000000,373.00,71.52622000000,
"Kepler-1933 b",1.41000000,1058.00,4.94330596000,
"Kepler-430 c",1.48000000,423.00,110.97378000000,
"Kepler-303 b",0.99000000,869.00,1.93703400000,
"Kepler-110 b",2.96000000,1067.00,12.69105209000,
"Kepler-171 c",2.64000000,731.00,11.46347360000,
"Kepler-1001 c",1.55000000,806.00,9.18186435000,
"Kepler-348 b",1.68000000,1196.00,7.05675145000,
"Kepler-385 b",3.21000000,975.00,10.04377084000,
"Kepler-889 b",1.28000000,1250.00,3.74435100000,
"Kepler-416 b",2.62000000,1057.00,6.31942727000,
"Kepler-1393 b",0.67000000,1249.00,2.44358543000,
"Kepler-402 b",1.26000000,1393.00,4.02875481000,
"Kepler-256 d",1.65000000,1008.00,5.83908991000,
"Kepler-351 c",3.30000000,431.00,57.24717000000,
"Kepler-1254 c",1.32000000,954.00,3.60084276000,
"Kepler-235 e",2.00000000,303.00,46.18288000000,
"Kepler-247 b",1.45000000,910.00,3.33620500000,
"Kepler-1731 b",3.10000000,493.00,21.76127700000,
"Kepler-1728 b",2.76000000,886.00,4.78300451000,
"Kepler-949 c",3.72000000,582.00,20.99747771000,
"Kepler-1641 c",3.78000000,767.00,32.65721200000,
"Kepler-888 b",2.26000000,505.00,70.69790610000,
"Kepler-294 c",2.54000000,895.00,6.62643441000,
"Kepler-1491 b",2.09000000,821.00,16.58603290000,
"Kepler-1959 b",1.20000000,811.00,6.38672890000,
"Kepler-354 d",1.50000000,451.00,24.21019730000,
"Kepler-1012 b",1.49000000,934.00,5.50860699000,
"Kepler-466 b",2.89000000,516.00,51.07926307000,
"Kepler-837 b",2.71000000,702.00,16.56059504000,
"Kepler-894 b",2.99000000,896.00,9.80321143000,
"Kepler-1052 b",2.45000000,524.00,34.85382760000,
"Kepler-1562 b",4.72000000,570.00,64.27377520000,
"Kepler-539 b",8.00000000,348.00,125.62887621000,
"Kepler-1581 b",0.75000000,1117.00,6.28385491000,
"Kepler-922 b",1.48000000,1898.00,0.93846683200,
"Kepler-59 c",1.62000000,754.00,17.97761570000,
"Kepler-265 e",2.39000000,476.00,67.83216380000,
"Kepler-1789 b",3.44000000,397.00,80.23173490000,
"K2-61 b",1.92000000,1325.00,2.57336000000,
"Kepler-83 b",2.37000000,459.00,9.77045194000,
"K2-343 b",1.65000000,653.00,2.78717400000,
"Kepler-1381 b",2.40000000,643.00,25.38413000000,
"Kepler-139 d",1.95000000,992.00,7.30569992200,
"Kepler-561 c",2.60000000,989.00,5.35015611400,
"Kepler-282 c",1.10000000,717.00,13.63966480000,
"Kepler-1059 b",1.70000000,908.00,3.76417012000,
"Kepler-1720 b",3.20000000,683.00,12.70678400000,
"Kepler-1882 b",1.74000000,1032.00,13.78725760000,
"Kepler-235 e",1.79000000,266.00,46.18510056000,"M0 V"
"Kepler-866 b",1.40000000,962.00,2.61705600000,
"Kepler-903 c",2.23000000,424.00,62.92285570000,
"K2-254 b",1.63000000,791.00,4.09639000000,
"Kepler-265 c",2.50000000,781.00,17.02885000000,
"EPIC 220674823 c",2.84000000,804.00,13.33989000000,
"Kepler-1835 b",3.21000000,808.00,11.96407399000,
"Kepler-246 c",1.56000000,674.00,11.18714042000,
"Kepler-934 b",2.20000000,370.00,55.67454000000,
"Kepler-939 b",1.75000000,699.00,14.87829600000,
"Kepler-11 f",2.74000000,513.00,46.68580240000,
"Kepler-226 d",1.19000000,799.00,8.10904671000,
"Kepler-160 c",3.11000000,733.00,13.69941722000,
"Kepler-400 c",1.87000000,779.00,17.34095000000,
"Kepler-914 b",1.32000000,1186.00,4.40966548000,
"Kepler-1605 b",5.18000000,716.00,85.75654950000,
"EPIC 220674823 c",3.01000000,740.00,13.33918000000,
"Kepler-1112 b",2.60000000,911.00,14.36274000000,
"Kepler-1560 b",0.91000000,1270.00,3.03195744000,
"KOI-3680 b",10.64000000,342.00,141.24164672000,
"Kepler-1840 b",2.01000000,263.00,131.18970000000,
"Kepler-252 b",1.26000000,608.00,6.66839100000,
"Kepler-1471 b",1.32000000,1153.00,3.63899398000,
"Kepler-297 b",2.81000000,509.00,38.86848956000,
"Kepler-85 b",1.69000000,809.00,8.30537702000,
"Kepler-321 c",2.24000000,805.00,13.09390510000,
"Kepler-1180 b",1.67000000,765.00,16.86012860000,
"Kepler-247 d",3.90000000,497.00,20.47653600000,
"Kepler-361 b",1.34000000,1060.00,8.48651582000,
"Kepler-1001 c",2.17000000,804.00,9.18189122000,
"Kepler-500 b",2.60000000,909.00,8.50833310400,
"Kepler-325 c",2.60000000,784.00,12.76212000000,
"Kepler-1596 b",2.02000000,471.00,66.37337900000,
"Kepler-1174 b",2.13000000,1156.00,6.89226333000,
"Kepler-1164 b",1.11000000,936.00,3.97599629000,
"Kepler-299 d",1.60000000,729.00,15.05493560000,
"Kepler-1719 b",3.47000000,1287.00,6.14955299000,
"Kepler-1372 b",1.26000000,1656.00,1.31155556800,
"Kepler-1461 b",1.96000000,452.00,29.34947750000,
"Kepler-1308 b",0.52000000,586.00,2.10433811900,
"Kepler-1060 b",2.30000000,525.00,46.87882000000,
"Kepler-208 c",1.23000000,934.00,7.46640800000,
"Kepler-24 b",3.43000000,1050.00,8.14515981000,
"Kepler-137 c",2.10000000,568.00,18.73577127000,
"Kepler-1257 b",1.48000000,1252.00,2.66831274000,
"Kepler-111 c",7.34000000,324.00,224.79712000000,
"Kepler-1238 b",1.57000000,1309.00,4.14787559000,
"Kepler-1240 b",1.32000000,1121.00,4.86638504000,
"Kepler-520 b",1.80000000,731.00,19.67423000000,
"Kepler-1839 b",1.19000000,1049.00,5.05661845000,
"Kepler-1254 b",1.54000000,679.00,9.99113313000,
"Kepler-82 b",4.00000000,581.00,26.44288000000,
"Kepler-1631 b",1.39000000,1122.00,4.09513932000,
"Kepler-1632 b",2.41000000,369.00,224.15092300000,
"Kepler-472 b",3.22000000,878.00,4.17625551400,
"Kepler-1633 b",1.06000000,336.00,186.40427100000,
"KOI-1599.02",64.05000000,755.00,13.61634560000,
"Kepler-652 b",2.57000000,1022.00,4.18200253100,
"Kepler-1991 b",1.47000000,760.00,13.26079792000,
"Kepler-1105 b",1.92000000,697.00,4.42157218200,
"Kepler-1809 b",1.08000000,879.00,3.75730700000,
"Kepler-33 c",2.82000000,1009.00,13.17555999000,
"EPIC 249893012 d",3.94000000,752.00,35.74700000000,"G8 IV/V"
"Kepler-1994 b",0.51000000,1018.00,4.61226400000,
"Kepler-1856 b",1.37000000,1344.00,1.30201746700,
"Kepler-1790 b",1.97000000,588.00,31.58844000000,
"Kepler-1978 b",3.17000000,676.00,10.84965239000,
"Kepler-524 b",1.85000000,974.00,7.97420583000,
"Kepler-259 b",2.90000000,888.00,8.11531300000,
"Kepler-387 c",1.06000000,891.00,11.83772610000,
"Kepler-1557 b",1.35000000,1265.00,3.74032496000,
"Kepler-1034 b",2.27000000,663.00,12.12400943000,
"Kepler-196 c",4.28000000,574.00,47.42766000000,
"Kepler-81 b",1.92000000,541.00,5.95487022000,"M0 V"
"Kepler-1822 b",2.08000000,507.00,22.13345106000,
"Kepler-208 e",1.52000000,875.00,16.25945734000,
"Kepler-1794 b",1.96000000,703.00,9.76295220000,
"Kepler-28 c",1.65000000,509.00,8.98581901000,
"Kepler-176 d",2.70000000,511.00,25.75101000000,
"Kepler-1871 b",1.97000000,1403.00,1.95271006400,
"KOI-134 b",12.28000000,588.00,67.59522290000,
"KOI-3503 b",0.77000000,674.00,21.18758460000,
"Kepler-226 c",2.55000000,919.00,5.34955381900,
"Kepler-901 b",1.21000000,645.00,3.51749439400,
"Kepler-501 b",4.11000000,1085.00,5.64067757200,
"Kepler-282 c",1.22000000,762.00,13.63952500000,
"Kepler-32 f",1.47000000,1026.00,0.74295791100,
"Kepler-1061 b",1.94000000,1595.00,2.75800600000,
"KOI-1599.02",64.05000000,755.00,13.61634560000,
"Kepler-150 b",1.34000000,1189.00,3.42804168000,
"Kepler-350 c",2.45000000,838.00,17.84848082000,
"KOI-1783.02",6.36000000,321.00,284.06313700000,
"Kepler-1722 b",2.33000000,758.00,9.17858057000,
"Kepler-1790 b",2.02000000,606.00,31.58889520000,
"Kepler-750 b",2.48000000,921.00,9.42880000000,
"Kepler-111 c",7.52000000,323.00,224.77820930000,
"Kepler-1418 b",1.21000000,419.00,22.47659520000,
"Kepler-639 b",2.17000000,929.00,10.21420496000,
"Kepler-1951 b",0.88000000,624.00,20.65776020000,
"Kepler-84 b",2.20000000,937.00,8.72585400000,
"Kepler-1585 b",1.72000000,1064.00,3.58274630000,
"Kepler-1068 b",3.63000000,735.00,16.92344113000,
"KOI-351 g",7.70000000,342.00,210.60138430000,
"Kepler-973 b",1.84000000,406.00,49.60773310000,
"Kepler-82 d",1.77000000,1313.00,2.38295218600,
"Kepler-1106 b",1.48000000,1807.00,1.25273980000,
"Kepler-334 d",1.39000000,631.00,25.09852783000,
"Kepler-1244 b",1.15000000,1633.00,3.70428172000,
"Kepler-598 b",1.63000000,1050.00,3.70176540100,
"KOI-2513.01",12.60000000,771.00,19.00545000000,
"Kepler-1878 b",1.94000000,1063.00,4.44589508000,
"Kepler-1943 b",0.80000000,1098.00,4.85026423000,
"Kepler-80 c",2.82000000,583.00,9.52178300000,
"Kepler-1151 b",3.93000000,485.00,65.64808920000,
"Kepler-907 b",1.31000000,879.00,15.86624787000,
"Kepler-623 b",3.23000000,825.00,9.07097734000,
"Kepler-1310 b",1.25000000,1814.00,0.67933627200,
"Kepler-1336 b",1.30000000,592.00,23.19868100000,
"Kepler-1176 b",1.85000000,551.00,24.17534000000,
"Kepler-458 c",3.70000000,707.00,20.74055500000,
"Kepler-235 d",2.10000000,400.00,20.06057000000,
"Kepler-1595 b",1.28000000,980.00,4.56380468000,
"Kepler-220 e",1.18000000,341.00,45.90297680000,
"Kepler-1885 b",23.18000000,1205.00,2.52258863200,
"OGLE-TR-10 b",19.27948000,1702.00,3.10127800000,
"Kepler-1502 b",2.11000000,613.00,41.70836290000,
"Kepler-225 b",1.44000000,579.00,6.73893544000,
"Kepler-300 c",2.15000000,516.00,40.71511030000,
"Kepler-756 b",1.19000000,1518.00,1.22486632200,
"K2-243 b",2.17000000,1035.00,11.54182000000,
"Kepler-270 b",1.83000000,1001.00,11.47610130000,
"Kepler-780 b",1.10000000,2154.00,0.67739110000,
"Kepler-298 b",2.21000000,566.00,10.47548192000,
"Kepler-841 b",4.67000000,304.00,124.41983980000,
"Kepler-1858 b",2.40000000,330.00,88.07127690000,
"Kepler-933 b",2.02000000,610.00,14.20443009000,
"Kepler-104 c",2.32000000,668.00,23.66834635000,
"Kepler-1760 b",1.41000000,444.00,38.32527000000,
"Kepler-1861 b",1.93000000,577.00,40.03252000000,
"Kepler-1620 b",1.36000000,428.00,101.95182900000,
"Kepler-1969 b",1.72000000,999.00,6.64752101000,
"Kepler-761 b",2.60000000,916.00,10.12824000000,
"Kepler-227 c",3.10000000,483.00,54.41759000000,
"Kepler-701 b",3.09000000,777.00,10.35533177000,
"Kepler-198 c",2.44000000,459.00,49.56753590000,
"Kepler-174 b",1.88000000,507.00,13.98177228000,
"Kepler-1126 b",1.58000000,375.00,108.59332900000,
"TIC 434398831 b",3.51000000,1250.00,3.68550400000,"G4 V"
"Kepler-463 b",3.14000000,880.00,8.98101492500,
"Kepler-387 c",1.06000000,891.00,11.83772610000,
"Kepler-434 b",7.90000000,749.00,12.87468600000,
"Kepler-221 b",1.56000000,1111.00,2.79590200000,
"Kepler-993 b",2.22000000,301.00,22.08557563000,
"Kepler-1996 c",2.15000000,267.00,92.72967750000,
"Kepler-238 f",2.00000000,461.00,50.44540000000,
"Kepler-1637 b",0.84000000,1093.00,6.10960324000,
"Kepler-235 b",2.03000000,656.00,3.34021884200,
"Kepler-964 b",4.15000000,943.00,13.52251060000,
"Kepler-1447 b",2.84000000,468.00,56.67472850000,
"Kepler-300 b",1.88000000,812.00,10.44636649000,
"Kepler-1201 b",1.92000000,789.00,15.18725932000,
"Kepler-1763 b",1.10000000,1809.00,1.48031100000,
"Kepler-524 b",2.16000000,1062.00,7.97419807000,
"Kepler-606 b",2.80000000,683.00,24.31574009000,
"Kepler-1143 c",3.21000000,230.00,210.63059100000,
"Kepler-1764 b",3.57000000,514.00,70.46802660000,
"Kepler-1400 b",1.63000000,726.00,9.06689421000,
"Kepler-97 b",1.64000000,1329.00,2.58662720000,
"Kepler-1189 b",1.79000000,1276.00,3.78858982000,
"Kepler-1160 b",1.97000000,842.00,7.97034958000,
"Kepler-168 b",1.54000000,1252.00,4.42534621000,
"Kepler-216 b",1.96000000,1008.00,7.69349100000,
"Kepler-320 b",1.05000000,1001.00,8.37160502000,
"Kepler-845 b",1.79000000,1361.00,0.92785978600,
"K2-251 b",2.35000000,437.00,9.30075000000,
"Kepler-311 d",2.01000000,316.00,232.05802900000,
"Kepler-794 b",1.61000000,884.00,11.13125132000,
"Kepler-401 c",2.46000000,643.00,47.31830020000,
"Kepler-1686 b",1.16000000,913.00,9.30989826000,
"Kepler-1994 b",0.55000000,1026.00,4.61226344000,
"Kepler-1292 b",1.90000000,1198.00,3.27646405000,
"Kepler-1298 b",1.04000000,1261.00,7.12811928000,
"Kepler-1864 b",0.59000000,1156.00,3.88148385000,
"Kepler-1869 c",1.57000000,2124.00,1.71683171700,
"Kepler-1315 b",1.70000000,1541.00,0.84337998500,
"Kepler-187 c",2.58000000,910.00,10.64022272000,
"Kepler-722 b",2.29000000,1153.00,4.09360200000,
"OGLE-TR-56 b",13.45080000,2140.00,1.21190900000,
"Kepler-549 c",2.99000000,336.00,117.04049800000,
"Kepler-1223 b",1.31000000,557.00,16.30125900000,
"Kepler-271 c",0.94000000,850.00,7.41084314000,
"Kepler-327 c",1.07000000,589.00,5.21227500000,
"Kepler-1857 b",1.50000000,946.00,8.94343618000,
"Kepler-1274 b",1.31000000,1398.00,6.98152703000,
"Kepler-729 b",3.82000000,1273.00,3.16635356200,
"Kepler-779 b",1.15000000,525.00,7.09702800000,
"Kepler-126 b",1.54000000,1017.00,10.49567752000,
"Kepler-668 b",2.54000000,789.00,8.35390639000,
"EPIC 220674823 b",1.82000000,2063.00,0.57133600000,
"Kepler-145 c",4.32000000,732.00,42.88255000000,
"Kepler-1107 b",1.65000000,1897.00,0.57103834700,
"Kepler-227 c",3.10000000,492.00,54.41846400000,
"Kepler-1898 b",0.74000000,928.00,4.76559000000,
"Kepler-809 b",2.96000000,478.00,55.63934000000,
"Kepler-1859 b",1.29000000,1436.00,2.72960336000,
"Kepler-1672 b",3.16000000,411.00,150.87799060000,
"Kepler-20 d",2.60600000,430.00,77.61145500000,
"Kepler-336 d",1.66000000,651.00,20.67879355000,
"Kepler-996 b",1.48000000,1132.00,3.77059058400,
"Kepler-1005 b",1.52000000,1027.00,6.49801525000,
"Kepler-580 b",2.13000000,543.00,8.22248000000,
"Kepler-1463 b",1.83000000,619.00,25.15864000000,
"Kepler-222 c",4.40000000,694.00,10.08881300000,
"Kepler-587 b",2.16000000,767.00,10.94027841000,
"Kepler-339 b",1.58000000,956.00,4.97767100000,
"Kepler-52 b",2.33000000,500.00,7.87740709000,
"Kepler-366 b",1.48000000,1318.00,3.28192091000,
"Kepler-1426 b",1.52000000,794.00,14.25632270000,
"Kepler-1132 b",2.50000000,384.00,62.89174930000,
"Kepler-349 c",1.97000000,775.00,12.24764145000,
"Kepler-1245 b",1.56000000,1043.00,4.35409304000,
"Kepler-244 d",2.78000000,591.00,20.05040157000,
"Kepler-220 e",1.32000000,362.00,45.90275660000,
"Kepler-705 b",1.96000000,229.00,56.05605380000,
"Kepler-857 b",6.31000000,390.00,85.35148750000,
"Kepler-597 b",2.50000000,743.00,13.02363600000,
"Kepler-677 b",5.38000000,1015.00,6.57531678000,
"Kepler-306 d",2.57000000,600.00,17.32668599000,
"Kepler-1017 b",3.08000000,1047.00,7.23400469000,
"Kepler-1047 b",1.79000000,468.00,56.18868870000,
"Kepler-1283 b",1.29000000,764.00,12.94609780000,
"Kepler-142 d",1.43000000,587.00,41.80876680000,
"Kepler-1130 d",0.65000000,993.00,4.27225316000,
"Kepler-698 b",3.75000000,727.00,16.32975270000,
"Kepler-1388 c",1.96000000,557.00,5.53608151000,
"Kepler-201 c",2.31000000,397.00,151.88619430000,
"Kepler-558 b",2.90000000,490.00,29.00780000000,
"Kepler-252 c",2.38000000,500.00,10.84844792000,
"Kepler-1203 b",0.99000000,1188.00,0.58800105300,
"Kepler-1620 b",1.31000000,428.00,101.95204800000,
"Kepler-862 b",2.27000000,1097.00,3.14866453400,
"Kepler-1138 b",1.66000000,1200.00,3.17060005000,
"Kepler-330 c",2.18000000,573.00,15.95541913000,
"Kepler-1011 b",3.05000000,920.00,5.75322197400,
"Kepler-241 c",2.64000000,397.00,36.06588163000,
"Kepler-1749 b",1.38000000,428.00,14.53410194000,
"Kepler-1085 c",3.21000000,491.00,56.77698310000,
"Kepler-419 b",9.30000000,543.00,69.73297000000,
"Kepler-765 b",2.29000000,641.00,27.66552260000,
"Kepler-1736 b",2.44000000,566.00,37.81011740000,
"Kepler-1906 b",1.87000000,901.00,7.36272058000,
"Kepler-821 b",1.25000000,1194.00,1.92279873000,
"Kepler-58 b",2.60000000,918.00,10.21851000000,
"Kepler-817 b",8.02000000,1125.00,3.99010622900,
"Kepler-1714 b",3.17000000,1219.00,10.27531708000,
"Kepler-1343 b",2.11000000,1298.00,3.35183158000,
"Kepler-1877 b",0.48000000,1227.00,2.37752807000,
"Kepler-1356 b",1.35000000,1714.00,0.63400300200,
"Kepler-1200 b",0.98000000,1174.00,1.11854781400,
"Kepler-1238 b",1.93000000,1389.00,4.14789051000,
"Kepler-238 e",5.60000000,593.00,23.65359300000,
"Kepler-402 c",1.51000000,1140.00,6.12479773000,
"Kepler-1151 b",2.49000000,456.00,65.64784240000,
"Kepler-866 b",1.66000000,997.00,2.61703253600,
"Kepler-1044 b",2.61000000,1064.00,6.77408868000,
"Kepler-108 c",8.15000000,449.00,190.32165640000,
"Kepler-400 b",1.62000000,939.00,9.02436414000,
"Kepler-326 c",3.38000000,1325.00,4.58033900000,
"Kepler-1272 b",2.41000000,542.00,51.13097040000,
"Kepler-105 c",1.88000000,1191.00,7.12594591000,
"Kepler-417 b",2.49000000,671.00,12.33090437000,
"Kepler-841 b",4.67000000,304.00,124.41983980000,
"Kepler-1611 b",0.66000000,887.00,5.17624290000,
"Kepler-901 b",1.42000000,704.00,3.51749472500,
"Kepler-1158 b",1.55000000,952.00,13.53962930000,
"Kepler-1097 b",3.12000000,267.00,187.74702900000,
"Kepler-1429 b",1.23000000,1199.00,4.48494315000,
"Kepler-568 b",2.46000000,429.00,11.02347479800,
"BD+60 1417 b",14.68376472,1303.00,,"K0"
"Kepler-142 c",2.75000000,1201.00,4.76170589500,
"Kepler-253 d",2.95000000,563.00,18.11993039000,
"Kepler-948 b",1.31000000,906.00,7.76855200000,
"Kepler-1493 b",0.84000000,677.00,15.02179830000,
"Kepler-1719 b",3.26000000,1287.00,6.14955931000,
"Kepler-409 b",1.11000000,402.00,68.95844700000,
"K2-13 b",1.89000000,511.00,39.91488000000,
"Kepler-84 b",2.75000000,932.00,8.72585936000,
"Kepler-1891 b",1.65000000,1014.00,4.02229400000,
"Kepler-292 e",2.86000000,737.00,11.97882200000,
"Kepler-1468 b",2.35000000,1093.00,8.23983041000,
"Kepler-1157 b",0.96000000,732.00,4.45743164000,
"Kepler-196 c",4.28000000,574.00,47.42766000000,
"Kepler-1959 b",1.20000000,811.00,6.38672890000,
"Kepler-265 d",2.20000000,557.00,43.13080820000,
"Kepler-432 b",12.39000000,816.00,52.50107680000,
"Kepler-1628 b",6.28000000,240.00,76.37785500000,
"Kepler-1701 b",2.21000000,273.00,169.13505600000,
"Kepler-69 b",2.23000000,746.00,13.72236820000,
"Kepler-305 d",2.56000000,576.00,16.73869035000,
"Kepler-122 f",1.79000000,489.00,56.25696000000,
"Kepler-1821 b",1.82000000,644.00,16.45818610000,
"Kepler-273 b",1.79000000,1201.00,2.93649700000,
"Kepler-771 b",1.67000000,890.00,8.73485836000,
"Kepler-1139 b",1.04000000,1567.00,0.81318040000,
"Kepler-1642 c",4.87000000,1095.00,6.65138020000,
"Kepler-732 b",2.08000000,403.00,9.46781404800,
"Kepler-334 b",1.03000000,1049.00,5.47033694000,
"Kepler-1360 b",2.20000000,597.00,40.52864130000,
"Kepler-1643 b",1.72000000,799.00,5.34264143000,
"Kepler-724 b",3.63000000,1155.00,3.31494633800,
"Kepler-1801 c",3.43000000,371.00,116.58261400000,
"Kepler-281 c",5.39000000,513.00,36.33730238000,
"Kepler-1106 b",1.39000000,1775.00,1.25275217400,
"Kepler-445 c",2.09000000,362.00,4.87122221500,
"Kepler-173 c",2.41000000,956.00,8.00578366500,
"Kepler-640 b",2.57000000,638.00,22.24818000000,
"Kepler-1883 b",3.23000000,414.00,103.42718800000,
"Kepler-1355 b",1.39000000,1450.00,1.28958811200,
"Kepler-753 b",1.86000000,641.00,5.74771190900,
"K2-110 b",2.55800000,571.00,13.86368000000,
"Kepler-254 c",2.28000000,764.00,12.41217869000,
"Kepler-197 d",1.15000000,811.00,15.67756112000,
"Kepler-349 b",1.89000000,987.00,5.92973644000,
"Kepler-983 b",2.19000000,492.00,60.08550820000,
"Kepler-1018 b",2.72000000,477.00,49.10135140000,
"Kepler-326 c",2.79000000,1258.00,4.58033862200,
"Kepler-344 b",3.00000000,641.00,21.96394000000,
"Kepler-984 b",2.50000000,484.00,43.03433640000,
"Kepler-1044 b",2.61000000,1064.00,6.77408868000,
"Kepler-1046 b",1.61000000,776.00,14.37508035000,
"Kepler-969 b",2.35000000,522.00,34.17317140000,
"Kepler-1050 b",2.94000000,1039.00,15.37890140000,
"Kepler-1500 b",2.18000000,928.00,15.03306230000,
"Kepler-1507 b",0.87000000,674.00,16.05062130000,
"Kepler-635 b",2.53000000,779.00,23.44971004000,
"Kepler-1925 b",2.03000000,531.00,46.71623360000,
"KOI-3503 b",0.77000000,674.00,21.18758460000,
"Kepler-599 b",2.97000000,623.00,15.65562652000,
"Kepler-1911 b",1.03000000,987.00,5.99078221000,
"Kepler-301 c",1.39000000,989.00,5.41907559000,
"K2-203 b",1.26549392,738.40,9.69520000000,
"Kepler-251 b",1.66000000,1153.00,4.79087300000,
"Kepler-1686 b",1.16000000,913.00,9.30989826000,
"Kepler-350 d",2.80000000,782.00,26.13634430000,
"Kepler-540 b",2.85000000,355.00,172.70460830000,
"Kepler-509 b",2.42000000,585.00,41.74600392000,
"Kepler-208 b",1.68000000,1371.00,4.22864988000,
"Kepler-964 b",4.15000000,943.00,13.52251060000,
"Kepler-42 b",0.78000000,525.00,1.21377042300,
"Kepler-287 b",2.60000000,677.00,20.34229000000,
"Kepler-1393 b",0.70000000,1247.00,2.44357812000,
"Kepler-401 c",2.10000000,650.00,47.32382000000,
"Kepler-1522 b",1.56000000,1383.00,1.84788917100,
"Kepler-975 c",10.69000000,1168.00,5.05821338000,
"Kepler-904 b",1.35000000,1332.00,3.02166863200,
"K2-252 b",1.74000000,639.00,13.81513000000,
"Kepler-1309 b",2.27000000,491.00,28.84326470000,
"Kepler-961 b",3.50000000,747.00,16.87734200000,
"Kepler-1396 b",1.65000000,748.00,18.22064210000,
"Kepler-693 b",9.60000000,565.00,15.37587100000,
"Kepler-713 b",2.33000000,904.00,7.41114100000,
"Kepler-101 b",4.33000000,1233.00,3.48768780000,
"Kepler-1005 b",1.52000000,1027.00,6.49801525000,
"Kepler-83 d",1.81000000,567.00,5.16980994600,
"Kepler-1793 b",2.91000000,714.00,8.77995434000,
"Kepler-1995 b",4.23000000,375.00,73.75793170000,
"Kepler-33 b",1.79000000,1347.00,5.66807500000,
"Kepler-811 b",2.07000000,635.00,23.58447697000,
"Kepler-798 b",1.98000000,864.00,13.71938426000,
"Kepler-1368 b",1.33000000,1961.00,0.67564900000,
"Kepler-1694 b",0.86000000,841.00,3.89523349000,
"Kepler-243 c",2.50000000,522.00,20.02591000000,
"Kepler-1384 b",2.21000000,608.00,15.36262753000,
"Kepler-251 e",2.64000000,360.00,99.64159620000,
"Kepler-252 b",1.20000000,588.00,6.66834872000,
"Kepler-260 c",1.61000000,379.00,76.05106510000,
"Kepler-345 b",0.79000000,610.00,7.41557859000,
"Kepler-735 b",2.98000000,658.00,11.51516988000,
"Kepler-730 b",10.30000000,1073.00,6.49168425900,
"Kepler-980 b",2.17000000,845.00,11.55103848000,
"Kepler-112 b",2.72000000,914.00,8.40887695100,
"K2-250 b",2.44000000,958.00,4.01457000000,
"Kepler-340 b",4.61000000,1672.00,14.84441630000,
"Kepler-182 b",2.73000000,950.00,9.82578435000,
"Kepler-696 b",6.73000000,1265.00,4.19042557500,
"Kepler-1574 b",1.27000000,1003.00,6.94243340000,
"Kepler-1052 b",2.45000000,524.00,34.85382760000,
"Kepler-1019 b",1.30000000,1006.00,1.41122650000,
"Kepler-319 b",3.24000000,1447.00,4.36274436200,
"Kepler-674 b",1.61000000,822.00,2.24338000000,
"KOI-351 d",2.84000000,520.00,59.73714430000,
"Kepler-498 b",3.27000000,931.00,9.61375316000,
"Kepler-1464 c",0.86000000,1023.00,5.32784157000,
"Kepler-177 b",3.62000000,601.00,36.85680080000,
"Kepler-169 d",1.45000000,702.00,8.34819209000,
"Kepler-1701 b",1.99000000,278.00,169.13345500000,
"Kepler-1470 b",1.18000000,581.00,16.29509030000,
"Kepler-323 b",1.70000000,1915.00,1.67832545000,
"Kepler-287 b",2.40000000,680.00,20.34234237000,
"Kepler-138 c",1.94000000,446.00,13.78105200000,
"Kepler-376 b",0.95000000,1143.00,4.92031217000,
"Kepler-1454 b",1.70000000,437.00,47.03194790000,
"Kepler-1281 b",1.59000000,1123.00,3.11604194000,
"Kepler-680 b",1.89000000,1147.00,3.68992009900,
"Kepler-170 c",2.72000000,685.00,16.66591162000,
"Kepler-916 b",1.84000000,496.00,32.29687980000,
"Kepler-52 c",2.00000000,433.00,16.38489988000,
"KOI-1599.01",1.76000000,660.00,20.40713450000,
"Kepler-1816 b",1.85000000,312.00,91.50210000000,
"Kepler-105 c",1.88000000,1191.00,7.12594591000,
"Kepler-1963 b",0.81000000,1448.00,1.96228262500,
"Kepler-1009 b",2.08000000,445.00,11.35011917000,
"Kepler-242 b",3.04000000,742.00,8.20396870000,
"Kepler-341 e",2.43000000,544.00,42.47305750000,
"Kepler-949 c",2.97000000,582.00,20.99757968000,
"Kepler-111 b",1.75000000,1311.00,3.34180293800,
"Kepler-779 b",0.74000000,425.00,7.09712124000,
"Kepler-1920 b",2.81000000,663.00,30.25420641000,
"Kepler-992 b",3.79000000,837.00,20.16020000000,
"Kepler-158 b",2.27000000,500.00,16.70920628000,
"Kepler-960 b",5.12000000,1391.00,3.12686119200,
"Kepler-1802 c",1.88000000,343.00,33.13642590000,
"Kepler-1727 b",2.72000000,757.00,9.02930890000,
"K2-110 b",2.56000000,575.00,13.86387000000,
"Kepler-998 b",1.82000000,1020.00,5.65378163000,
"Kepler-1804 b",3.22000000,913.00,12.28850460000,
"Kepler-290 d",0.89000000,1596.00,0.76402007200,
"Kepler-694 b",2.54000000,917.00,6.36584161200,
"Kepler-697 b",3.96000000,1056.00,3.70987064500,
"Kepler-972 b",4.29000000,1063.00,7.03932553000,
"Kepler-1757 b",2.56000000,550.00,19.65644811000,
"Kepler-268 c",2.52000000,479.00,83.44633350000,
"Kepler-336 d",2.16000000,676.00,20.67885000000,
"Kepler-1600 c",1.60000000,786.00,7.29814200000,
"Kepler-1985 b",1.81000000,1107.00,3.42063861000,
"Kepler-1641 c",3.73000000,767.00,32.65703500000,
"Kepler-1110 b",2.34000000,608.00,9.69312032000,
"Kepler-793 b",1.38000000,1175.00,4.24149900000,
"Kepler-960 b",1.80000000,879.00,3.12686510000,
"Kepler-361 c",2.47000000,568.00,55.18662130000,
"Kepler-1796 b",2.19000000,598.00,29.45578410000,
"Kepler-172 e",3.00000000,540.00,35.11836000000,
"Kepler-1862 b",2.27000000,645.00,16.05732910000,
"Kepler-230 c",2.60000000,363.00,91.77430000000,
"Kepler-1155 b",2.15000000,609.00,33.46974300000,
"Kepler-1154 b",1.67000000,1118.00,5.18561420000,
"Kepler-189 b",1.50000000,678.00,10.39986173000,
"Kepler-1718 b",2.32000000,345.00,135.18799340000,
"Kepler-1431 b",1.59000000,1043.00,5.86603300000,
"Kepler-1207 b",1.53000000,802.00,13.68237119000,
"Kepler-159 c",2.68000000,275.00,43.62049866000,"M0 V"
"Kepler-1128 b",3.59000000,423.00,61.61781670000,
"Kepler-269 b",2.26000000,1007.00,5.32667299000,
"Kepler-847 b",1.34000000,1107.00,2.34323189500,
"Kepler-1606 b",1.98000000,276.00,196.43522400000,
"Kepler-107 e",2.93000000,807.00,14.74910200000,
"Kepler-1075 b",1.38000000,862.00,1.52372816000,
"Kepler-788 b",2.16000000,978.00,8.39846269000,
"Kepler-1132 b",2.06000000,371.00,62.89162280000,
"Kepler-1741 b",1.17000000,640.00,2.75759025000,
"Kepler-29 b",3.80000000,825.00,10.33808200000,
"Kepler-175 b",2.72000000,827.00,11.90350858000,
"Kepler-209 b",2.60000000,719.00,16.08786478000,
"Kepler-388 b",0.95000000,820.00,3.17333800000,
"Kepler-1321 b",6.63000000,547.00,11.12830484000,
"K2-319 b",2.79000000,641.00,26.68000000000,
"Kepler-28 b",1.73000000,585.00,5.91227323400,
"Kepler-1005 b",1.87000000,1026.00,6.49801470000,
"Kepler-381 c",1.15000000,971.00,13.39140000000,
"Kepler-1907 c",2.90000000,620.00,14.86384960000,
"Kepler-182 c",3.69000000,742.00,20.68422311000,
"Kepler-1186 b",2.14000000,724.00,16.07673148000,
"Kepler-178 d",3.43000000,408.00,96.67819260000,
"Kepler-1054 b",1.99000000,1177.00,4.30655689000,
"Kepler-758 c",1.43000000,1337.00,4.75789600000,
"Kepler-1165 c",2.00000000,647.00,29.96860520000,
"Kepler-1733 b",2.79000000,1021.00,9.22961384000,
"Kepler-1037 b",1.61000000,1652.00,1.06378867300,
"Kepler-1212 b",1.90000000,806.00,12.94130000000,
"Kepler-619 c",1.50000000,1768.00,1.20846502600,
"Kepler-1405 b",2.82000000,565.00,28.22741300000,
"Kepler-203 d",1.27000000,806.00,11.32975018000,
"Kepler-598 b",1.41000000,1048.00,3.70173000000,
"Kepler-1209 b",1.48000000,775.00,25.36911600000,
"Kepler-1447 b",2.84000000,468.00,56.67472850000,
"Kepler-113 b",2.07000000,773.00,4.75399400000,
"Kepler-816 b",9.01000000,668.00,10.50682978000,
"Kepler-790 b",2.71000000,634.00,13.73474071000,
"Kepler-415 c",2.62000000,593.00,8.70797904000,
"Kepler-363 b",1.74000000,1655.00,3.61461353000,
"Kepler-385 b",3.21000000,975.00,10.04377084000,
"Kepler-387 c",1.02000000,893.00,11.83728000000,
"Kepler-59 b",1.02000000,866.00,11.86915070000,
"Kepler-306 d",2.57000000,600.00,17.32668599000,
"Kepler-313 c",1.70000000,608.00,32.27521180000,
"Kepler-317 c",1.91000000,837.00,8.77514782000,
"Kepler-416 c",2.50000000,816.00,12.20942000000,
"Kepler-740 b",4.50000000,1077.00,3.58408420000,
"Kepler-221 c",2.75000000,854.00,5.69058451900,
"Kepler-779 b",0.83000000,428.00,7.09714223000,
"Kepler-667 b",5.50000000,516.00,41.43958662000,
"Kepler-154 d",3.29000000,633.00,20.54981883000,
"Kepler-186 b",1.05000000,578.00,3.88678935600,
"Kepler-1576 b",1.19000000,1059.00,6.98472143000,
"Kepler-885 b",2.41000000,864.00,18.11472949000,
"Kepler-952 b",7.91000000,369.00,130.35469190000,
"Kepler-1388 d",2.43000000,357.00,20.95681580000,
"Kepler-1392 b",2.04000000,714.00,15.14103970000,
"Kepler-902 b",2.49000000,524.00,40.10995470000,
"Kepler-185 b",1.16000000,1282.00,1.63291885300,
"Kepler-297 c",7.70000000,463.00,74.92011900000,
"Kepler-142 d",1.43000000,587.00,41.80876680000,
"Kepler-136 b",1.91000000,914.00,11.57894000000,
"KOI-351 b",1.15000000,1061.00,7.00828076000,
"Kepler-1183 b",2.43000000,555.00,28.50571890000,
"Kepler-265 d",2.39000000,554.00,43.13121470000,
"Kepler-170 b",2.94000000,878.00,7.93058774500,
"Kepler-1784 b",3.20000000,724.00,13.59056583000,
"Kepler-1423 b",2.62000000,741.00,23.95537800000,
"Kepler-1394 b",1.36000000,1947.00,3.93766786000,
"Kepler-338 d",2.61000000,680.00,44.43040590000,
"Kepler-1262 b",1.80000000,758.00,17.35848000000,
"Kepler-1359 b",3.24000000,369.00,59.49709520000,
"Kepler-105 b",4.81000000,1418.00,5.41220000000,
"Kepler-1467 b",2.99000000,413.00,47.05690430000,
"Kepler-216 c",2.50000000,764.00,17.40665938000,
"Kepler-817 b",8.02000000,1125.00,3.99010622900,
"Kepler-769 b",2.50000000,996.00,7.42599200000,
"Kepler-112 c",2.32000000,538.00,28.57426920000,
"Kepler-1178 b",0.63000000,378.00,31.80551280000,
"Kepler-619 d",4.35000000,830.00,11.67894845200,
"Kepler-1475 b",2.24000000,441.00,82.17519700000,
"Kepler-1733 b",2.31000000,959.00,9.22958009000,
"Kepler-1617 b",1.08000000,689.00,27.47855720000,
"Kepler-31 d",4.06000000,484.00,87.64753340000,
"Kepler-79 b",3.39000000,929.00,13.48457668000,
"Kepler-1492 b",3.65000000,801.00,16.75250770000,
"Kepler-1254 d",1.35000000,817.00,5.72717226000,
"Kepler-1022 b",2.02000000,512.00,10.99469878000,
"Kepler-1782 b",2.67000000,834.00,5.75624254700,
"Kepler-290 d",0.89000000,1596.00,0.76402007200,
"Kepler-166 c",2.41000000,468.00,34.25951418000,
"Kepler-1664 b",2.75000000,810.00,14.38681090000,
"Kepler-80 e",1.37000000,629.00,4.64539708800,
"Kepler-1769 b",3.35000000,468.00,89.19347050000,
"Kepler-1012 b",1.34000000,986.00,5.50857600000,
"Kepler-2001 c",1.82000000,604.00,14.09267960000,
"Kepler-605 c",0.80000000,1183.00,2.35895151500,
"Kepler-836 b",2.68000000,871.00,11.36112327000,
"Kepler-1802 b",1.24000000,557.00,7.72515184000,
"Kepler-286 c",1.47000000,1186.00,3.46808239000,
"Kepler-1556 b",2.06000000,900.00,8.82713457000,
"Kepler-279 c",3.57000000,660.00,35.73557190000,
"Kepler-264 c",4.16000000,559.00,140.10394000000,
"Kepler-1518 c",2.90000000,1094.00,9.63102580000,
"Kepler-82 d",1.86000000,1253.00,2.38295159100,
"Kepler-1086 b",1.73000000,420.00,18.78423000000,
"Kepler-1001 b",3.11000000,695.00,14.30511983000,
"Kepler-1268 b",2.14000000,610.00,40.99039860000,
"Kepler-269 c",1.39000000,875.00,8.12809330000,
"Kepler-1011 b",3.05000000,920.00,5.75322197400,
"Kepler-194 d",3.33000000,562.00,52.81480510000,
"Kepler-589 c",1.10000000,1099.00,3.52468054000,
"Kepler-1040 b",1.84000000,297.00,201.12140000000,
"Kepler-812 b",3.16000000,1228.00,10.11716531000,
"Kepler-1777 b",4.27000000,1139.00,12.18416331000,
"Kepler-849 b",7.80000000,316.00,394.61070000000,
"Kepler-743 b",1.21000000,1101.00,3.17926728600,
"Kepler-1559 b",0.70000000,1581.00,0.97191542800,
"Kepler-883 b",1.89000000,861.00,12.98497000000,
"Kepler-250 b",1.16000000,928.00,4.14808732000,
"Kepler-237 b",1.50000000,824.00,4.71510365000,
"Kepler-1524 b",2.84000000,438.00,70.96720870000,
"Kepler-1287 b",1.48000000,811.00,11.47685909000,
"Kepler-1976 b",10.90000000,1096.00,4.95933470000,
"Kepler-1325 b",2.77000000,525.00,33.87868380000,
"Kepler-332 b",1.21000000,703.00,7.62635494000,
"Kepler-589 c",1.09000000,1070.00,3.52467000000,
"Kepler-1830 b",4.43000000,681.00,56.49316980000,
"Kepler-160 c",3.85000000,771.00,13.69942266000,
"Kepler-1513 b",9.09000000,346.00,160.88451966000,
"Kepler-244 d",2.78000000,591.00,20.05040157000,
"Kepler-42 b",0.87000000,525.00,1.21377022200,
"Kepler-954 b",2.33000000,558.00,16.78176602000,
"Kepler-168 b",1.56000000,1201.00,4.42541200000,
"Kepler-857 b",5.56000000,370.00,85.35129427000,
"K2-214 b",2.51000000,1001.00,8.59656000000,
"Kepler-1204 b",3.14000000,448.00,85.73502850000,
"Kepler-674 b",1.32000000,685.00,2.24338184700,
"K2-233 d",2.35800000,523.00,24.36450000000,
"Kepler-400 b",1.69000000,977.00,9.02439889000,
"Kepler-1192 b",2.42000000,600.00,25.20341280000,
"Kepler-1765 b",2.82000000,855.00,10.41890782000,
"Kepler-1016 b",2.12000000,1482.00,1.95452434200,
"Kepler-39 b",12.24022800,851.00,21.08716800000,
"Kepler-42 d",0.66000000,455.00,1.86511419300,
"Kepler-1424 b",1.74000000,629.00,29.60990550000,
"K2-158 c",1.28000000,948.00,5.90279000000,
"Kepler-221 c",2.75000000,854.00,5.69058451900,
"Kepler-83 d",1.88000000,569.00,5.16990995000,"M0 V"
"Kepler-879 b",2.54000000,580.00,33.38559380000,
"Kepler-287 c",3.35000000,513.00,44.85209970000,
"Kepler-550 b",4.20000000,762.00,8.60012100000,
"Kepler-184 d",2.53000000,563.00,29.02235261000,
"Kepler-359 b",3.83000000,665.00,25.56385760000,
"Kepler-1715 b",2.98000000,613.00,35.59713982000,
"Kepler-288 d",3.62000000,508.00,56.63887910000,
"Kepler-1451 b",2.90000000,521.00,35.62223300000,
"Kepler-1270 b",3.01000000,1464.00,6.03356196000,
"Kepler-264 b",4.86000000,844.00,40.80684940000,
"Kepler-753 b",1.52000000,556.00,5.74772501200,
"Kepler-268 b",2.48000000,695.00,25.93406406000,
"Kepler-1116 b",2.26000000,488.00,41.69775820000,
"Kepler-1801 b",3.41000000,829.00,10.44087398000,
"Kepler-1134 b",2.31000000,611.00,17.13263125000,
"Kepler-1135 b",1.99000000,451.00,76.95785700000,
"Kepler-1141 b",0.73000000,1318.00,2.34454700000,
"Kepler-1145 b",1.45000000,957.00,3.97076766000,
"Kepler-1154 b",2.34000000,1314.00,5.18560081000,
"Kepler-332 d",1.41000000,481.00,34.21130540000,
"Kepler-203 b",2.29000000,1234.00,3.16269123800,
"Kepler-1315 c",1.40000000,681.00,6.56607500000,
"Kepler-1371 c",0.53000000,1216.00,2.00541269000,
"Kepler-1395 b",0.70000000,1311.00,3.78475070000,
"Kepler-262 b",1.49000000,734.00,13.06076688000,
"Kepler-295 c",1.42000000,631.00,21.52651000000,
"Kepler-501 c",1.45000000,1257.00,3.62269606000,
"Kepler-617 b",1.27000000,753.00,1.68269614800,
"Kepler-496 b",1.97000000,700.00,8.30864937000,
"Kepler-195 b",2.22000000,753.00,8.30784498000,
"Kepler-356 c",1.99000000,913.00,13.12162167000,
"Kepler-81 d",1.39000000,427.00,20.83798000000,
"Kepler-1000 b",4.67000000,501.00,120.01812720000,
"Kepler-1737 b",5.40000000,383.00,64.61751800000,
"Kepler-160 c",3.11000000,733.00,13.69941722000,
"Kepler-1099 b",3.11000000,1557.00,2.16845259300,
"Kepler-1909 b",0.93000000,1031.00,2.39161966000,
"K2-37 c",2.75000000,861.00,6.42904000000,"G3 V"
"Kepler-239 b",2.35000000,616.00,11.76307164000,
"Kepler-344 c",3.19000000,360.00,125.60230200000,
"Kepler-402 c",1.60000000,1213.00,6.12481814000,
"Kepler-1471 c",1.46000000,784.00,11.60446940000,
"Kepler-1144 b",1.81000000,686.00,17.14647302000,
"Kepler-302 b",2.88000000,568.00,30.18368540000,
"Kepler-398 d",0.85000000,643.00,6.83437001000,
"Kepler-436 b",1.90000000,271.00,64.00115100000,
"K2-290 c",11.27625400,676.00,48.36685000000,
"Kepler-615 b",2.08000000,580.00,10.35574200000,
"Kepler-1468 c",1.62000000,1448.00,3.54553077000,
"Kepler-1913 b",1.79000000,835.00,14.19593863000,
"Kepler-1280 b",1.66000000,513.00,66.55790570000,
"Kepler-1455 b",1.97000000,272.00,49.27676400000,
"Kepler-1073 d",1.48000000,1369.00,2.50475282000,
"Kepler-414 b",2.19000000,1030.00,4.69965323600,
"Kepler-1790 b",2.02000000,606.00,31.58889520000,
"Kepler-917 b",1.85000000,999.00,2.97041437500,
"Kepler-296 e",1.86000000,337.00,,
"Kepler-1162 c",1.79000000,418.00,59.28415710000,
"Kepler-129 b",2.30000000,903.00,15.79193725000,
"Kepler-1701 b",1.99000000,278.00,169.13345500000,
"Kepler-1625 b",5.40000000,253.00,287.37894900000,
"Kepler-11 c",2.88000000,785.00,13.02487700000,
"Kepler-1067 c",1.33000000,931.00,5.42587228000,
"Kepler-1242 b",2.61000000,639.00,13.62798432000,
"Kepler-1210 b",1.56000000,856.00,8.07124073000,
"Kepler-635 b",2.53000000,779.00,23.44971004000,
"Kepler-1761 b",0.92000000,582.00,4.04355143000,
"Kepler-1712 b",1.99000000,385.00,13.81505213000,
"Kepler-321 b",1.78000000,1116.00,4.91538706700,
"Kepler-324 c",2.50000000,400.00,51.80403000000,
"Kepler-1799 b",2.67000000,770.00,11.92976844000,
"Kepler-1801 b",3.14000000,829.00,10.44091127000,
"Kepler-1228 b",1.47000000,1768.00,0.57736957900,
"Kepler-50 c",1.89000000,1125.00,9.37663713000,
"Kepler-536 b",6.18000000,1876.00,1.82708229900,
"Kepler-1829 b",2.22000000,862.00,5.18674073000,
"Kepler-1143 b",1.47000000,959.00,2.88890484900,
"Kepler-107 d",0.86000000,1173.00,7.95839000000,
"Kepler-1162 b",2.22000000,510.00,32.56370690000,
"Kepler-236 c",1.74000000,355.00,23.96812000000,
"Kepler-250 b",0.99000000,912.00,4.14787000000,
"V1298 Tau e",8.74000000,492.00,60.00000000000,
"Kepler-126 c",1.56000000,796.00,21.86967617000,
"Kepler-1371 c",0.65000000,1216.00,2.00541429300,
"Kepler-1397 b",1.37000000,499.00,47.44995500000,
"Kepler-1695 b",0.97000000,957.00,4.73292061000,
"Kepler-1348 b",1.63000000,611.00,27.57240000000,
"Kepler-245 c",2.53000000,619.00,17.46085263000,
"Kepler-359 b",3.83000000,665.00,25.56385760000,
"Kepler-379 b",1.58000000,775.00,20.09836760000,
"Kepler-1254 d",1.40000000,794.00,5.72716067000,
"Kepler-1460 b",1.89000000,391.00,29.96332470000,
"Kepler-1508 b",0.98000000,655.00,20.70565040000,
"Kepler-1929 b",6.06000000,876.00,59.36271990000,
"Kepler-55 d",1.85000000,931.00,2.21111698900,
"Kepler-1129 c",2.75000000,471.00,76.53695860000,
"Kepler-319 d",4.56000000,746.00,31.78209253000,
"Kepler-1093 b",2.03000000,776.00,25.08246260000,
"Kepler-1337 b",2.38000000,420.00,24.40015000000,
"Kepler-217 c",1.48000000,1178.00,8.58598202000,
"Kepler-1222 b",0.89000000,1246.00,1.91694087200,
"Kepler-602 b",1.92000000,772.00,15.28462000000,
"Kepler-1538 b",2.94000000,361.00,175.13881900000,
"Kepler-164 c",2.69000000,950.00,10.94577222000,
"Kepler-586 b",2.89000000,1365.00,2.10472197100,
"Kepler-255 c",3.12000000,807.00,9.94602357000,
"Kepler-55 b",1.56000000,392.00,27.95369000000,
"Kepler-1332 b",1.14000000,699.00,11.87456832000,
"K2-16 b",2.02000000,658.00,7.61880000000,"K3 V"
"Kepler-371 c",1.54000000,448.00,67.96870260000,
"Kepler-49 b",2.71000000,531.00,7.20379400000,
"Kepler-1230 b",3.41000000,946.00,9.95667035000,
"Kepler-238 d",2.15000000,759.00,13.23356008000,
"Kepler-682 b",7.66000000,753.00,12.61190667200,
"Kepler-402 d",1.26000000,1070.00,8.92116020000,
"Kepler-155 c",1.97000000,286.00,52.66156000000,
"Kepler-1166 b",1.94000000,563.00,33.24068820000,
"Kepler-892 b",2.74000000,556.00,13.75210720000,
"Kepler-173 b",1.28000000,1179.00,4.26374847000,
"Kepler-1279 b",1.34000000,738.00,23.47725530000,
"Kepler-187 b",1.44000000,1244.00,4.93883135000,
"Kepler-185 c",1.88000000,550.00,20.72913358000,
"Kepler-1309 b",2.10000000,487.00,28.84179000000,
"Kepler-234 c",3.51000000,1015.00,7.21204152000,
"Kepler-116 b",2.78000000,1184.00,5.96871746900,
"Kepler-1876 b",1.25000000,1424.00,6.99205491000,
"Kepler-725 b",10.52000000,476.00,39.64317811000,
"Kepler-519 b",2.14000000,532.00,24.30784323000,
"Kepler-1806 b",2.05000000,729.00,9.03322647000,
"Kepler-366 c",1.87000000,848.00,12.51610549000,
"Kepler-1375 b",1.21000000,1442.00,3.30041920000,
"Kepler-287 c",3.50000000,522.00,44.85210710000,
"Kepler-1652 b",1.12000000,229.00,38.09723780000,
"Kepler-261 c",2.10000000,509.00,24.57081569000,
"Kepler-349 c",1.97000000,775.00,12.24764145000,
"Kepler-1153 b",1.68000000,1349.00,1.75583532700,
"Kepler-131 b",2.41000000,719.00,16.09194100000,
"Kepler-427 b",13.43000000,996.00,10.29099412900,
"Kepler-1744 b",3.42000000,532.00,37.10110700000,
"Kepler-301 d",1.96000000,725.00,13.75134642000,
"Kepler-316 b",1.32000000,840.00,2.24050700000,
"Kepler-739 b",3.37000000,775.00,12.53248465000,
"Kepler-1311 c",1.02000000,1525.00,2.53574000000,
"Kepler-1758 b",1.37000000,793.00,9.97726191000,
"CoRoT-36 b",15.80466279,1567.00,5.61653100000,"F3 V"
"Kepler-319 d",2.08000000,528.00,31.78211170000,
"Kepler-1541 b",2.15000000,1048.00,8.40691199000,
"Kepler-299 d",1.73000000,719.00,15.05486890000,
"Kepler-1288 b",1.84000000,2017.00,2.76122370000,
"Kepler-283 c",38.67000000,321.00,92.74902300000,
"Kepler-889 b",1.06000000,1295.00,3.74443900000,
"Kepler-887 c",1.05000000,1084.00,7.63846023000,
"Kepler-623 b",3.23000000,825.00,9.07097734000,
"Kepler-195 b",2.41000000,730.00,8.30783200000,
"Kepler-1631 b",1.39000000,1122.00,4.09513932000,
"Kepler-157 c",2.33000000,762.00,13.54056874000,
"Kepler-972 b",4.29000000,1063.00,7.03932553000,
"Kepler-338 c",2.37000000,831.00,24.31113990000,
"Kepler-518 b",5.10000000,1260.00,8.51205000000,
"Kepler-306 c",2.58000000,803.00,7.24022850000,
"Kepler-619 d",4.17000000,830.00,11.67894236000,
"Kepler-1905 b",1.25000000,1212.00,3.42390809000,
"Kepler-552 b",3.86000000,1100.00,5.26341576500,
"Kepler-592 b",2.17000000,1326.00,2.82019240800,
"Kepler-192 d",0.91000000,848.00,6.47052000000,
"Kepler-445 b",1.96000000,479.00,2.98415100000,
"Kepler-165 b",2.10000000,716.00,8.18089490000,
"Kepler-614 b",2.35000000,641.00,14.03491514000,
"Kepler-55 f",1.75000000,559.00,10.19849255000,
"Kepler-1319 b",1.41000000,479.00,2.88676270000,
"Kepler-637 b",2.76000000,862.00,23.20584623000,
"Kepler-53 d",2.44000000,869.00,9.75193182000,
"Kepler-930 b",2.30000000,561.00,71.45177750000,
"Kepler-1396 b",1.65000000,748.00,18.22064210000,
"Kepler-132 d",2.98000000,836.00,18.01000000000,
"Kepler-60 d",1.76000000,1013.00,11.89849320000,
"Kepler-120 b",2.05000000,576.00,6.31238222000,"M0 V"
"Kepler-147 b",1.33000000,877.00,12.61102000000,
"Kepler-125 c",0.85000000,535.00,5.77442209000,
"Kepler-79 e",2.23000000,467.00,81.06349420000,
"Kepler-1640 b",5.49000000,1222.00,7.58441260000,
"Kepler-529 b",1.50000000,1483.00,1.98035766300,
"Kepler-480 b",2.86000000,1312.00,4.91958499700,
"Kepler-1972 b",0.68000000,1084.00,7.54592203700,
"Kepler-694 b",2.44000000,914.00,6.36583971300,
"Kepler-282 b",1.04000000,868.00,9.22068890000,
"Kepler-1086 c",2.74000000,203.00,161.51633450000,
"Kepler-11 c",2.94000000,786.00,13.02492819000,
"Kepler-194 c",2.60000000,748.00,17.30797625000,
"K2-225 b",3.60929179,923.00,15.87230000000,
"Kepler-1302 b",1.48000000,778.00,8.83922659000,
"Kepler-335 c",1.48000000,447.00,67.84507710000,
"Kepler-253 b",1.70000000,911.00,3.78406400000,
"Kepler-1569 b",1.69000000,1222.00,5.79179934000,
"Kepler-879 b",2.54000000,580.00,33.38559380000,
"Kepler-946 b",1.78000000,770.00,11.79162572000,
"Kepler-931 b",1.54000000,744.00,8.03753796000,
"Kepler-1937 b",3.09000000,1014.00,9.68872160000,
"Kepler-1216 b",1.46000000,1155.00,4.37034536000,
"Kepler-1792 b",3.03000000,1047.00,4.19577537900,
"Kepler-176 e",1.51000000,398.00,51.16580190000,
"Kepler-164 e",4.24000000,429.00,94.88690200000,
"K2-230 b",1.96000000,1529.00,2.86041000000,
"Kepler-1156 b",1.33000000,787.00,11.89520436000,
"Kepler-286 c",1.29000000,1098.00,3.46807300000,
"Kepler-250 b",1.08000000,938.00,4.14810719000,
"Kepler-643 b",10.99000000,972.00,16.33889626000,
"Kepler-1256 b",1.40000000,972.00,12.41277540000,
"Kepler-1775 b",2.07000000,423.00,85.65390000000,
"Kepler-1376 b",1.07000000,1043.00,5.30880656000,
"Kepler-1448 b",1.73000000,811.00,12.27065865000,
"Kepler-266 b",2.51000000,990.00,6.61834191000,
"Kepler-1090 b",2.79000000,297.00,198.68085900000,
"Kepler-1601 b",0.88000000,1507.00,2.20921951000,
"Kepler-1610 b",1.45000000,749.00,8.70181574000,
"Kepler-1067 b",0.70000000,1792.00,0.76212926100,
"Kepler-298 b",2.11000000,540.00,10.47548084000,
"Kepler-127 d",2.51000000,578.00,48.63057000000,
"Kepler-1664 b",2.75000000,810.00,14.38681090000,
"Kepler-696 b",5.90000000,1186.00,4.19040910000,
"Kepler-819 b",2.56000000,468.00,33.19956480000,
"Kepler-100 c",2.08000000,869.00,12.81573500000,
"Kepler-83 d",2.18000000,708.00,5.16982000000,
"Kepler-224 c",3.33000000,791.00,5.92499130800,
"Kepler-937 b",3.39000000,495.00,67.66905540000,
"Kepler-694 b",2.59000000,916.00,6.36581500000,
"Kepler-1125 b",1.58000000,646.00,17.67006420000,
"Kepler-54 d",1.38000000,329.00,20.99589959000,
"Kepler-1736 b",2.44000000,566.00,37.81011740000,
"Kepler-85 b",1.99000000,814.00,8.30599200000,
"Kepler-351 d",2.95000000,317.00,142.54424700000,
"Kepler-1597 b",0.91000000,1499.00,2.94654179000,
"Kepler-1869 b",2.64000000,1246.00,8.16733500000,
"Kepler-1936 b",4.50000000,524.00,126.55752200000,
"Kepler-132 e",1.14000000,404.00,110.28693740000,
"Kepler-104 c",2.05000000,627.00,23.66834000000,
"Kepler-999 b",1.51000000,1114.00,5.99185701700,
"Kepler-1352 b",0.81000000,1714.00,1.87788274800,
"Kepler-1340 b",1.11000000,2174.00,0.66502594100,
"Kepler-542 b",2.06000000,749.00,13.14494000000,
"Kepler-1231 b",1.29000000,808.00,10.41725184000,
"Kepler-1325 b",3.52000000,564.00,33.87863900000,
"Kepler-1997 b",2.51000000,654.00,26.75758590000,
"Kepler-956 b",2.69000000,1106.00,5.24867263100,
"Kepler-270 b",1.83000000,1001.00,11.47610130000,
"Kepler-816 b",9.41000000,669.00,10.50682564600,
"OGLE-TR-132 b",14.01125000,2017.00,1.68986800000,
"Kepler-1344 b",1.73000000,1175.00,4.76831300000,
"Kepler-79 b",2.94000000,868.00,13.48458000000,
"Kepler-11 d",3.26000000,653.00,22.68714105000,
"Kepler-223 b",1.80000000,961.00,7.38441403000,
"Kepler-1105 b",1.92000000,697.00,4.42157218200,
"Kepler-1235 b",0.68000000,986.00,4.16055856000,
"Kepler-124 b",0.80000000,931.00,3.41045424000,
"KOI-4777.01",0.42000000,746.00,0.82400012500,
"Kepler-633 b",2.90000000,1211.00,8.50340600000,
"Kepler-1631 b",1.75000000,1122.00,4.09513876000,
"Kepler-1033 b",2.31000000,889.00,7.56034400000,
"Kepler-985 b",3.53000000,371.00,116.33190100000,
"Kepler-958 b",2.54000000,749.00,9.76785911000,
"Kepler-949 b",3.03000000,782.00,8.68930729600,
"Kepler-969 b",2.37000000,465.00,34.17321560000,
"HD 224018 c",2.42000000,641.00,36.57669000000,"G V"
"Kepler-292 d",2.13000000,808.00,7.05565840000,
"Kepler-302 c",9.32000000,352.00,127.28240310000,
"Kepler-619 b",2.69000000,1073.00,5.40427219700,
"Kepler-1552 b",2.17000000,251.00,184.77185300000,
"Kepler-39 b",9.80000000,712.00,21.08717400000,
"Kepler-1641 c",3.78000000,767.00,32.65721200000,
"Kepler-395 c",1.14000000,292.00,34.98978470000,
"KIC 9663113 b",5.80000000,264.00,572.37663200000,
"Kepler-1068 b",3.63000000,735.00,16.92344113000,
"Kepler-46 d",2.17000000,845.00,6.76652078000,
"Kepler-1727 b",2.72000000,757.00,9.02930890000,
"Kepler-1211 b",2.30000000,829.00,11.01832000000,
"Kepler-998 b",1.88000000,1020.00,5.65377733000,
"Kepler-1505 b",1.13000000,625.00,30.86093660000,
"Kepler-635 b",2.53000000,779.00,23.44971004000,
"Kepler-295 c",1.20000000,620.00,21.52625690000,
"Kepler-1806 b",1.96000000,729.00,9.03326435000,
"Kepler-478 b",2.38000000,640.00,13.22175358000,
"Kepler-106 b",0.85000000,1035.00,6.16491696000,
"Kepler-1700 b",3.14000000,335.00,234.24425700000,
"Kepler-282 e",2.59000000,515.00,44.34709950000,
"Kepler-251 c",3.59000000,762.00,16.51412820000,
"Kepler-1464 b",1.53000000,564.00,31.77859010000,
"Kepler-1563 b",0.72000000,1134.00,3.43276598000,
"Kepler-260 c",1.75000000,372.00,76.04981630000,
"Kepler-1897 b",2.10000000,505.00,24.22041920000,
"Kepler-1653 b",1.73000000,257.00,140.25251500000,
"Kepler-914 b",1.51000000,1192.00,4.40966750000,
"Kepler-346 b",3.10000000,987.00,6.51116800000,
"TYC 8998-760-1 c",12.32990000,1240.00,,
"Kepler-1515 b",9.17000000,380.00,214.31204390000,
"Kepler-842 b",1.58000000,1264.00,1.21956827000,
"Kepler-153 b",2.82000000,621.00,18.87022157000,
"Kepler-789 b",2.25000000,937.00,8.63845000000,
"Kepler-1711 b",1.84000000,678.00,21.06046000000,
"Kepler-28 c",1.73000000,507.00,8.98596954000,"M0 V"
"Kepler-1896 b",2.56000000,536.00,44.87020420000,
"Kepler-1371 b",0.64000000,1015.00,3.44620390000,
"Kepler-1991 b",1.26000000,700.00,13.26084292000,
"Kepler-815 b",4.43000000,1394.00,8.57503552000,
"Kepler-31 b",5.28000000,781.00,20.86021267000,
"Kepler-667 b",4.70000000,474.00,41.43954000000,
"Kepler-311 b",1.85000000,985.00,9.17608000000,
"Kepler-1007 b",1.17000000,652.00,5.18500207300,
"Kepler-626 b",2.17000000,772.00,14.48585199000,
"Kepler-308 b",2.08000000,833.00,9.69501146000,
"Kepler-595 b",3.77000000,519.00,25.30292332000,
"Kepler-307 b",3.43000000,855.00,10.41572924000,
"Kepler-1331 b",0.91000000,1244.00,0.78916088400,
"Kepler-385 c",3.30000000,850.00,15.16227350000,
"Kepler-350 b",1.50000000,979.00,11.18961000000,
"Kepler-481 b",2.58000000,899.00,10.06083238000,
"Kepler-30 c",12.88000000,411.00,60.32488611000,
"Kepler-220 d",1.03000000,426.00,28.12246550000,
"Kepler-153 b",3.20000000,632.00,18.87021400000,
"Kepler-1336 b",2.61000000,793.00,23.19858520000,
"Kepler-421 b",4.16000000,185.00,704.19840000000,"G9/K0"
"Kepler-291 b",2.18000000,1212.00,3.54653180900,
"Kepler-232 b",3.07000000,1074.00,4.43124259300,
"Kepler-166 d",1.58000000,1326.00,1.55400392800,
"Kepler-1016 b",2.12000000,1482.00,1.95452434200,
"Kepler-616 c",3.40000000,401.00,90.41119000000,
"Kepler-255 d",1.28000000,1561.00,1.04563200000,
"Kepler-1923 b",1.83000000,553.00,52.60951030000,
"Kepler-1816 b",1.85000000,315.00,91.50092370000,
"Kepler-795 b",1.76000000,579.00,29.61934210000,
"Kepler-1455 b",1.97000000,272.00,49.27676400000,
"KOI-3680 b",11.09691000,347.00,141.24167100000,
"Kepler-320 c",2.80000000,1002.00,17.93466060000,
"Kepler-1943 b",0.80000000,1098.00,4.85026423000,
"Kepler-1386 b",1.09000000,930.00,6.73972381000,
"Kepler-1354 b",2.61000000,466.00,76.61394460000,
"Kepler-1237 b",2.59000000,366.00,84.57333460000,
"Kepler-1472 b",1.81000000,633.00,38.13128310000,
"Kepler-243 b",2.47000000,850.00,5.71542597700,
"K2-37 d",2.31000000,646.00,14.09229000000,
"Kepler-804 c",1.17000000,875.00,9.65185017000,
"Kepler-275 c",3.32000000,881.00,16.08831829000,
"Kepler-98 b",1.82000000,1437.00,1.54167662800,
"Kepler-1406 b",1.06000000,887.00,11.62905828000,
"Kepler-1939 b",0.92000000,827.00,2.79064933900,
"Kepler-1449 b",1.72000000,867.00,13.22745280000,
"Kepler-1081 b",1.88000000,1385.00,3.85691854700,
"Kepler-83 c",2.06000000,361.00,20.09020088000,
"Kepler-399 b",1.68000000,773.00,14.42526350000,
"Kepler-1258 b",0.84000000,1846.00,0.98494016700,
"Kepler-304 e",1.06000000,1136.00,1.49914200000,
"Kepler-404 b",1.18000000,730.00,11.82888430000,
"Kepler-1744 b",3.42000000,532.00,37.10110700000,
"Kepler-730 b",9.66000000,1062.00,6.49168280800,
"Kepler-1782 b",2.67000000,834.00,5.75624254700,
"Kepler-207 b",1.09000000,1712.00,1.61188717700,
"Kepler-822 b",1.47000000,1239.00,3.22297531800,
"Kepler-2000 b",2.73000000,530.00,6.38315913500,
"Kepler-203 c",2.14000000,1034.00,5.37064586800,
"Kepler-1013 b",6.30000000,859.00,18.93094000000,
"Kepler-307 c",2.80000000,778.00,13.08414300000,
"Kepler-1126 b",1.68000000,374.00,108.59311300000,
"Kepler-21 b",1.69000000,1784.00,2.78582123600,
"Kepler-82 e",2.43000000,926.00,5.90224578200,
"Kepler-1075 b",1.38000000,862.00,1.52372816000,
"Kepler-1609 b",2.05000000,428.00,114.34219000000,
"Kepler-527 b",2.18000000,893.00,13.28535633000,
"Kepler-20 c",3.04700000,772.00,10.85409089000,
"Kepler-115 c",2.31000000,939.00,8.99088871000,
"Kepler-709 b",3.19000000,613.00,16.08524954000,
"Kepler-140 b",1.53000000,1378.00,3.25428200000,
"Kepler-1781 b",2.50000000,995.00,4.88753526000,
"Kepler-598 c",2.91000000,367.00,86.49478070000,
"Kepler-49 d",1.54000000,694.00,2.57656968900,
"Kepler-1858 b",1.99000000,310.00,88.07080000000,
"GU Psc b",14.17900000,1050.00,,"M3"
"Kepler-1053 b",0.78000000,803.00,2.41435165400,
"Kepler-449 b",1.57000000,923.00,12.58227990000,
"Kepler-1091 b",1.11000000,1476.00,1.43477900000,
"Kepler-342 c",1.59000000,723.00,26.23484780000,
"Kepler-164 b",1.63000000,1141.00,5.03505665000,
"Kepler-463 b",3.35000000,861.00,8.98100800000,
"Kepler-292 b",1.65000000,1229.00,2.58082149000,
"Kepler-1417 b",1.05000000,700.00,20.35045000000,
"Kepler-918 b",1.72000000,1052.00,4.85384040000,
"Kepler-1166 b",1.94000000,563.00,33.24068820000,
"Kepler-239 c",2.19000000,365.00,56.22796970000,
"Kepler-1259 b",1.32000000,1589.00,0.66309830000,
"Kepler-1182 b",1.55000000,790.00,11.17360000000,
"Kepler-646 b",1.61000000,632.00,15.87364565000,
"Kepler-121 c",2.56000000,436.00,41.00812000000,
"Kepler-119 b",3.60000000,1214.00,2.42208444800,
"Kepler-54 b",1.72000000,453.00,8.01078456000,
"Kepler-1080 b",4.02000000,562.00,77.25483960000,
"Kepler-1733 b",2.36000000,982.00,9.22969000000,
"K2-21 c",1.92000000,420.00,15.50120000000,"M0.0"
"Kepler-474 b",3.80000000,1190.00,5.66067293500,
"K2-233 c",1.27200000,794.00,7.06024000000,"K3"
"Kepler-270 b",1.87000000,990.00,11.47613000000,
"Kepler-95 b",3.13000000,927.00,11.52306745800,
"Kepler-58 b",3.10000000,920.00,10.21866016000,
"KOI-1257 b",7.62000000,366.00,86.64763676000,
"Kepler-119 c",0.87000000,1000.00,4.12502000000,
"Kepler-153 c",2.60000000,458.00,46.90264310000,
"Kepler-296 b",35.38000000,358.00,10.86443187000,
"Kepler-206 c",1.98000000,896.00,13.13742000000,
"Kepler-758 b",2.34000000,1028.00,12.10971040000,
"Kepler-441 b",1.93000000,194.00,207.24795900000,
"Kepler-1732 b",3.00000000,576.00,32.31153000000,
"Kepler-1037 b",1.61000000,1650.00,1.06378861000,
"Kepler-343 b",1.65000000,947.00,8.96857400000,
"Kepler-1863 b",1.48000000,590.00,44.99774780000,
"Kepler-1902 b",1.60000000,736.00,3.82223400000,
"Kepler-272 c",1.67000000,881.00,6.05730524000,
"Kepler-918 b",1.44000000,1102.00,4.85386933000,
"Kepler-1942 b",1.65000000,1012.00,4.62602867000,
"Kepler-763 b",1.22000000,1419.00,1.19655156000,
"Kepler-1932 b",1.42000000,2045.00,0.52417609400,
"Kepler-1015 b",2.60000000,938.00,16.00494214000,
"Kepler-1872 b",2.64000000,1005.00,3.82590987000,
"Kepler-1731 b",2.48000000,498.00,21.76129394000,
"Kepler-157 b",1.27000000,1512.00,1.73234549100,
"Kepler-162 b",1.28000000,961.00,6.91986734000,
"Kepler-224 d",2.47000000,641.00,11.34929400000,
"Kepler-1761 b",1.06000000,627.00,4.04353900000,
"Kepler-961 b",3.19000000,752.00,16.87727414000,
"Kepler-321 c",2.24000000,805.00,13.09390510000,
"Kepler-981 b",2.30000000,1089.00,4.46976300000,
"Kepler-1137 b",2.23000000,980.00,23.92107910000,
"Kepler-1066 b",2.55000000,1513.00,1.93155983900,
"Kepler-1995 b",4.23000000,375.00,73.75793170000,
"Kepler-1098 b",1.13000000,1280.00,2.54307285500,
"Kepler-20 f",0.95200000,681.00,19.57832800000,
"Kepler-1825 b",1.35000000,1468.00,1.02585770300,
"Kepler-1836 b",2.15000000,1094.00,5.25419736000,
"Kepler-1232 b",1.70000000,563.00,26.78372000000,
"Kepler-161 c",1.96000000,743.00,7.06425644100,
"Kepler-1846 b",0.99000000,556.00,14.82004540000,
"Kepler-1283 b",1.29000000,764.00,12.94609780000,
"Kepler-1300 b",1.06000000,798.00,22.24190920000,
"Kepler-1310 b",1.25000000,1814.00,0.67933627200,
"Kepler-362 c",2.01000000,543.00,37.86589640000,
"Kepler-104 b",3.08000000,972.00,11.42754563100,
"Kepler-363 d",1.83000000,905.00,11.93205399000,
"Kepler-1786 b",3.55000000,501.00,78.54611060000,
"Kepler-1786 b",2.60000000,426.00,78.54590000000,
"Kepler-364 c",1.99000000,549.00,59.98105860000,
"Kepler-1116 b",2.37000000,489.00,41.69778270000,
"Kepler-1120 b",1.51000000,1028.00,2.94902905200,
"Kepler-1127 b",1.58000000,907.00,5.12330347000,
"Kepler-1130 b",0.97000000,970.00,5.45300000000,
"Kepler-354 b",2.00000000,740.00,5.47665368000,
"Kepler-367 b",1.15000000,393.00,37.81562190000,
"Kepler-368 b",1.22000000,523.00,26.84763250000,
"Kepler-1132 b",2.19000000,378.00,62.89080000000,
"Kepler-369 c",1.59000000,391.00,14.87149773000,
"Kepler-1133 b",1.72000000,720.00,11.55562343000,
"Kepler-1136 b",1.54000000,922.00,2.36172432900,
"Kepler-1071 b",2.12000000,814.00,6.17998508000,
"Kepler-1142 b",1.22000000,629.00,18.30272480000,
"Kepler-1808 b",2.40000000,618.00,23.34034000000,
"Kepler-1155 b",2.15000000,609.00,33.46974300000,
"Kepler-1161 b",1.93000000,468.00,10.71252541000,
"Kepler-1163 b",0.88000000,1150.00,6.11786898000,
"Kepler-1168 b",2.21000000,379.00,55.82265390000,
"Kepler-1487 b",1.24000000,1017.00,7.31946363000,
"Kepler-1984 b",0.69000000,661.00,1.99281228200,
"Kepler-581 b",2.21000000,468.00,40.60709000000,
"Kepler-1488 b",1.59000000,594.00,39.81899320000,
"Kepler-1493 b",0.84000000,677.00,15.02179830000,
"Kepler-1495 b",3.01000000,443.00,85.27325600000,
"Kepler-1921 b",2.30000000,968.00,20.03494560000,
"Kepler-1921 c",1.44000000,1792.00,3.15721824000,
"Kepler-1497 b",1.69000000,898.00,8.74199772000,
"Kepler-1501 b",1.38000000,876.00,14.55645330000,
"Kepler-1710 b",2.62000000,694.00,14.91095177000,
"Kepler-1504 b",2.27000000,391.00,82.30400300000,
"Kepler-1925 b",1.63000000,506.00,46.71693440000,
"KOI-3503 b",1.19000000,785.00,21.18500000000,
"Kepler-695 b",9.17000000,1021.00,3.04033042400,
"Kepler-320 b",2.39000000,1292.00,8.37159554000,
"Kepler-622 b",1.64000000,369.00,14.28226676000,
"Kepler-622 b",1.79000000,443.00,14.28231800000,
"Kepler-215 c",1.57000000,792.00,14.66730000000,
"Kepler-748 b",2.01000000,938.00,7.40742502000,
"KOI-1257 b",7.10000000,364.00,86.64774000000,
"Kepler-362 b",0.84000000,739.00,10.32738017000,
"Kepler-528 b",1.82000000,675.00,19.78297415000,
"Kepler-106 c",2.64000000,785.00,13.57078281000,
"Kepler-344 b",2.64000000,643.00,21.96399084000,
"Kepler-322 c",3.23000000,1299.00,4.33723800000,
"Kepler-257 b",2.67000000,1237.00,2.38265216900,
"Kepler-259 c",2.71000000,530.00,36.92495310000,
"Kepler-29 c",1226.40000000,714.00,13.28689074000,
"Kepler-229 b",2.41000000,782.00,6.25296489800,
"Kepler-166 c",2.49000000,473.00,34.25951372000,
"Kepler-477 b",2.20000000,705.00,11.11988800000,
"Kepler-264 b",4.86000000,844.00,40.80684940000,
"Kepler-261 b",2.23000000,678.00,10.38123451000,
"Kepler-753 b",1.52000000,556.00,5.74772501200,
"Kepler-752 b",2.70000000,632.00,18.82744023000,
"Kepler-376 c",1.72000000,804.00,14.17220432000,
"Kepler-1173 b",0.91000000,1643.00,0.76985360000,
"Kepler-1787 b",2.07000000,540.00,39.31356990000,
"Kepler-1174 b",1.40000000,962.00,6.89225223000,
"Kepler-1817 b",2.28000000,433.00,44.29944770000,
"Kepler-113 c",2.36000000,628.00,8.92507951600,
"Kepler-1683 b",1.92000000,723.00,15.03366571000,
"Kepler-1683 b",1.70000000,669.00,15.03366411000,
"Kepler-1073 b",1.95000000,816.00,8.67888593000,
"Kepler-1169 b",0.99000000,1123.00,6.11009134000,
"Kepler-79 d",7.14000000,592.00,52.09081627000,
"Kepler-1075 b",1.26000000,818.00,1.52373073000,
"Kepler-1183 b",3.00000000,556.00,28.50273000000,
"Kepler-1184 b",2.57000000,529.00,53.59910440000,
"Kepler-1788 b",1.97000000,956.00,2.80011812400,
"Kepler-1084 b",1.14000000,1859.00,2.05333679000,
"Kepler-114 b",1.00000000,586.00,5.18856367700,
"Kepler-1088 b",1.36000000,672.00,23.12748644000,
"Kepler-1095 b",1.22000000,1108.00,4.27103727000,
"Kepler-1098 b",1.26000000,1319.00,2.54306376300,
"Kepler-48 d",2.35000000,450.00,42.89592000000,
"Kepler-1102 b",3.13000000,546.00,51.32856230000,
"Kepler-417 c",2.70000000,616.00,15.94251522000,
"Kepler-114 d",2.05000000,447.00,11.77613845700,
"Kepler-1796 b",2.21000000,598.00,29.45571540000,
"Kepler-49 e",1.30000000,359.00,18.59604310000,
"Kepler-968 c",1.51000000,644.00,5.70940795000,
"Kepler-1665 b",2.30000000,641.00,11.95477600000,
"Kepler-990 c",1.31000000,2233.00,0.53835430800,
"Kepler-151 b",2.98000000,643.00,15.22895698000,
"Kepler-241 b",2.17000000,548.00,12.71807000000,
"Kepler-582 b",3.39000000,603.00,18.49235668000,
"Kepler-582 b",3.39000000,603.00,18.49235668000,
"Kepler-696 b",6.73000000,1265.00,4.19042557500,
"Kepler-201 b",2.73000000,718.00,25.67212848000,
"Kepler-1722 b",2.33000000,758.00,9.17858057000,
"Kepler-1076 b",0.81000000,770.00,6.14727918000,
"K2-239 c",1.00000000,427.00,7.77500000000,"M3.0 V"
"Kepler-1629 b",0.76000000,1157.00,3.87595807000,
"Kepler-1852 b",1.63000000,723.00,7.97105400000,
"CoRoT-24 c",5.00000000,850.00,11.75900000000,"K1 V"
"Kepler-282 e",2.45000000,484.00,44.34719360000,
"Kepler-520 b",1.57000000,709.00,19.67416124000,
"Kepler-806 b",1.86000000,1235.00,8.09219642000,
"Kepler-867 b",4.60000000,327.00,150.24125820000,
"Kepler-92 d",1.99000000,639.00,49.35688490000,
"Kepler-843 b",2.31000000,1359.00,2.05389900000,
"CoRoT-14 b",11.41076200,1936.00,1.51214000000,
"Kepler-767 b",6.10000000,321.00,161.52660000000,
"Kepler-260 b",2.09000000,798.00,8.18741090000,
"Kepler-260 b",1.92000000,782.00,8.18739443000,
"CoRoT-7 b",1.58500000,1756.00,0.85359159000,
"Kepler-1735 b",0.92000000,502.00,7.71792296000,
"Kepler-763 d",1.58000000,808.00,6.50323791000,
"Kepler-285 c",1.11000000,847.00,6.18666218000,
"Kepler-288 b",1.64000000,1035.00,6.09741000000,
"Kepler-1987 e",1.99000000,647.00,8.74287133000,
"Kepler-49 e",1.53000000,371.00,18.59611518000,
"Kepler-276 d",4.14000000,489.00,48.64785430000,
"Kepler-300 b",1.88000000,812.00,10.44636649000,
"Kepler-303 c",1.23000000,521.00,7.06117322000,
"Kepler-1188 b",2.17000000,781.00,17.13695430000,
"Kepler-1188 b",2.17000000,781.00,17.13695430000,
"Kepler-1190 b",1.26000000,601.00,10.45843441000,
"Kepler-1192 b",2.57000000,600.00,25.20347870000,
"Kepler-1193 b",1.13000000,1375.00,2.83265213400,
"Kepler-136 c",1.94000000,847.00,16.39926461000,
"Kepler-136 c",1.84000000,817.00,16.39922000000,
"Kepler-1195 b",2.14000000,702.00,8.49640437000,
"Kepler-138 b",0.64000000,452.00,10.31340000000,
"Kepler-1829 b",2.22000000,862.00,5.18674073000,
"Kepler-1832 b",0.97000000,1022.00,3.13877646000,
"Kepler-1832 b",0.98000000,1021.00,3.13878100000,
"Kepler-1833 b",1.32000000,1146.00,6.89208596000,
"Kepler-1833 b",1.32000000,1146.00,6.89208596000,
"Kepler-1216 b",1.56000000,1191.00,4.37033233000,
"Kepler-1218 b",1.47000000,754.00,22.92272000000,
"Kepler-1218 b",1.33000000,684.00,22.92211810000,
"Kepler-1220 b",1.37000000,923.00,7.42693741000,
"Kepler-145 b",2.17000000,873.00,22.95062278000,
"Kepler-1655 b",1.94000000,861.00,11.87290082900,
"Kepler-1655 b",1.94000000,861.00,11.87290082900,
"Kepler-1221 b",1.61000000,632.00,12.00096042000,
"Kepler-352 d",0.72000000,788.00,6.88731130000,
"Kepler-347 c",1.64000000,629.00,27.32163320000,
"Kepler-1047 c",0.79000000,1219.00,3.18897601000,
"Kepler-1047 c",0.98000000,1309.00,3.18899015000,
"Kepler-1065 c",1.56000000,1256.00,2.37030743000,
"Kepler-1067 b",0.70000000,1792.00,0.76212926100,
"Kepler-557 b",2.55000000,1242.00,3.70597000000,
"Kepler-204 b",2.71000000,828.00,14.40090414000,
"Kepler-1085 b",6.11000000,313.00,219.32155620000,
"Kepler-267 b",1.79000000,617.00,3.35368204000,"M1 V"
"Kepler-1518 b",2.81000000,1351.00,5.11175470000,
"Kepler-583 b",2.50000000,935.00,6.51003600000,
"Kepler-1146 b",1.29000000,1019.00,2.35227391200,
"Kepler-1841 b",1.58000000,577.00,25.88612900000,
"Kepler-1366 b",1.50000000,855.00,2.16455030000,
"Kepler-114 d",2.08000000,446.00,11.77613231700,
"Kepler-1886 b",2.26000000,578.00,24.27623730000,
"Kepler-1290 b",1.49000000,1098.00,4.69505576000,
"Kepler-1600 c",1.75000000,794.00,7.29814580000,
"Kepler-408 b",0.70000000,1558.00,2.46502615800,
"Kepler-1516 b",1.57000000,967.00,7.25932260000,
"Kepler-1829 b",2.22000000,862.00,5.18674073000,
"Kepler-1024 b",3.44000000,376.00,66.41597890000,
"Kepler-128 b",1.43000000,971.00,15.08960174000,
"Kepler-132 b",1.04000000,1055.00,6.17828255000,
"Kepler-272 c",1.70000000,875.00,6.05742800000,
"Kepler-1739 b",1.90000000,838.00,7.34372823000,
"Kepler-746 b",1.26000000,1190.00,3.48159251000,
"Kepler-743 b",1.22000000,1097.00,3.17926292100,
"Kepler-1835 b",2.73000000,808.00,11.96721766000,
"Kepler-147 b",1.29000000,899.00,12.61097080000,
"Kepler-1238 b",1.33000000,1242.00,4.14765300000,
"Kepler-1238 b",1.57000000,1309.00,4.14787559000,
"Kepler-386 c",1.89000000,508.00,25.19418000000,
"Kepler-510 b",2.53000000,794.00,19.55659418000,
"Kepler-1228 b",1.63000000,1764.00,0.57737520000,
"Kepler-1243 b",1.64000000,685.00,16.83207290000,
"Kepler-519 b",2.11000000,535.00,24.30789460000,
"Kepler-520 b",1.57000000,709.00,19.67416124000,
"Kepler-1839 b",1.19000000,1049.00,5.05661845000,
"Kepler-161 c",2.00000000,722.00,7.06427100000,
"Kepler-164 e",3.79000000,462.00,94.88576800000,
"Kepler-139 b",2.73000000,768.00,15.77111583000,
"Kepler-1847 b",2.13000000,843.00,11.12968583000,
"Kepler-1847 b",1.93000000,843.00,11.12969710000,
"Kepler-1847 b",2.20000000,845.00,11.12956000000,
"Kepler-1268 b",1.89000000,589.00,40.98900000000,
"Kepler-1849 b",2.13000000,355.00,57.29315500000,
"Kepler-1280 b",1.49000000,487.00,66.55980000000,
"Kepler-1531 b",1.45000000,2537.00,1.13854821500,
"Kepler-703 b",5.69000000,1039.00,4.58352175600,
"Kepler-1532 b",1.35000000,1676.00,1.09366355900,
"Kepler-1930 b",1.65000000,643.00,13.02678441000,
"Kepler-1931 b",1.96000000,702.00,38.57529650000,
"Kepler-1536 b",2.98000000,166.00,364.75803100000,
"Kepler-1933 b",2.24000000,1490.00,4.94328533000,
"Kepler-439 b",2.25000000,291.00,178.13907200000,
"Kepler-1801 c",2.91000000,371.00,116.58318300000,
"Kepler-1539 b",2.71000000,301.00,133.30367410000,
"Kepler-1904 b",1.37000000,567.00,4.57699384000,
"Kepler-1425 b",0.88000000,717.00,14.45414000000,
"Kepler-296 e",1.08000000,244.00,34.14189000000,
"Kepler-1649 b",0.57000000,211.00,8.68907042000,
"Kepler-357 b",1.92000000,793.00,6.47539108000,
"Kepler-1450 b",1.55000000,310.00,54.50941660000,
"K2-336 b",1.22000000,569.00,21.19473300000,
"Kepler-288 c",4.00000000,815.00,19.30581662000,
"Kepler-1695 b",1.08000000,962.00,4.73291400000,
"Kepler-508 b",2.36000000,862.00,25.30889748000,
"Kepler-197 c",1.26000000,932.00,10.34971385000,
"Kepler-449 b",1.57000000,923.00,12.58227990000,
"Kepler-803 b",3.88000000,543.00,50.28635977000,
"Kepler-1918 b",2.82000000,497.00,47.05646210000,
"Kepler-61 b",2.17000000,272.00,59.87782400000,
"Kepler-155 c",1.87000000,271.00,52.66152660000,
"Kepler-773 b",1.68000000,1160.00,3.74910574500,
"Kepler-608 b",4.03000000,1069.00,6.41251503700,
"Kepler-201 c",2.55000000,393.00,151.88600000000,
"Kepler-1649 b",1.01700000,307.00,8.68909900000,
"Kepler-1593 b",1.74000000,186.00,174.51027600000,
"Kepler-151 c",2.09000000,547.00,24.67464211000,
"K2-323 b",2.10000000,318.00,24.93000000000,
"Kepler-1734 b",2.01000000,985.00,6.79685353000,
"K2-5 c",2.26000000,456.00,10.93241000000,"K7.5 V"
"K2-7 b",2.67000000,651.00,28.67992000000,
"K2-10 b",3.92000000,703.00,19.30691000000,
"Kepler-759 b",2.17000000,533.00,41.80598500000,
"Kepler-502 b",4.14000000,1217.00,4.28686622900,
"Kepler-418 b",9.88000000,446.00,86.67855186000,
"Kepler-1859 b",1.29000000,1436.00,2.72960336000,
"Kepler-1281 b",1.69000000,1123.00,3.11602791000,
"Kepler-1861 b",2.23000000,615.00,40.03098900000,
"Kepler-1861 b",2.01000000,617.00,40.03062670000,
"Kepler-1998 b",0.61000000,1197.00,3.03266154000,
"Kepler-1998 b",0.75000000,1209.00,3.03280200000,
"Kepler-392 b",1.19000000,1360.00,5.34185804000,
"Kepler-393 b",1.82000000,1259.00,9.18252000000,
"Kepler-186 e",1.26000000,322.00,22.40777444000,
"Kepler-97 b",1.60000000,1331.00,2.58663808100,
"Kepler-394 b",1.72000000,1063.00,8.00505342000,
"KOI-134 b",12.28000000,588.00,67.59522290000,
"Kepler-187 b",1.26000000,1175.00,4.93886507000,
"Kepler-1292 b",1.90000000,1198.00,3.27646405000,
"Kepler-513 b",2.53000000,623.00,28.86236571000,
"Kepler-1652 b",1.60000000,268.00,38.09722000000,
"Kepler-1863 b",1.48000000,590.00,44.99774780000,
"Kepler-1298 b",1.04000000,1261.00,7.12811928000,
"Kepler-191 c",2.02000000,558.00,17.73857000000,
"Kepler-1302 b",1.40000000,766.00,8.83915000000,
"Kepler-395 c",1.25000000,264.00,34.98944750000,
"Kepler-395 c",1.28000000,312.00,34.98804000000,
"Kepler-132 c",1.28000000,1025.00,6.41484200000,
"Kepler-619 d",4.35000000,830.00,11.67894845200,
"Kepler-1309 b",2.27000000,491.00,28.84326470000,
"Kepler-1310 b",1.33000000,1830.00,0.67936140000,
"Kepler-92 b",3.58000000,978.00,13.74882630000,
"Kepler-1314 b",5.20000000,626.00,5.42474928100,
"Kepler-1870 b",2.80000000,1211.00,3.60694240000,
"Kepler-1318 b",2.85000000,202.00,213.25766300000,
"Kepler-1454 b",1.70000000,437.00,47.03194790000,
"Kepler-1454 b",1.70000000,437.00,47.03194790000,
"Kepler-640 b",2.73000000,631.00,22.24813967000,
"Kepler-708 b",2.87000000,1221.00,3.16789193800,
"Kepler-584 b",4.02000000,656.00,35.18103040000,
"Kepler-28 b",1.92000000,585.00,5.91226829700,
"Kepler-641 b",2.02000000,926.00,9.48961571000,
"Kepler-177 c",6.77000000,497.00,49.41121127000,
"Kepler-1053 b",0.78000000,803.00,2.41435165400,
"Kepler-518 b",4.38000000,1252.00,8.51203587700,
"Kepler-1840 b",2.55000000,249.00,131.18771100000,
"Kepler-185 c",2.40000000,545.00,20.72874000000,
"Kepler-1742 b",1.88000000,462.00,49.47814460000,
"Kepler-416 d",1.61000000,1253.00,3.07644709000,
"Kepler-1799 b",2.43000000,770.00,11.92979348000,
"bet Pic b",16.80000000,1650.00,,
"Kepler-300 c",2.15000000,516.00,40.71511030000,
"Kepler-499 b",2.10000000,841.00,5.63252845300,
"Kepler-271 b",1.32000000,778.00,10.43547805000,
"Kepler-1750 b",4.83000000,297.00,205.91208200000,
"Kepler-845 b",2.10000000,1470.00,0.92785982100,
"Kepler-843 b",2.29000000,1379.00,2.05387982100,
"Kepler-839 b",2.29000000,614.00,37.81445140000,
"Kepler-1326 b",3.44000000,704.00,42.35142670000,
"Kepler-1335 b",1.60000000,758.00,6.26407000000,
"Kepler-1335 b",1.61000000,809.00,6.26406846000,
"Kepler-1335 b",1.55000000,809.00,6.26404774000,
"Kepler-401 b",1.79000000,956.00,14.38338734000,
"Kepler-1321 b",4.04000000,408.00,11.12827427000,
"Kepler-1323 b",1.44000000,2349.00,0.92990667800,
"Kepler-1325 b",2.77000000,525.00,33.87868380000,
"Kepler-1337 b",2.42000000,437.00,24.40025490000,
"Kepler-1339 b",0.72000000,1510.00,1.34156090000,
"Kepler-1690 b",3.30000000,294.00,234.63560000000,
"Kepler-1875 b",2.01000000,554.00,34.45842310000,
"Kepler-1344 b",1.79000000,1219.00,4.76830490000,
"Kepler-1346 b",1.19000000,1236.00,3.40165668000,
"Kepler-1348 b",1.94000000,636.00,27.57221440000,
"Kepler-1876 b",0.85300000,1299.00,6.99205000000,
"Kepler-1876 b",1.56000000,1395.00,6.99204200000,
"Kepler-521 b",3.02000000,803.00,22.20809549000,
"Kepler-1353 b",2.10000000,491.00,24.75438490000,
"Kepler-130 c",2.90000000,683.00,27.50868000000,
"Kepler-1356 b",1.31000000,1544.00,0.63400340000,
"Kepler-226 d",1.19000000,799.00,8.10904671000,
"Kepler-226 d",1.19000000,799.00,8.10904671000,
"Kepler-1361 b",1.00000000,1061.00,3.57554956000,
"Kepler-1361 b",0.89000000,1061.00,3.57551429000,
"Kepler-1362 b",2.43000000,251.00,136.20562600000,
"Kepler-1362 b",2.43000000,251.00,136.20562600000,
"Kepler-1363 b",1.18000000,937.00,2.94193800000,
"Kepler-1365 b",0.75000000,886.00,7.69993900000,
"Kepler-1365 b",0.79000000,891.00,7.69993485000,
"Kepler-525 b",3.64000000,832.00,18.68405716000,
"Kepler-46 b",9.05700000,543.00,33.60134000000,
"Kepler-209 b",2.60000000,719.00,16.08786478000,
"Kepler-604 b",2.42000000,637.00,25.85501786000,
"Kepler-642 b",2.25000000,1360.00,4.41746300000,
"Kepler-711 b",3.00000000,480.00,23.58906000000,
"Kepler-211 c",2.53000000,1147.00,6.04045294000,
"Kepler-1633 b",1.06000000,336.00,186.40427100000,
"Kepler-120 b",2.06000000,576.00,6.31250372800,
"VHS J125601.92-125723.9 b",14.57167491,1153.00,5800000.00000000000,
"Kepler-32 c",1.99000000,497.00,8.75216700000,
"Kepler-300 c",2.15000000,516.00,40.71511030000,
"Kepler-509 b",2.42000000,585.00,41.74600392000,
"Kepler-57 c",45.65000000,674.00,11.60907117000,
"Kepler-338 e",1.56000000,1143.00,9.34145925000,
"Kepler-117 b",7.39000000,852.00,18.79591276000,
"Kepler-117 b",5.74000000,792.00,18.79590900000,
"Kepler-560 b",1.47000000,298.00,18.47764400000,
"Kepler-230 b",4.20000000,513.00,32.62501000000,
"Kepler-823 b",1.95000000,1204.00,4.16809082000,
"Kepler-822 b",1.52000000,1240.00,3.22296927300,
"Kepler-821 b",1.28000000,1215.00,1.92279970600,
"Kepler-818 b",4.69000000,793.00,10.03538581400,
"Kepler-816 b",9.41000000,669.00,10.50682564600,
"Kepler-1667 b",3.78000000,520.00,83.57832590000,
"Kepler-1667 b",3.78000000,520.00,83.57832590000,
"Kepler-811 b",3.00000000,730.00,23.58444746000,
"Kepler-809 b",3.13000000,478.00,55.63918820000,
"Kepler-284 b",2.44000000,701.00,12.69902995000,
"Kepler-808 b",1.10000000,1324.00,0.63133235300,
"Kepler-282 d",2.46000000,653.00,24.80446000000,
"Kepler-802 b",3.46000000,490.00,40.05874730000,
"Kepler-57 b",2.23000000,827.00,5.72931900000,
"Kepler-235 c",1.20100000,555.00,7.82504600000,
"Kepler-1374 b",2.20000000,737.00,10.65275054000,
"Kepler-1881 b",2.70000000,279.00,159.39090000000,
"Kepler-1694 b",0.86000000,841.00,3.89523349000,
"Kepler-1377 b",1.32000000,1873.00,0.74092842200,
"Kepler-245 c",2.60000000,593.00,17.46067000000,
"Kepler-1383 b",1.16000000,910.00,13.90935830000,
"Kepler-1384 b",1.80000000,608.00,15.36260520000,
"Kepler-1388 b",2.23000000,427.00,12.28546030000,
"Kepler-55 c",27.87000000,356.00,42.14126640000,
"Kepler-531 b",2.77000000,453.00,29.88485741000,
"Kepler-252 b",1.20000000,588.00,6.66834872000,
"Kepler-255 b",1.61000000,878.00,5.71442000000,
"Kepler-758 d",1.96000000,821.00,20.49659000000,
"Kepler-266 c",4.10000000,374.00,107.71430000000,
"Kepler-266 c",3.83000000,390.00,107.72157440000,
"Kepler-267 c",2.05000000,484.00,6.87744603300,
"Kepler-267 c",2.32000000,543.00,6.87745800000,
"Kepler-533 b",3.27000000,423.00,28.51117639000,
"Kepler-272 d",1.76000000,723.00,10.93730071000,
"Kepler-346 c",3.30000000,654.00,23.85163032000,
"Kepler-346 c",3.37000000,654.00,23.85163321000,
"Kepler-1050 c",1.40000000,707.00,21.12845690000,
"Kepler-350 d",2.46000000,738.00,26.13635110000,
"Kepler-1664 b",2.50000000,781.00,14.38678600000,
"Kepler-162 c",3.28000000,681.00,19.44638698000,
"Kepler-162 c",3.28000000,681.00,19.44638698000,
"Kepler-185 c",1.88000000,550.00,20.72913358000,
"Kepler-122 c",5.65000000,897.00,12.46600443700,
"Kepler-216 b",1.91000000,1003.00,7.69364042000,
"Kepler-20 c",3.03000000,765.00,10.85409783500,
"Kepler-197 b",1.07000000,1143.00,5.59931973000,
"CT Cha b",24.66000000,2600.00,,
"Kepler-56 c",11.64000000,1087.00,21.40544220000,
"Kepler-280 b",1.40000000,1311.00,2.13956400000,
"Kepler-797 b",1.94000000,554.00,27.07237711000,
"Kepler-798 b",2.10000000,887.00,13.71933369000,
"Kepler-56 c",11.34000000,1079.00,21.40549010000,
"Kepler-277 b",2.96000000,923.00,17.32417247000,
"Kepler-792 b",1.75000000,831.00,11.30119217000,
"Kepler-787 b",1.47000000,1405.00,0.92831049800,
"Kepler-370 b",1.30000000,1043.00,4.57950946000,
"Kepler-374 b",1.04000000,1471.00,1.89783401800,
"Kepler-534 b",2.24000000,721.00,15.95994513000,
"Kepler-534 b",2.24000000,721.00,15.95994513000,
"Kepler-381 b",1.31000000,1599.00,5.62902579000,
"Kepler-1987 c",1.47000000,866.00,3.64829642000,
"Kepler-85 d",1.27000000,644.00,17.91337390000,
"Kepler-85 e",1.21000000,574.00,25.21528750000,
"Kepler-355 b",1.50000000,878.00,11.03173070000,
"Kepler-359 b",4.00000000,671.00,25.56386260000,
"Kepler-363 c",2.35000000,1295.00,7.54233911000,
"Kepler-1130 d",0.71000000,1057.00,4.27235400000,
"Kepler-143 c",2.24000000,649.00,27.08216000000,
"Kepler-382 c",2.25000000,787.00,12.16262000000,
"Kepler-292 c",1.46000000,1001.00,3.71545593000,
"Kepler-292 c",1.79000000,1088.00,3.71545391000,
"Kepler-395 b",1.18600000,576.00,7.05425900000,
"Kepler-299 b",1.29000000,1258.00,2.92721119000,
"Kepler-537 b",1.34000000,1176.00,3.24755521900,
"Kepler-306 d",2.57000000,600.00,17.32668599000,
"Kepler-306 e",2.75000000,390.00,44.84111680000,
"Kepler-55 e",1.62000000,728.00,4.61749056200,
"Kepler-311 c",1.46000000,719.00,19.73839130000,
"Kepler-55 f",1.67000000,549.00,10.19857400000,
"Kepler-316 b",1.22000000,837.00,2.24048670300,
"Kepler-949 c",3.10000000,545.00,20.99433000000,
"Kepler-322 b",0.97000000,1373.00,1.65388947600,
"Kepler-322 b",1.97000000,1801.00,1.65389800000,
"Kepler-416 c",2.54000000,848.00,12.20945351000,
"Kepler-416 d",1.68000000,1343.00,3.07645208300,
"Kepler-327 d",1.70000000,392.00,13.96948245000,
"Kepler-327 c",1.04000000,537.00,5.21230171000,
"Kepler-334 d",1.59000000,656.00,25.09850830000,
"Kepler-721 b",2.76000000,851.00,5.39202538800,
"Kepler-189 c",2.81000000,543.00,20.13488968000,
"Kepler-1981 b",3.71000000,270.00,453.54399900000,
"Kepler-722 b",2.85000000,1182.00,4.09357846100,
"Kepler-722 b",2.46000000,1182.00,4.09357325200,
"Kepler-1641 b",4.07000000,908.00,19.67232400000,
"Kepler-607 c",2.98000000,473.00,39.67696170000,
"Kepler-725 b",10.52000000,476.00,39.64317811000,
"Kepler-757 b",1.14000000,1734.00,1.02267865400,
"K2-38 b",1.65500000,1310.00,4.01593000000,
"Kepler-743 b",1.28000000,1143.00,3.17926200000,
"Kepler-839 b",2.51000000,598.00,37.81266000000,
"Kepler-276 b",2.64000000,793.00,14.12846178000,
"Kepler-153 c",2.50000000,458.00,46.90251120000,
"Kepler-598 c",2.91000000,367.00,86.49478070000,
"Kepler-235 d",1.84000000,351.00,20.06085968000,"M0 V"
"Kepler-244 c",2.00000000,751.00,9.76734365000,
"Kepler-32 d",2.70000000,340.00,22.78020000000,"M1 V"
"Kepler-932 b",1.43000000,1276.00,1.92143739600,
"Kepler-1766 b",1.89000000,410.00,105.01411570000,
"Kepler-1745 b",2.25000000,1449.00,3.01618201300,
"Kepler-1987 d",2.95000000,749.00,5.64491522700,
"Kepler-827 b",5.14000000,449.00,51.92927591000,
"Kepler-889 b",1.06000000,1295.00,3.74443900000,
"Kepler-887 b",1.62000000,781.00,20.42228798000,
"Kepler-852 b",3.50000000,645.00,44.93128000000,
"Kepler-26 b",2.89000000,427.00,12.28299971900,
"Kepler-880 b",2.15000000,1256.00,7.71468975000,
"Kepler-876 b",1.46000000,785.00,5.14439200000,
"Kepler-872 b",1.74000000,1231.00,2.57887800000,
"Kepler-1753 b",2.27000000,586.00,16.00454026000,
"Kepler-419 b",30.64000000,551.00,69.72664060000,
"Kepler-238 f",2.15000000,486.00,50.44731560000,
"Kepler-27 d",2.83000000,836.00,6.54626058000,
"Kepler-27 d",2.83000000,836.00,6.54626058000,
"Kepler-262 b",1.45000000,734.00,13.06079360000,
"Kepler-263 c",2.40000000,418.00,47.33302620000,
"Kepler-763 b",1.22000000,1419.00,1.19655156000,
"Kepler-22 b",2.34000000,257.00,289.86406700000,
"Kepler-22 b",2.10000000,250.00,289.86220000000,
"Kepler-138 d",1.52000000,335.00,23.08901839000,
"Kepler-338 c",2.30000000,831.00,24.31100310000,
"Kepler-338 d",2.80000000,680.00,44.43013610000,
"Kepler-341 d",1.96000000,627.00,27.66659710000,
"Kepler-238 f",2.67000000,568.00,50.44674170000,
"Kepler-783 b",0.93000000,1218.00,4.29264638000,
"Kepler-784 c",1.65000000,871.00,17.15714000000,
"Kepler-279 d",3.10000000,607.00,54.39950000000,
"Kepler-283 c",38.67000000,321.00,92.74902300000,
"Kepler-58 e",1.61000000,1212.00,4.45814897000,
"Kepler-101 b",4.36000000,1291.00,3.48768942800,
"Kepler-87 c",4.96000000,259.00,573.95023000000,
"Kepler-87 c",4.96000000,259.00,573.95023000000,
"Kepler-896 b",2.60000000,304.00,144.54739600000,
"Kepler-1869 b",2.07000000,1263.00,8.16735028000,
"Kepler-445 b",1.41000000,426.00,2.98415346900,
"Kepler-1321 c",3.26000000,935.00,2.22649108600,
"Kepler-1321 c",2.10000000,697.00,2.22649619600,
"Kepler-402 e",1.44000000,931.00,11.24284815000,
"Kepler-402 d",1.27000000,1006.00,8.92114318000,
"Kepler-403 c",1.35000000,529.00,54.28091000000,
"Kepler-1336 c",1.28000000,924.00,5.77721300000,
"Kepler-446 d",2.44000000,489.00,5.14892890000,
"Kepler-446 d",1.72000000,436.00,5.14892346000,
"Kepler-446 d",2.44000000,489.00,5.14892890000,
"Kepler-127 b",1.46000000,890.00,14.43594397000,
"Kepler-1370 c",1.20000000,1108.00,7.44142113000,
"Kepler-1371 c",0.53000000,1216.00,2.00541269000,
"Kepler-1888 b",1.13000000,1011.00,11.39170568000,
"Kepler-1143 c",3.21000000,230.00,210.63059100000,
"Kepler-1491 c",1.62000000,449.00,61.56946200000,
"Kepler-649 b",2.46000000,606.00,29.90722674000,
"Kepler-649 b",2.80000000,663.00,29.90757000000,
"Kepler-475 b",2.68000000,980.00,3.10550783500,
"Kepler-540 b",3.13000000,376.00,172.70497840000,
"Kepler-1644 b",1.88000000,606.00,21.09079090000,
"Kepler-253 c",2.53000000,680.00,10.28194593000,
"Kepler-176 e",1.54000000,429.00,51.16579000000,
"Kepler-560 b",1.57000000,270.00,18.47764449000,
"Kepler-191 d",2.20000000,805.00,5.94505300000,
"Kepler-191 d",2.26000000,832.00,5.94504101700,
"Kepler-972 b",4.29000000,1063.00,7.03932553000,
"Kepler-1020 b",2.01000000,313.00,96.91514960000,
"Kepler-936 b",1.92000000,867.00,10.56134221000,
"Kepler-939 b",1.63000000,692.00,14.87839450000,
"Kepler-1760 b",1.83000000,473.00,38.32621800000,
"Kepler-951 b",5.76000000,340.00,71.52543938000,
"Kepler-1070 b",1.72000000,1218.00,6.22163200000,
"Kepler-1136 b",1.53000000,922.00,2.36172447200,
"Kepler-1141 b",0.86000000,1490.00,2.34451194400,
"Kepler-1147 b",2.16000000,871.00,10.62879000000,
"Kepler-1813 b",1.30000000,1059.00,2.81814715000,
"Kepler-60 b",1.97000000,1202.00,7.13294363000,
"Kepler-1214 b",2.49000000,591.00,18.82634264000,
"Kepler-1655 b",2.53000000,899.00,11.87291400000,
"Kepler-1225 b",1.57000000,1046.00,7.01075434000,
"Kepler-1858 b",2.27000000,325.00,88.07126960000,
"Kepler-1994 b",0.51000000,1032.00,4.61225043000,
"Kepler-1349 b",0.69000000,1678.00,2.12823928000,
"Kepler-1354 b",2.70000000,468.00,76.61470000000,
"Kepler-363 b",1.61000000,1577.00,3.61460900000,
"Kepler-305 e",1.83000000,1023.00,3.20539833000,
"Kepler-330 b",1.31000000,710.00,8.25981532000,
"Kepler-331 d",1.92000000,345.00,32.13407370000,
"Kepler-288 d",3.68000000,570.00,56.63791800000,
"Kepler-1393 b",0.73000000,1272.00,2.44356400000,
"Kepler-305 b",3.24000000,836.00,5.48711441000,
"Kepler-306 c",2.56000000,774.00,7.24013600000,
"Kepler-107 e",2.90300000,955.00,14.74914300000,
"Kepler-897 b",2.17000000,867.00,8.04732000000,
"Kepler-898 b",1.37000000,613.00,5.87071900000,
"Kepler-904 b",1.31000000,1332.00,3.02168007000,
"Kepler-905 b",1.47000000,960.00,5.08274651700,
"Kepler-278 c",3.36000000,696.00,51.07575600000,
"Kepler-278 c",3.36000000,696.00,51.07575600000,
"Kepler-56 b",5.68000000,1378.00,10.50077120000,
"Kepler-1394 b",0.75000000,1579.00,3.93766373000,
"Kepler-1395 b",1.18000000,1747.00,3.78470649000,
"Kepler-1398 c",0.84000000,1211.00,4.13827595000,
"Kepler-1404 b",1.89000000,606.00,15.93147390000,
"Kepler-1406 b",1.36000000,889.00,11.62909600000,
"Kepler-1407 b",2.16000000,736.00,20.07115040000,
"Kepler-209 c",4.03000000,507.00,41.74999000000,
"Kepler-1894 c",1.21000000,1007.00,5.05368985000,
"Kepler-1413 b",1.92000000,661.00,13.18296420000,
"Kepler-30 b",1.37000000,544.00,29.16470000000,
"Kepler-131 c",0.77000000,600.00,25.51706460000,
"Kepler-131 c",0.77000000,600.00,25.51706460000,
"Kepler-156 c",2.51000000,579.00,15.90686437000,
"Kepler-1983 b",88.52000000,797.00,7.32849062000,
"Kepler-1897 b",2.40000000,511.00,24.22045860000,
"Kepler-1898 b",0.92000000,1167.00,4.76559056000,
"Kepler-431 b",0.76400000,1032.00,6.80300000000,
"Kepler-1429 b",1.49000000,1184.00,4.48490400000,
"Kepler-1431 b",1.46000000,1064.00,5.86601526000,
"Kepler-1435 b",0.90000000,1331.00,4.45342418000,
"Kepler-1436 b",2.07000000,1001.00,9.70569300000,
"Kepler-1910 b",0.99000000,645.00,5.68879083000,
"Kepler-1726 b",2.44000000,630.00,18.39628156000,
"Kepler-612 b",2.42000000,1051.00,3.72215641300,
"Kepler-31 b",5.50000000,781.00,20.86021229000,
"Kepler-735 b",2.70000000,612.00,11.51509300000,
"Kepler-613 b",2.19000000,713.00,15.77979614000,
"Kepler-563 b",3.33000000,546.00,22.18432708000,
"Kepler-563 b",3.18000000,546.00,22.18431824000,
"Kepler-563 b",3.33000000,546.00,22.18432708000,
"Kepler-217 b",1.81000000,1377.00,5.37493491000,
"Kepler-1568 b",1.38000000,730.00,20.92539200000,
"Kepler-577 b",1.68000000,315.00,25.69578251000,
"Kepler-1441 b",1.11000000,492.00,39.44198390000,
"Kepler-199 b",3.80000000,709.00,23.63688300000,
"KOI-351 f",2.46000000,406.00,124.91633700000,
"Kepler-1627 b",3.15000000,794.00,7.20283653000,
"Kepler-711 b",3.16000000,487.00,23.58917143000,
"Kepler-716 b",2.79000000,669.00,10.37168453000,
"Kepler-174 b",1.88000000,507.00,13.98177228000,
"Kepler-294 b",1.79000000,1162.00,3.70120482000,
"Kepler-296 d",1.65000000,293.00,19.85028393000,
"Kepler-297 c",6.39000000,409.00,74.92768653000,
"Kepler-509 b",2.40000000,584.00,41.74598855000,
"Kepler-282 e",2.59000000,515.00,44.34709950000,
"Kepler-284 c",2.34000000,483.00,37.51391000000,
"Kepler-286 c",1.47000000,1186.00,3.46808239000,
"Kepler-119 c",0.88000000,1016.00,4.12511935000,
"Kepler-529 c",2.06000000,845.00,12.83404000000,
"Kepler-157 b",1.27000000,1512.00,1.73234549100,
"Kepler-176 b",1.41000000,906.00,5.43312169000,
"Kepler-193 c",2.85000000,558.00,50.69844480000,
"Kepler-647 b",1.15000000,770.00,16.22546490000,
"Kepler-232 c",3.74000000,784.00,11.37938071000,
"Kepler-235 d",1.99000000,350.00,20.06037454000,
"Kepler-53 d",2.76000000,870.00,9.75192101000,
"Kepler-53 d",2.44000000,869.00,9.75193182000,
"Kepler-249 b",0.96000000,562.00,3.30656910000,"M2 V"
"Kepler-249 b",1.09000000,561.00,3.30654897800,
"Kepler-255 d",1.37000000,1628.00,1.04562265800,
"Kepler-549 c",2.68000000,349.00,117.03352100000,
"Kepler-549 c",2.99000000,336.00,117.04049800000,
"Kepler-164 b",1.45000000,1231.00,5.03506543000,
"Kepler-164 b",1.45000000,1231.00,5.03506543000,
"Kepler-169 b",1.19000000,962.00,3.25058201000,
"Kepler-171 d",1.84000000,483.00,39.60275510000,
"Kepler-191 b",1.34000000,701.00,9.93967857000,
"Kepler-1438 b",1.24000000,1490.00,2.31941571000,
"Kepler-1441 b",2.51000000,682.00,39.44207810000,
"Kepler-135 c",1.32000000,975.00,11.44865823000,
"Kepler-135 c",1.07000000,954.00,11.44859460000,
"Kepler-1717 b",2.38000000,771.00,30.65293730000,
"Kepler-149 c",1.66000000,429.00,55.32858130000,
"Kepler-197 e",0.89000000,693.00,25.20998450000,
"Kepler-198 d",1.38000000,1539.00,1.31184443000,
"Kepler-62 c",0.59000000,569.00,12.44168710000,
"Kepler-62 f",1.41000000,208.00,267.29100000000,"K2 V"
"Kepler-1541 b",1.95000000,1048.00,8.40693068000,
"Kepler-372 d",2.44000000,692.00,30.09048770000,
"Kepler-1546 b",3.40000000,671.00,19.59749710000,
"Kepler-1546 b",3.40000000,671.00,19.59749710000,
"Kepler-1938 b",1.36000000,527.00,13.06243545000,
"Kepler-1548 b",2.31000000,342.00,124.82867900000,
"Kepler-1550 b",2.65000000,312.00,225.58280900000,
"Kepler-614 b",2.90000000,661.00,14.03483200000,
"Kepler-738 b",2.50000000,538.00,24.58719000000,
"Kepler-258 b",4.12000000,641.00,13.19721496000,
"Kepler-564 b",4.74000000,1129.00,3.75083228500,
"Kepler-653 b",1.75000000,753.00,14.70748976000,
"Kepler-178 b",2.83000000,881.00,9.57666498000,
"Kepler-148 d",8.95000000,416.00,51.84688575000,
"Kepler-433 b",7.93000000,1149.00,5.33408346000,
"Kepler-655 b",2.48000000,574.00,46.40633580000,
"Kepler-39 b",14.77000000,873.00,21.08719422000,
"Kepler-347 d",3.04000000,482.00,85.51734400000,
"Kepler-658 b",1.42000000,860.00,1.28707676200,
"Kepler-165 b",2.25000000,759.00,8.18089600000,
"Kepler-662 b",1.54000000,430.00,21.67697486000,
"Kepler-593 b",2.97000000,706.00,21.21712312000,
"Kepler-186 b",0.97000000,571.00,3.88679500100,
"Kepler-62 e",1.72000000,269.00,122.38586810000,
"Kepler-32 e",1.04000000,650.00,2.89602900000,"M1 V"
"Kepler-223 b",2.42000000,1042.00,7.38443269000,
"Kepler-26 d",1.23000000,646.00,3.54391789500,
"Kepler-26 d",1.21000000,652.00,3.54391970200,
"Kepler-148 b",1.87000000,1291.00,1.72936646700,
"Kepler-167 c",1.37000000,678.00,7.40611676000,
"Kepler-33 e",3.66000000,752.00,31.78476785000,
"Kepler-224 b",1.39000000,937.00,3.13295351000,
"Kepler-224 b",1.52000000,990.00,3.13294300000,
"Kepler-238 c",1.88000000,980.00,6.15555756000,
"Kepler-82 e",2.55000000,970.00,5.90224692100,
"Kepler-83 c",2.36000000,450.00,20.08976000000,
"Kepler-251 b",1.80000000,1151.00,4.79091735000,
"Kepler-42 d",0.69000000,456.00,1.86511477000,
"Kepler-1731 b",2.48000000,498.00,21.76129394000,
"Kepler-912 b",2.02000000,1218.00,2.53475568000,
"Kepler-1942 b",1.60000000,1011.00,4.62602724600,
"Kepler-430 c",1.75000000,458.00,110.97900000000,
"Kepler-1552 b",2.17000000,251.00,184.77185300000,
"Kepler-1162 c",1.79000000,418.00,59.28415710000,
"Kepler-154 f",1.26000000,806.00,9.91935684000,
"Kepler-1564 b",1.39000000,623.00,18.05403810000,
"Kepler-146 b",3.40000000,648.00,31.15857000000,
"Kepler-1569 b",1.25000000,1124.00,5.79180156000,
"Kepler-1571 b",1.61000000,1476.00,3.38555488000,
"Kepler-157 c",2.17000000,779.00,13.54057461000,
"Kepler-1245 c",1.64000000,1189.00,2.93658468100,
"Kepler-1254 d",1.35000000,817.00,5.72717226000,
"Kepler-390 c",0.81000000,630.00,13.06004220000,
"Kepler-1580 b",1.19000000,550.00,56.64492790000,
"Kepler-48 b",1.89000000,922.00,4.77800402800,
"Kepler-656 b",2.60000000,1408.00,1.26025480000,
"Kepler-623 b",2.94000000,825.00,9.07098164000,
"K2-417 b",3.31000000,558.00,6.53500000000,"M V"
"K2-326 b",2.28000000,1114.00,1.25600000000,
"HD 224018 b",0.91000000,968.00,10.64130000000,"G V"
"Kepler-312 c",2.85000000,763.00,19.74746900000,
"Kepler-910 b",0.81000000,1723.00,2.36436901500,
"Kepler-408 b",0.78000000,1606.00,2.46503100000,
"Kepler-1712 b",1.99000000,385.00,13.81505213000,
"Kepler-928 b",1.80000000,894.00,3.93246130200,
"Kepler-931 b",1.35000000,744.00,8.03755877000,
"Kepler-1650 b",0.75000000,582.00,1.53818152800,
"Kepler-1670 b",2.50000000,734.00,20.49983730000,
"Kepler-316 c",1.41000000,579.00,6.82781800000,
"Kepler-1766 b",2.29000000,406.00,105.01457740000,
"Kepler-938 b",2.08000000,436.00,52.62984170000,
"Kepler-940 b",3.63000000,486.00,59.62226270000,
"Kepler-941 b",3.49000000,722.00,17.42395198000,
"Kepler-1586 b",1.95000000,1109.00,15.60492120000,
"Kepler-436 b",1.90000000,271.00,64.00115100000,
"Kepler-436 b",1.90000000,271.00,64.00115100000,
"Kepler-544 b",2.09000000,748.00,21.41624083000,
"Kepler-1594 b",1.05000000,1360.00,2.71603664000,
"Kepler-1595 b",1.28000000,980.00,4.56380468000,
"Kepler-403 d",1.09000000,833.00,13.61159129000,
"Kepler-1953 b",1.11000000,739.00,6.24563503000,
"Kepler-1597 b",0.91000000,1499.00,2.94654179000,
"Kepler-687 b",3.62000000,518.00,20.50586978000,
"Kepler-165 b",2.46000000,746.00,8.18086953000,
"Kepler-195 b",2.15000000,751.00,8.30783912000,
"Kepler-1724 b",2.48000000,999.00,6.45442931000,
"Kepler-153 b",2.87000000,621.00,18.87021566000,
"Kepler-552 b",3.86000000,1100.00,5.26341576500,
"K2-52 b",18.00000000,2004.00,3.53505500000,
"K2-37 b",1.61000000,974.00,4.44117000000,"G3 V"
"K2-53 b",2.60000000,665.00,12.20772000000,
"Kepler-1759 b",1.03000000,954.00,3.72020177000,
"Kepler-921 b",2.90000000,492.00,51.30063400000,
"Kepler-943 b",5.36000000,457.00,49.77014380000,
"Kepler-1024 b",3.30000000,352.00,66.41590000000,
"Kepler-967 b",2.42000000,649.00,13.22712300000,
"Kepler-967 b",1.86000000,581.00,13.22713379000,
"Kepler-49 c",2.63000000,429.00,10.91274807000,
"Kepler-48 c",2.61000000,729.00,9.67395347400,
"Kepler-1042 b",1.73000000,574.00,10.13202575000,
"Kepler-11 d",3.20000000,653.00,22.68715500000,
"Kepler-1017 b",3.08000000,1047.00,7.23400469000,
"Kepler-20 d",2.62000000,397.00,77.61159870000,
"Kepler-20 d",2.74400000,401.00,77.61130017000,
"Kepler-1612 b",0.94000000,1030.00,3.91794676000,
"Kepler-444 f",0.51000000,620.00,9.74048418000,
"Kepler-444 b",0.31000000,863.00,3.60010615500,
"Kepler-1960 b",0.98000000,1547.00,2.29794819000,
"Kepler-1960 b",0.97000000,1524.00,2.29792825000,
"Kepler-236 c",1.85000000,325.00,23.96799320000,
"Kepler-168 c",2.79000000,870.00,13.19320920000,
"Kepler-1963 b",0.83000000,1448.00,1.96227924000,
"Kepler-441 b",1.56000000,189.00,207.24785000000,
"Kepler-630 b",4.79000000,440.00,161.47439370000,
"Kepler-579 b",1.70000000,730.00,9.66857723000,
"Kepler-1966 b",0.80000000,668.00,8.61735417000,
"Kepler-691 b",2.14000000,466.00,8.11437900000,
"Kepler-665 b",2.70000000,553.00,16.01285000000,
"Kepler-592 b",2.17000000,1326.00,2.82019240800,
"K2-62 b",2.02000000,666.00,6.67199000000,
"Kepler-118 c",6.24000000,564.00,20.17202467200,
"Kepler-570 b",2.42000000,1009.00,4.30165843000,
"Kepler-1976 b",11.88000000,1128.00,4.95931945100,
"Kepler-666 b",2.50000000,1126.00,4.49884000000,
"K2-54 b",2.61169250,560.00,9.78330000000,
"Kepler-571 b",2.49000000,980.00,4.79859938800,
"K2-146 b",2.15000000,534.00,2.64466100000,
"Kepler-1774 b",2.88000000,522.00,59.77114370000,
"Kepler-1675 b",2.73000000,493.00,63.03811210000,
"Kepler-1675 b",2.80000000,465.00,63.03814000000,
"Kepler-20 b",2.11000000,1095.00,3.69611967500,
"Kepler-338 b",2.38000000,1005.00,13.72710334000,
"Kepler-950 b",6.97000000,363.00,98.71804060000,
"Kepler-26 c",2.94000000,449.00,17.25104800000,
"Kepler-948 b",1.79000000,900.00,7.76846622000,
"Kepler-1057 b",2.75000000,724.00,14.08827448000,
"Kepler-988 b",2.04000000,400.00,17.76066900000,
"Kepler-1021 b",2.07000000,643.00,13.47469571000,
"Kepler-1027 b",1.90000000,1859.00,1.90780519900,
"Kepler-1676 b",2.10000000,608.00,29.92209100000,
"Kepler-1778 b",2.92000000,955.00,10.08746035000,
"Kepler-1025 b",1.64000000,568.00,37.32294930000,
"Kepler-985 b",4.20000000,362.00,116.33223000000,
"Kepler-1010 b",2.47000000,498.00,34.26857050000,
"Kepler-1038 b",3.27000000,293.00,148.46033820000,
"Kepler-993 b",2.22000000,301.00,22.08557563000,
"Kepler-349 b",1.92000000,972.00,5.92972237000,
"Kepler-1620 b",1.36000000,428.00,101.95182900000,
"Kepler-1967 b",1.85000000,1087.00,7.28170196000,
"Kepler-1968 b",1.40000000,744.00,7.28116667000,
"Kepler-1968 b",1.42000000,743.00,7.28122373000,
"Kepler-117 b",8.05900000,984.00,18.79592280000,"F8 V"
"Kepler-1619 b",0.76000000,679.00,23.62259130000,
"Kepler-692 b",3.38000000,639.00,21.81295996000,
"KOI-4777.01",0.42000000,746.00,0.82400012500,
"Kepler-693 b",10.45000000,576.00,15.37563332000,
"K2-349 b",1.38000000,518.00,9.03217800000,
"Kepler-673 b",6.02000000,1023.00,3.72873214700,
"Kepler-678 b",4.30000000,782.00,7.27502600000,
"Kepler-595 c",1.11000000,679.00,12.38604740000,
"Kepler-231 c",1.93000000,406.00,19.27147000000,
"Kepler-197 c",1.40000000,942.00,10.34967800000,
"Kepler-679 b",2.69000000,680.00,12.39358604000,
"Kepler-155 b",2.01000000,562.00,5.93119656200,
"Kepler-1704 b",10.81000000,223.00,988.88111770000,
"Kepler-596 b",3.22000000,735.00,21.30003000000,
"Kepler-11 c",2.94000000,786.00,13.02492819000,
"Kepler-330 c",2.21000000,570.00,15.95545002000,
"Kepler-1003 b",1.29000000,1157.00,3.55485633800,
"Kepler-1045 b",2.40000000,514.00,26.41045478000,
"Kepler-335 b",3.07000000,1290.00,6.56226483000,
"Kepler-1058 b",2.12000000,239.00,110.96546000000,
"Kepler-958 b",2.51000000,848.00,9.76788050000,
"Kepler-127 c",2.42000000,702.00,29.39326982000,
"Kepler-962 b",1.96000000,689.00,12.05705659000,
"Kepler-479 b",2.01000000,642.00,12.49341307000,
"Kepler-982 b",2.87000000,978.00,15.77382210000,
"Kepler-982 b",2.43000000,758.00,15.77378000000,
"Kepler-960 b",5.46000000,1392.00,3.12686223000,
"Kepler-1056 b",2.32000000,590.00,27.49560600000,
"Kepler-1000 b",4.67000000,501.00,120.01812720000,
"Kepler-334 c",1.37000000,791.00,12.75802811000,
"Kepler-337 c",1.76000000,1004.00,9.69315566000,
"Kepler-1043 b",2.54000000,532.00,38.50533980000,
"Kepler-1001 b",3.05000000,693.00,14.30517579000,
"Kepler-957 b",5.04000000,769.00,5.90741353700,
"Kepler-956 b",2.69000000,1106.00,5.24867263100,
"Kepler-991 b",2.29000000,252.00,82.53425190000,
"Kepler-973 b",1.84000000,406.00,49.60773310000,
"Kepler-1036 b",2.91000000,336.00,122.88080580000,
"Kepler-1061 b",2.24000000,1553.00,2.75798266600,
"Kepler-1113 b",2.30000000,518.00,42.30020000000,
"Kepler-1912 b",1.86000000,1221.00,6.05922662000,
"Kepler-1443 b",0.85000000,1602.00,2.41810158000,
"Kepler-1449 b",1.94000000,867.00,13.22747530000,
"Kepler-150 c",3.70000000,922.00,7.38197725400,
"Kepler-1914 b",2.76000000,585.00,30.82779260000,
"Kepler-1459 b",1.96000000,349.00,62.86946300000,
"Kepler-1460 b",1.89000000,391.00,29.96332470000,
"Kepler-1463 b",1.83000000,619.00,25.15864000000,
"Kepler-1468 d",1.70000000,687.00,19.59061670000,
"Kepler-132 e",1.14000000,404.00,110.28693740000,
"Kepler-1474 b",2.44000000,606.00,36.43334520000,
"Kepler-1478 b",1.40000000,598.00,26.08405940000,
"Kepler-1696 b",2.33000000,454.00,65.94078690000,
"Kepler-80 c",2.16000000,494.00,9.52169991000,"M0 V"
"Kepler-202 c",2.04000000,531.00,16.28248353000,
"Kepler-234 c",3.40000000,990.00,7.21203100000,
"KOI-7913 b",2.03000000,432.00,24.27838010000,
"Kepler-172 c",2.35000000,968.00,6.38901755000,
"Kepler-245 d",3.50000000,485.00,36.27594657000,
"Kepler-81 c",2.45000000,513.00,12.03990100000,
"Kepler-81 c",1.87000000,428.00,12.03991407000,
"Kepler-712 c",4.53000000,236.00,226.89047750000,
"Kepler-186 d",1.53000000,383.00,13.34300789000,
"Kepler-251 d",3.14000000,536.00,30.13292980000,
"Kepler-192 c",2.27000000,580.00,21.22347296000,
"Kepler-100 c",2.28000000,946.00,12.81588378000,
"GJ 1214 b",2.74000000,547.00,1.58040487000,
"GJ 1214 b",2.74200000,596.00,1.58040433000,"M4 V"
"HR 8799 d",10.08810000,1300.00,,
"HD 3167 b",1.70000000,1608.00,0.95964100000,
"HD 3167 b",1.70000000,1669.00,0.95962400000,
"HD 3167 c",3.00000000,564.00,29.84540000000,
